pair_id,iteration_id,success,planning_time_ms,total_time_ms,num_raw_points,num_smoothed_points,num_final_points,path_length,start_x,start_y,goal_x,goal_y,air_distance
0,0,1,32.69,32.71,13,13,30,59.971,219,1375,421,323,42.849
1,0,1,9.79,9.80,17,12,28,65.005,439,34,135,1235,49.555
2,0,1,0.25,0.26,11,5,16,39.979,338,956,572,167,32.919
3,0,1,1.99,2.00,17,12,31,69.533,420,1302,33,19,53.604
4,0,1,0.08,0.09,8,6,22,56.542,409,1127,190,19,45.177
5,0,1,0.16,0.17,12,9,21,48.050,264,278,237,1032,30.179
6,0,1,0.68,0.68,10,7,20,45.356,410,804,335,22,31.424
7,0,1,1.61,1.62,16,13,27,61.400,353,932,552,28,37.026
8,0,1,0.48,0.48,14,12,31,72.451,251,1148,407,51,44.321
9,0,1,1.47,1.47,9,9,20,40.544,385,125,349,922,31.913
10,0,1,0.07,0.08,8,6,23,59.745,145,131,267,1199,42.998
11,0,1,1.13,1.14,17,15,31,64.754,595,949,79,58,41.185
12,0,1,1.02,1.03,13,11,36,87.638,546,61,195,869,35.238
13,0,1,0.02,0.02,5,4,15,37.458,468,265,394,1194,37.278
14,0,1,1.03,1.04,13,8,18,41.984,461,701,42,60,30.632
15,0,1,3.73,3.74,12,11,23,46.352,381,1145,566,256,36.322
16,0,1,0.43,0.44,9,7,17,39.014,532,1087,173,385,31.539
17,0,1,0.36,0.37,12,11,26,57.909,400,1089,355,55,41.399
18,0,1,1.01,1.02,18,14,30,66.250,46,1330,505,356,43.069
19,0,1,2.75,2.76,15,13,24,51.737,91,54,555,695,31.653
20,0,1,2.60,2.61,9,7,18,38.457,382,409,336,1316,36.327
21,0,1,21.84,21.85,23,17,29,56.708,390,262,117,1255,41.194
22,0,1,51.54,51.55,26,19,32,55.122,70,46,145,1265,48.852
23,0,1,49.72,49.74,25,19,37,64.601,21,1135,86,376,30.471
24,0,1,20.47,20.48,15,10,23,48.956,417,172,502,1260,43.653
25,0,1,6.01,6.02,29,23,47,103.438,87,21,69,939,36.727
26,0,1,0.28,0.28,11,8,20,44.159,208,281,359,1160,35.675
27,0,1,0.45,0.45,10,8,17,38.548,280,150,459,895,30.648
28,0,1,1.57,1.58,16,14,29,57.898,192,1353,443,531,34.379
29,0,1,0.02,0.02,6,3,17,43.789,191,1187,466,252,38.984
30,0,1,0.04,0.04,7,5,23,57.458,152,38,498,991,40.555
31,0,1,4.13,4.14,20,15,34,73.041,538,1314,132,119,50.483
32,0,1,1.68,1.69,14,11,29,61.043,103,1215,151,303,36.530
33,0,1,0.11,0.12,8,7,20,44.352,394,203,388,1029,33.041
34,0,1,0.33,0.34,10,9,25,59.689,133,1108,504,379,32.719
35,0,1,0.02,0.02,8,5,18,43.567,443,297,265,1325,41.732
36,0,1,0.66,0.67,16,10,24,57.339,292,111,497,1122,41.263
37,0,1,30.13,30.14,23,16,39,82.293,40,32,440,1350,55.094
38,0,1,1.19,1.20,19,12,26,58.847,57,481,324,1219,31.393
39,0,1,1.16,1.17,21,14,36,81.985,197,1336,88,581,30.513
40,0,1,2.50,2.50,19,12,27,63.387,151,1064,609,390,32.595
41,0,1,0.46,0.47,22,17,36,78.063,514,174,415,1229,42.385
42,0,1,5.12,5.13,22,17,35,80.165,198,1270,256,25,49.854
43,0,1,0.02,0.02,6,4,20,51.207,215,61,352,1310,50.260
44,0,1,82.61,82.62,19,15,28,51.441,359,248,66,1121,36.834
45,0,1,0.05,0.06,6,6,16,34.267,217,410,189,1241,33.259
46,0,1,0.04,0.05,12,7,27,68.801,609,53,334,1324,52.016
47,0,1,0.18,0.19,13,11,31,69.739,317,60,508,1023,39.270
48,0,1,2.48,2.49,24,16,32,66.692,619,384,451,1149,31.329
49,0,1,0.71,0.72,16,9,33,81.172,505,19,381,966,38.203
50,0,1,1.85,1.86,17,13,29,63.067,289,1264,116,399,35.285
51,0,1,0.94,0.95,18,14,29,63.081,538,1312,387,255,42.709
52,0,1,0.57,0.58,17,10,22,46.070,64,934,471,187,34.027
53,0,1,0.17,0.18,11,8,26,64.502,591,41,444,855,33.087
54,0,0,500.01,500.01,0,0,0,0.000,270,1223,600,197,43.111
55,0,1,0.23,0.24,12,11,28,65.751,551,12,361,1137,45.637
56,0,1,8.89,8.90,19,16,37,75.647,586,32,410,1271,50.058
57,0,1,2.53,2.54,23,11,31,73.396,521,344,572,1202,34.381
58,0,1,0.16,0.17,12,10,30,67.907,444,1327,219,128,48.797
59,0,1,0.34,0.35,16,10,27,61.976,104,110,411,1232,46.530
60,0,1,0.09,0.09,8,8,24,58.021,394,1135,308,38,44.015
61,0,1,0.33,0.34,15,11,33,73.258,505,1103,47,214,40.002
62,0,1,0.59,0.59,13,9,25,59.853,55,21,536,782,36.011
63,0,0,500.01,500.01,0,0,0,0.000,296,1120,255,339,31.283
64,0,1,0.11,0.12,12,7,26,64.715,106,108,264,1198,44.056
65,0,1,13.26,13.27,17,11,26,56.472,129,223,620,1203,43.845
66,0,1,0.69,0.69,12,8,26,60.402,500,481,250,1236,31.813
67,0,1,2.16,2.17,14,13,32,69.977,608,1211,106,91,49.094
68,0,1,1.86,1.87,20,15,31,64.962,27,1321,238,26,52.483
69,0,1,1.02,1.03,13,11,29,64.098,440,1278,165,51,50.298
70,0,1,2.35,2.36,15,6,20,52.286,249,1200,217,197,40.140
71,0,1,0.95,0.95,12,9,23,49.452,256,26,171,1083,42.416
72,0,1,0.46,0.46,11,9,18,36.587,139,892,191,102,31.668
73,0,1,8.04,8.05,22,18,40,80.106,41,15,344,770,32.541
74,0,1,0.05,0.06,9,6,21,53.313,89,241,471,991,33.667
75,0,1,2.53,2.54,20,13,27,56.982,610,1023,172,167,38.462
76,0,1,36.38,36.39,27,19,36,69.220,21,52,559,1197,50.604
77,0,1,1.69,1.70,14,10,22,43.636,355,411,224,1210,32.387
78,0,1,0.05,0.05,6,5,16,36.564,206,856,304,21,33.629
79,0,1,2.49,2.50,23,15,27,55.418,107,817,613,91,35.397
80,0,1,154.23,154.24,21,17,30,51.638,348,247,153,1227,39.968
81,0,0,500.01,500.01,0,0,0,0.000,235,1040,568,208,35.847
82,0,1,2.96,2.97,19,14,31,71.289,34,1332,327,205,46.579
83,0,1,2.84,2.85,19,15,34,73.803,284,1237,143,113,45.312
84,0,1,1.36,1.37,18,12,25,52.296,77,1205,563,326,40.176
85,0,1,0.08,0.08,10,9,22,48.089,454,304,213,1074,32.273
86,0,1,0.09,0.10,9,6,20,47.889,374,204,462,1154,38.163
87,0,1,1.01,1.02,20,11,27,64.169,139,487,444,1288,34.284
88,0,1,0.16,0.17,19,12,31,77.405,591,46,163,1154,47.512
89,0,1,0.01,0.01,4,4,15,35.874,374,1205,444,317,35.630
90,0,1,42.12,42.13,25,16,31,63.102,604,138,101,1257,49.074
91,0,1,4.66,4.66,15,11,24,49.757,170,351,451,1382,42.744
92,0,1,0.01,0.02,4,4,14,33.355,459,517,333,1321,32.553
93,0,1,0.08,0.08,12,5,18,41.676,485,165,279,1105,38.492
94,0,1,0.13,0.13,11,6,20,48.556,281,1345,173,403,37.927
95,0,1,0.60,0.60,13,10,25,57.437,142,1334,424,174,47.751
96,0,1,0.05,0.06,8,7,20,46.289,362,1128,189,214,37.209
97,0,1,0.05,0.05,9,8,26,60.510,92,51,429,1063,42.665
98,0,1,0.09,0.10,9,6,23,56.750,364,185,248,1043,34.632
99,0,1,89.00,89.01,12,12,25,48.383,69,1126,176,335,31.928
100,0,1,1.77,1.78,18,15,29,63.555,145,361,492,1317,40.681
101,0,1,12.06,12.07,32,23,38,68.358,57,1213,516,405,37.171
102,0,1,0.02,0.02,7,5,21,52.687,395,928,409,17,36.444
103,0,1,0.36,0.36,12,8,25,59.114,528,12,521,847,33.401
104,0,1,26.51,26.52,25,16,30,58.504,168,31,421,1302,51.837
105,0,1,6.71,6.72,27,18,28,54.241,389,145,30,959,35.586
106,0,1,0.06,0.06,6,5,19,44.412,371,1329,469,237,43.856
107,0,1,0.29,0.30,12,6,19,46.468,514,108,273,1181,43.989
108,0,1,6.37,6.38,30,18,29,62.174,75,27,602,575,30.411
109,0,1,2.06,2.07,18,13,29,61.576,127,1190,504,18,49.246
110,0,1,26.74,26.75,29,18,40,81.707,501,456,530,1263,32.301
111,0,1,0.05,0.05,6,5,14,34.382,90,883,204,111,31.215
112,0,1,0.19,0.20,15,10,28,64.829,594,256,399,1108,34.961
113,0,1,0.23,0.24,16,12,39,92.128,189,1364,616,59,54.923
114,0,0,500.01,500.01,0,0,0,0.000,413,1159,577,209,38.562
115,0,1,1.12,1.13,18,11,29,71.771,90,1210,319,29,48.120
116,0,1,3.00,3.01,27,19,40,85.397,573,1128,384,193,38.156
117,0,1,14.62,14.63,13,12,26,52.817,517,337,55,1029,33.282
118,0,1,0.17,0.18,11,9,21,49.857,387,96,185,881,32.423
119,0,1,3.87,3.88,19,15,30,54.668,492,1239,446,368,34.889
120,0,1,0.69,0.70,16,15,33,70.957,303,197,427,1377,47.460
121,0,1,0.44,0.45,19,14,27,60.700,608,379,269,1124,32.740
122,0,1,0.51,0.51,15,10,23,51.289,304,12,526,751,30.865
123,0,1,9.92,9.93,23,17,23,36.996,481,160,520,950,31.638
124,0,1,0.02,0.02,6,4,16,39.778,199,1238,432,346,36.877
125,0,1,2.56,2.56,12,10,19,39.576,161,1322,333,532,32.340
126,0,1,0.21,0.22,14,9,24,53.780,101,399,386,1110,30.640
127,0,1,1.21,1.22,13,9,22,51.996,271,1201,300,195,40.257
128,0,1,0.51,0.52,13,12,24,53.820,70,1331,453,402,40.194
129,0,1,1.02,1.03,13,10,25,55.198,245,189,512,1255,43.957
130,0,1,0.34,0.35,18,13,30,66.767,245,27,363,1174,46.122
131,0,1,5.01,5.03,23,19,39,76.948,72,1211,119,47,46.598
132,0,1,0.13,0.13,9,5,23,58.270,450,1271,215,24,50.758
133,0,1,0.02,0.02,6,6,20,48.408,451,311,214,1054,31.195
134,0,1,0.09,0.10,11,6,26,63.219,295,1247,577,28,50.048
135,0,1,0.85,0.85,10,9,21,46.321,221,924,347,44,35.559
136,0,1,0.06,0.07,9,8,26,60.586,347,1328,562,351,40.015
137,0,1,0.09,0.09,9,6,16,37.877,277,1152,454,378,31.759
138,0,1,0.01,0.02,5,4,14,31.673,187,359,281,1137,31.346
139,0,1,8.54,8.55,18,13,28,62.351,548,1259,57,396,39.716
140,0,1,0.02,0.03,5,3,16,40.222,235,1062,205,63,39.978
141,0,1,0.04,0.04,6,6,21,48.229,124,1325,198,172,46.215
142,0,1,0.06,0.06,9,8,23,53.229,370,1203,98,326,36.728
143,0,0,500.01,500.01,0,0,0,0.000,222,1345,388,312,41.850
144,0,1,0.18,0.19,11,8,20,48.158,251,1037,397,195,34.183
145,0,1,43.96,43.98,30,23,37,65.328,219,70,37,1335,51.121
146,0,1,2.23,2.24,16,9,20,44.237,334,25,74,834,33.990
147,0,1,2.62,2.63,20,16,34,73.354,178,949,107,129,32.923
148,0,1,0.13,0.13,10,10,26,60.629,203,1081,106,96,39.591
149,0,1,0.34,0.35,14,10,23,51.213,502,1242,493,94,45.921
150,0,1,4.19,4.20,21,16,25,46.667,261,195,602,951,33.174
151,0,1,2.59,2.59,17,13,26,55.287,516,1265,190,316,40.137
152,0,1,0.61,0.62,15,10,23,56.490,359,820,154,41,32.221
153,0,1,0.23,0.23,14,10,27,63.109,293,149,343,1190,41.688
154,0,1,1.23,1.24,20,11,28,63.502,251,24,419,1298,51.401
155,0,1,0.04,0.04,8,4,16,40.471,203,76,170,863,31.508
156,0,1,5.54,5.55,16,16,30,60.647,601,94,501,1086,39.881
157,0,1,11.42,11.43,17,12,22,44.731,471,299,506,1328,41.184
158,0,1,1.30,1.30,16,10,26,64.675,579,1315,201,51,52.772
159,0,0,500.01,500.01,0,0,0,0.000,451,58,603,881,33.477
160,0,1,0.04,0.04,6,4,16,38.426,468,179,417,1134,38.254
161,0,1,0.07,0.08,8,7,21,53.248,458,234,193,1074,35.232
162,0,1,0.35,0.36,15,11,27,56.935,161,15,486,1145,47.032
163,0,1,0.05,0.06,6,5,20,47.170,336,1228,277,262,38.712
164,0,1,0.12,0.12,12,8,29,74.352,566,52,186,1215,48.940
165,0,1,4.85,4.87,28,20,37,78.358,149,1216,532,47,49.206
166,0,1,0.03,0.03,9,8,29,70.744,509,45,460,929,35.414
167,0,1,0.03,0.03,8,6,22,51.912,198,212,486,1157,39.516
168,0,1,0.45,0.46,14,10,24,50.142,290,150,331,945,31.842
169,0,1,0.46,0.46,16,11,25,53.745,78,919,453,56,37.638
170,0,1,0.35,0.36,12,10,19,44.008,526,767,241,46,31.011
171,0,1,0.42,0.42,12,8,26,62.473,470,1060,479,47,40.522
172,0,1,0.11,0.12,11,9,25,60.635,100,404,242,1164,30.926
173,0,1,1.22,1.23,18,14,28,58.252,27,1313,54,370,37.735
174,0,1,0.47,0.48,13,9,18,42.769,319,1142,384,271,34.937
175,0,1,2.33,2.34,24,19,33,71.517,281,749,594,55,30.453
176,0,1,2.52,2.52,24,14,31,65.550,25,397,249,1229,34.465
177,0,1,0.01,0.02,4,4,14,33.147,178,392,211,1219,33.106
178,0,1,0.13,0.14,12,9,23,49.972,74,14,98,770,30.255
179,0,1,0.29,0.30,14,11,26,55.215,447,1149,128,37,46.274
180,0,1,5.04,5.05,29,18,39,76.288,510,335,110,1092,34.247
181,0,1,0.81,0.82,20,13,34,76.696,617,154,275,1055,38.549
182,0,1,0.02,0.03,8,7,19,44.148,292,1349,173,562,31.838
183,0,1,0.06,0.07,9,9,21,44.515,393,143,478,1132,39.706
184,0,1,0.01,0.01,4,3,14,34.511,232,1153,207,291,34.494
185,0,1,0.07,0.08,12,10,28,66.262,113,255,401,1162,38.065
186,0,1,18.72,18.74,27,17,35,68.172,505,451,426,1312,34.585
187,0,1,0.78,0.79,17,13,27,55.852,367,955,40,28,39.319
188,0,1,11.15,11.16,15,14,35,74.129,477,27,488,1241,48.562
189,0,1,0.08,0.09,9,7,22,51.151,222,57,415,1039,40.031
190,0,1,1.91,1.92,16,10,23,53.390,336,24,118,938,37.586
191,0,1,18.89,18.90,28,21,37,73.165,514,36,93,1278,52.457
192,0,1,0.67,0.67,8,7,19,44.112,280,455,324,1291,33.486
193,0,1,25.29,25.30,20,14,29,53.576,184,275,572,1007,33.139
194,0,1,31.78,31.79,20,17,33,65.030,522,362,210,1343,41.177
195,0,1,0.80,0.82,12,10,28,70.868,85,39,202,1360,53.047
196,0,1,35.77,35.78,30,25,39,62.571,242,493,583,1326,36.004
197,0,1,0.39,0.39,11,9,22,47.545,296,203,477,1002,32.770
198,0,1,0.72,0.72,16,9,26,65.826,540,1188,519,323,34.610
199,0,1,1.25,1.26,9,8,17,40.755,425,514,106,1215,30.807
200,0,1,0.69,0.69,11,8,21,52.557,268,1332,529,399,38.753
201,0,1,0.76,0.76,12,8,23,50.794,466,175,577,1322,46.094
202,0,1,0.25,0.26,12,8,24,56.844,359,1095,102,161,38.749
203,0,1,1.58,1.59,15,8,22,55.080,261,1305,551,482,34.904
204,0,1,0.08,0.08,10,8,21,46.696,91,194,508,1011,36.691
205,0,1,59.57,59.58,24,19,36,69.058,108,134,116,1220,43.441
206,0,1,0.02,0.02,5,4,16,38.949,215,171,186,1114,37.738
207,0,1,0.44,0.44,14,12,24,54.951,341,1308,214,181,45.365
208,0,1,111.97,111.98,16,12,22,38.699,367,1276,365,421,34.200
209,0,1,5.03,5.04,20,13,29,63.033,443,1000,136,223,33.418
210,0,1,0.50,0.50,9,7,21,48.106,209,203,486,1073,36.521
211,0,1,0.80,0.81,19,11,32,74.361,272,1122,506,50,43.890
212,0,1,0.06,0.07,8,6,17,38.838,486,998,265,272,30.356
213,0,1,0.22,0.23,15,12,25,56.175,111,1225,434,468,32.921
214,0,1,0.12,0.12,8,7,17,37.019,313,1317,268,521,31.891
215,0,1,6.84,6.85,14,11,23,45.863,248,28,353,822,32.037
216,0,1,0.23,0.23,10,8,23,52.599,254,171,292,1283,44.506
217,0,1,0.10,0.11,8,7,18,45.355,115,665,596,35,31.705
218,0,1,0.22,0.23,15,12,29,62.857,434,1184,259,32,46.609
219,0,1,28.63,28.63,19,15,30,60.062,489,117,69,1327,51.233
220,0,1,35.00,35.00,17,17,35,66.070,579,60,220,1270,50.485
221,0,1,0.08,0.08,8,5,23,59.736,464,19,283,1204,47.950
222,0,1,0.02,0.02,6,5,21,50.363,276,173,261,1213,41.604
223,0,1,2.35,2.36,31,25,45,90.633,305,772,203,14,30.593
224,0,1,0.05,0.05,9,7,21,50.314,454,1355,503,226,45.203
225,0,1,17.24,17.25,23,15,34,77.244,588,293,188,1351,45.244
226,0,1,0.79,0.79,16,15,27,52.345,497,1285,555,296,39.628
227,0,1,4.79,4.80,13,11,23,46.300,125,1217,205,162,42.321
228,0,1,74.00,74.01,30,24,45,86.903,53,1129,135,175,38.301
229,0,1,0.10,0.11,8,6,21,49.497,166,1158,488,127,43.205
230,0,1,0.07,0.07,8,5,21,52.233,616,138,329,1305,48.071
231,0,1,0.12,0.12,12,12,25,54.184,271,113,402,1088,39.350
232,0,1,12.41,12.42,18,13,25,50.722,353,492,119,1318,34.340
233,0,1,0.20,0.20,13,8,25,59.337,116,260,191,1211,38.158
234,0,1,0.12,0.12,11,8,22,49.337,201,1231,582,298,40.312
235,0,1,0.53,0.54,15,13,35,79.776,602,23,317,951,38.831
236,0,1,5.59,5.60,23,16,34,72.582,500,1243,129,492,33.506
237,0,1,0.20,0.21,11,7,21,52.364,196,1150,497,111,43.269
238,0,1,3.70,3.71,25,17,32,61.159,53,208,566,1014,38.216
239,0,1,0.05,0.05,9,7,18,41.446,53,224,364,961,31.997
240,0,1,0.78,0.79,22,13,32,72.875,603,139,142,767,31.162
241,0,1,0.80,0.81,15,10,26,59.295,186,1354,462,167,48.747
242,0,1,1.10,1.11,13,10,20,41.883,83,187,575,824,32.195
243,0,1,8.46,8.47,15,13,30,67.108,80,1013,111,231,31.305
244,0,1,0.37,0.39,12,11,30,68.438,432,1387,104,25,56.038
245,0,1,0.01,0.01,4,4,15,35.819,286,1213,467,360,34.880
246,0,1,0.08,0.09,10,7,22,52.112,498,182,289,1039,35.285
247,0,1,0.64,0.65,16,11,25,58.457,253,856,395,53,32.618
248,0,1,1.54,1.55,10,8,20,44.100,212,931,406,94,34.368
249,0,1,1.22,1.23,16,11,24,54.804,452,1237,600,477,30.971
250,0,1,0.13,0.14,12,8,21,56.087,387,117,286,967,34.239
251,0,1,0.59,0.59,20,15,31,65.677,92,386,286,1262,35.889
252,0,1,0.44,0.44,16,13,30,67.655,342,887,566,43,34.929
253,0,1,1.85,1.86,14,12,28,61.691,434,1343,161,34,53.487
254,0,1,0.10,0.11,12,7,26,64.765,613,43,186,1214,49.857
255,0,0,500.01,500.01,0,0,0,0.000,81,1135,584,201,42.433
256,0,1,5.22,5.23,13,7,16,36.570,441,512,407,1381,34.787
257,0,1,22.63,22.64,14,10,22,48.986,305,263,538,1287,42.007
258,0,1,26.82,26.83,18,17,34,70.343,125,1314,89,349,38.627
259,0,1,2.85,2.86,17,13,26,53.410,462,1381,609,370,40.865
260,0,1,0.35,0.36,20,14,29,59.669,144,16,337,1220,48.775
261,0,1,0.08,0.08,7,6,14,32.931,347,959,462,203,30.588
262,0,1,0.64,0.64,12,7,20,46.345,192,989,304,177,32.788
263,0,1,14.16,14.17,13,10,26,59.536,403,248,507,1221,39.142
264,0,1,0.02,0.02,4,4,14,32.271,459,238,477,1041,32.128
265,0,1,1.19,1.20,18,10,25,57.123,610,159,206,951,35.564
266,0,1,0.46,0.46,9,6,16,36.525,214,1031,76,187,34.208
267,0,1,0.29,0.29,14,11,26,58.261,135,1153,197,269,35.447
268,0,1,0.22,0.23,12,10,27,65.457,255,1078,292,29,41.986
269,0,1,4.55,4.56,22,17,35,79.812,103,1260,69,485,31.030
270,0,1,0.04,0.05,8,7,27,66.410,561,36,366,1259,49.538
271,0,1,0.36,0.36,15,14,28,64.703,274,1167,253,70,43.888
272,0,1,0.01,0.02,5,5,15,33.148,420,1193,436,375,32.726
273,0,1,0.04,0.05,9,6,27,67.263,133,1006,193,126,35.282
274,0,1,0.06,0.07,10,8,21,49.274,320,920,423,55,34.844
275,0,1,0.03,0.04,6,6,18,39.690,317,1345,410,515,33.408
276,0,1,0.63,0.63,10,7,19,42.047,442,822,362,62,30.568
277,0,1,0.61,0.61,20,13,25,55.256,78,344,500,1073,33.693
278,0,1,0.45,0.46,16,11,31,75.466,354,1163,454,48,44.779
279,0,1,15.73,15.74,21,16,30,56.256,187,364,529,1328,40.915
280,0,1,0.03,0.03,6,3,14,38.295,280,1149,441,242,36.847
281,0,1,2.08,2.09,10,9,21,44.976,440,331,485,1196,34.647
282,0,0,500.01,500.01,0,0,0,0.000,429,1072,600,219,34.799
283,0,1,0.04,0.04,5,3,13,33.281,170,499,362,1295,32.753
284,0,1,0.10,0.12,9,8,24,58.717,86,59,372,1210,47.440
285,0,1,1.69,1.70,16,9,27,66.587,94,296,209,1377,43.484
286,0,1,3.71,3.72,15,13,31,65.825,106,35,482,1243,50.607
287,0,1,0.02,0.02,5,3,15,38.024,196,397,329,1327,37.578
288,0,1,3.43,3.44,22,14,28,58.392,548,1283,549,308,39.000
289,0,1,0.04,0.04,8,5,18,42.649,300,260,327,1168,36.336
290,0,1,9.32,9.33,29,19,35,67.259,602,1198,68,588,32.429
291,0,1,18.43,18.44,13,10,21,40.962,321,1241,369,380,34.493
292,0,1,0.20,0.20,8,7,22,49.645,394,119,188,1214,44.568
293,0,1,1.19,1.20,15,11,29,67.628,423,1314,40,45,53.022
294,0,1,0.28,0.29,11,10,26,60.573,389,1177,371,37,45.606
295,0,1,0.14,0.15,16,9,28,68.602,419,1169,533,39,45.429
296,0,1,0.96,0.97,15,11,21,46.758,275,110,183,874,30.781
297,0,1,143.27,143.28,20,15,25,46.095,103,1216,367,403,34.192
298,0,1,0.31,0.31,10,8,19,46.902,146,28,421,951,38.524
299,0,1,0.32,0.33,9,7,22,53.065,152,1195,461,162,43.129
300,0,1,2.24,2.25,18,10,21,46.551,546,1243,539,352,35.641
301,0,1,2.70,2.71,16,8,22,56.537,408,12,134,737,31.002
302,0,1,26.91,26.92,29,16,36,77.486,124,475,518,1200,33.006
303,0,1,22.61,22.62,20,12,29,62.057,86,58,525,1220,49.686
304,0,1,0.05,0.06,6,6,20,44.901,205,312,368,1147,34.030
305,0,1,0.34,0.34,12,10,26,61.190,240,1159,94,229,37.656
306,0,0,500.01,500.01,0,0,0,0.000,486,1136,595,212,37.216
307,0,1,0.09,0.10,8,6,18,40.809,143,95,371,927,34.507
308,0,1,12.13,12.13,17,13,26,47.940,396,1039,122,301,31.489
309,0,1,0.24,0.24,11,8,19,44.060,257,1189,565,330,36.502
310,0,0,500.01,500.01,0,0,0,0.000,322,994,305,161,33.327
311,0,1,0.08,0.09,7,5,22,55.396,398,20,354,1158,45.554
312,0,1,0.62,0.63,19,9,28,69.783,59,475,201,1294,33.249
313,0,1,0.41,0.42,14,14,30,64.574,323,946,567,171,32.500
314,0,1,0.02,0.02,6,4,13,30.803,388,254,451,1008,30.265
315,0,1,1.02,1.03,12,11,27,57.022,607,380,281,1206,35.520
316,0,1,0.19,0.20,11,8,25,56.142,188,1175,547,421,33.404
317,0,1,0.02,0.03,8,7,25,58.334,99,40,330,1287,50.729
318,0,1,0.05,0.06,7,5,19,47.807,364,1211,618,154,43.484
319,0,1,1.47,1.48,25,20,33,66.019,334,1241,180,56,47.799
320,0,1,13.48,13.49,23,12,33,74.198,101,1199,111,107,43.682
321,0,1,10.57,10.57,17,15,28,50.887,593,301,73,1013,35.267
322,0,1,92.55,92.56,19,17,39,79.805,24,1142,34,55,43.482
323,0,1,0.05,0.06,5,4,17,40.071,444,244,382,1237,39.797
324,0,1,0.23,0.23,14,11,23,48.323,67,784,389,94,30.457
325,0,1,1.40,1.40,12,9,24,58.170,482,1161,541,327,33.443
326,0,1,0.37,0.38,14,11,28,68.398,141,1204,160,26,47.126
327,0,1,68.98,69.00,25,21,36,65.007,134,316,493,1283,41.260
328,0,1,0.94,0.95,16,14,37,88.135,558,1000,427,191,32.782
329,0,1,5.23,5.24,20,15,30,64.569,300,1045,538,262,32.735
330,0,1,63.86,63.88,26,14,30,61.182,553,246,133,1213,42.171
331,0,1,5.07,5.08,16,13,28,59.634,485,1284,485,173,44.440
332,0,1,11.52,11.53,18,11,27,61.262,84,333,526,1262,41.152
333,0,1,0.14,0.15,10,9,23,49.383,604,390,138,1017,31.248
334,0,1,3.37,3.37,19,14,28,61.390,145,1230,541,233,42.911
335,0,1,0.62,0.62,13,11,29,68.657,504,338,406,1202,34.782
336,0,1,0.34,0.34,14,11,24,56.220,421,938,386,40,35.947
337,0,1,3.15,3.16,20,17,37,80.466,560,484,565,1332,33.921
338,0,1,0.10,0.11,8,8,22,52.756,394,1064,38,201,37.342
339,0,1,0.73,0.74,17,13,30,61.492,123,1151,618,142,44.955
340,0,1,5.44,5.45,23,16,32,67.519,347,1229,89,418,34.042
341,0,1,0.28,0.28,12,9,31,75.341,563,20,451,1046,41.284
342,0,1,1.08,1.09,17,14,32,71.374,482,1117,122,55,44.854
343,0,1,1.01,1.02,18,16,35,80.112,596,370,232,1127,33.599
344,0,1,1.18,1.19,17,12,28,66.705,171,1008,99,124,35.477
345,0,1,0.09,0.10,14,8,31,74.155,93,60,451,815,33.423
346,0,1,0.25,0.26,12,7,24,58.790,142,171,258,1317,46.074
347,0,1,0.01,0.01,4,3,13,30.437,207,1141,194,381,30.404
348,0,1,0.45,0.45,15,8,18,39.602,280,1225,217,362,34.612
349,0,1,0.14,0.15,11,8,29,70.610,560,59,344,1346,52.200
350,0,1,0.09,0.10,11,7,23,56.176,552,324,402,1084,30.986
351,0,1,0.02,0.02,7,6,18,41.559,439,56,140,755,30.411
352,0,1,0.48,0.49,12,11,22,48.368,143,950,470,250,30.904
353,0,1,12.80,12.81,20,11,27,58.036,506,188,450,1336,45.975
354,0,1,0.24,0.25,12,9,25,61.294,603,1027,351,30,41.134
355,0,1,1.10,1.11,21,17,33,70.673,606,160,107,848,33.996
356,0,1,23.23,23.24,14,11,23,44.370,569,1317,392,434,36.023
357,0,1,0.28,0.29,11,8,21,47.170,106,167,382,946,33.058
358,0,1,3.70,3.71,15,11,25,56.537,458,280,223,1377,44.876
359,0,1,0.04,0.04,8,5,23,57.761,508,989,181,58,39.470
360,0,0,500.01,500.01,0,0,0,0.000,580,203,570,1329,45.042
361,0,1,0.17,0.18,12,9,26,63.913,581,59,392,904,34.635
362,0,1,3.06,3.07,20,14,32,68.920,101,411,181,1330,36.899
363,0,1,0.22,0.23,8,7,21,46.493,336,284,363,1329,41.814
364,0,1,0.20,0.21,11,7,21,51.461,315,1223,297,174,41.966
365,0,1,0.12,0.13,15,9,23,53.908,100,136,506,1003,38.294
366,0,1,0.91,0.92,22,14,33,71.639,280,1184,442,188,40.364
367,0,1,0.60,0.61,16,12,27,57.239,613,819,46,43,38.443
368,0,1,0.30,0.31,12,8,17,40.175,595,1334,300,636,30.311
369,0,1,78.94,78.96,24,15,35,75.102,107,451,111,1247,31.840
370,0,1,0.16,0.17,12,10,25,57.235,293,1138,143,99,41.991
371,0,1,0.01,0.01,5,3,15,39.236,424,370,303,1329,38.664
372,0,1,0.04,0.05,8,6,18,43.520,196,1140,199,79,42.440
373,0,1,9.69,9.70,26,15,33,72.377,409,180,42,1329,48.248
374,0,1,4.75,4.76,16,11,29,62.408,203,1275,194,392,35.322
375,0,1,0.29,0.30,18,13,26,52.688,525,1208,397,101,44.575
376,0,1,23.74,23.75,18,17,28,45.814,432,275,77,1030,33.372
377,0,1,10.28,10.29,19,11,22,45.815,303,155,582,1008,35.899
378,0,1,0.87,0.88,11,9,23,51.728,177,101,604,824,33.587
379,0,1,4.42,4.42,15,13,23,43.808,502,1210,507,304,36.241
380,0,1,0.16,0.17,16,10,29,70.965,481,53,419,995,37.762
381,0,1,0.04,0.05,10,8,27,66.604,337,19,280,1195,47.095
382,0,1,3.58,3.59,14,13,30,62.433,109,49,447,1347,53.651
383,0,1,0.76,0.76,23,16,27,51.480,568,931,334,32,37.158
384,0,1,1.09,1.09,15,11,24,51.730,31,57,186,1005,38.424
385,0,1,0.19,0.20,11,8,20,48.091,470,1314,362,272,41.903
386,0,1,0.41,0.42,20,13,27,58.847,31,1028,618,475,32.258
387,0,0,500.01,500.01,0,0,0,0.000,187,1079,595,194,38.981
388,0,1,0.23,0.24,13,11,25,58.063,349,1106,108,43,43.599
389,0,1,0.33,0.33,13,9,18,37.553,93,830,149,43,31.560
390,0,1,0.08,0.09,12,6,19,46.827,372,1033,349,249,31.373
391,0,1,8.17,8.18,21,13,23,45.310,570,667,91,1324,32.523
392,0,1,10.07,10.07,19,11,25,51.843,606,651,131,1281,31.560
393,0,1,0.13,0.14,15,13,31,65.759,510,991,281,237,31.520
394,0,1,8.47,8.48,22,15,33,67.752,139,131,583,1146,44.315
395,0,1,0.02,0.02,5,4,17,40.301,267,1210,465,253,39.091
396,0,1,0.19,0.20,9,8,27,64.250,154,1254,200,151,44.158
397,0,1,1.64,1.65,18,12,32,75.642,113,1318,360,48,51.752
398,0,1,0.66,0.66,17,11,29,62.596,228,1161,137,155,40.404
399,0,1,33.01,33.02,18,15,27,44.934,455,311,407,1372,42.483
400,0,1,0.61,0.62,15,11,30,72.850,501,1111,599,166,38.003
401,0,1,1.52,1.52,17,12,28,62.960,563,1136,545,330,32.248
402,0,1,0.26,0.26,12,11,30,69.333,303,1042,536,49,40.799
403,0,1,0.08,0.08,11,9,25,60.355,279,258,211,1180,36.980
404,0,1,0.60,0.61,10,9,20,45.349,246,1069,563,369,30.737
405,0,1,0.85,0.85,16,10,26,57.982,618,159,279,971,35.197
406,0,1,0.04,0.04,6,6,18,42.189,153,998,131,54,37.770
407,0,1,25.25,25.26,24,19,34,66.791,499,453,127,1223,34.206
408,0,1,0.02,0.03,6,6,20,46.000,241,1041,301,36,40.272
409,0,1,0.16,0.16,15,14,30,62.592,136,1150,381,265,36.731
410,0,1,11.89,11.90,24,19,33,74.305,514,362,446,1379,40.771
411,0,1,1.62,1.63,12,10,24,49.812,558,1136,254,247,37.582
412,0,1,0.71,0.71,12,11,22,49.768,394,1034,201,44,40.345
413,0,1,39.95,39.96,19,17,33,63.374,136,156,502,1245,45.954
414,0,1,32.92,32.93,23,18,31,60.040,448,1275,389,418,34.361
415,0,1,14.99,15.00,14,13,25,43.411,195,320,36,1133,33.136
416,0,1,0.38,0.38,11,9,22,49.138,408,1328,391,171,46.285
417,0,1,1.23,1.24,16,12,22,49.100,64,922,286,184,30.827
418,0,1,0.17,0.18,11,6,18,42.996,139,1199,452,385,34.884
419,0,1,0.02,0.03,6,5,21,50.762,268,1099,213,284,32.674
420,0,0,500.01,500.01,0,0,0,0.000,547,955,603,195,30.482
421,0,1,0.82,0.84,20,14,30,67.210,135,1313,584,157,49.605
422,0,1,0.75,0.76,18,14,28,57.107,336,836,384,16,32.856
423,0,1,0.23,0.24,15,12,30,66.240,619,462,190,1147,32.330
424,0,1,0.05,0.05,7,6,18,41.742,450,960,260,95,35.425
425,0,1,0.04,0.05,6,4,16,38.741,251,273,259,1189,36.641
426,0,1,2.35,2.36,18,15,31,67.155,514,1277,30,384,40.629
427,0,1,0.62,0.62,16,11,28,61.490,342,195,176,1136,38.221
428,0,1,2.69,2.70,18,12,29,59.558,498,167,214,1369,49.404
429,0,1,0.15,0.16,14,11,23,48.656,292,924,403,39,35.677
430,0,1,0.03,0.04,8,8,22,48.971,543,188,513,1144,38.259
431,0,1,0.08,0.08,8,6,18,41.245,408,255,470,1111,34.330
432,0,1,0.31,0.31,11,9,22,52.402,416,1052,118,49,41.853
433,0,1,0.91,0.92,21,16,31,60.082,345,266,355,1041,31.003
434,0,1,0.14,0.15,8,7,19,43.654,342,1162,205,352,32.860
435,0,1,0.03,0.03,6,4,15,40.322,174,196,200,1133,37.494
436,0,1,0.13,0.13,11,9,26,57.443,43,184,479,1106,40.796
437,0,1,3.83,3.83,11,7,19,43.634,425,444,92,1234,34.293
438,0,1,0.84,0.85,16,10,23,50.022,334,1216,495,342,35.548
439,0,1,0.31,0.32,12,7,25,59.879,98,415,315,1260,34.897
440,0,1,0.32,0.32,11,9,26,61.257,399,1111,70,49,44.472
441,0,1,170.48,170.49,22,18,36,66.436,112,143,78,1137,39.783
442,0,1,0.04,0.04,5,4,18,43.637,177,349,195,1165,32.648
443,0,1,0.02,0.02,6,4,16,41.350,215,126,251,1155,41.185
444,0,1,0.27,0.28,13,8,22,50.061,436,852,201,28,34.274
445,0,1,1.39,1.39,14,11,27,58.680,554,391,109,1040,31.476
446,0,1,1.09,1.10,15,8,20,45.104,193,255,255,1027,30.979
447,0,1,0.04,0.04,5,4,13,31.003,224,234,191,998,30.588
448,0,1,16.85,16.86,35,27,35,54.325,287,455,595,1332,37.180
449,0,1,0.10,0.11,12,7,24,58.278,259,93,182,1122,41.275
450,0,1,0.11,0.11,9,8,25,61.196,291,1150,343,36,44.609
451,0,1,0.04,0.05,7,6,20,46.691,508,91,377,1233,45.980
452,0,1,0.03,0.03,8,5,19,47.534,242,1209,530,175,42.934
453,0,1,0.45,0.45,8,7,19,42.604,191,90,326,888,32.374
454,0,1,0.07,0.07,10,6,21,53.235,410,1180,184,44,46.330
455,0,1,15.99,16.00,22,16,33,64.995,411,30,562,1008,39.584
456,0,1,0.08,0.09,9,7,20,48.988,343,188,339,1253,42.600
457,0,1,7.98,7.99,23,19,37,70.344,521,453,431,1384,37.414
458,0,1,0.05,0.05,11,7,23,53.904,170,62,189,1127,42.607
459,0,1,0.21,0.22,13,9,26,64.268,235,908,466,19,36.741
460,0,1,0.20,0.21,11,8,26,64.094,139,1118,221,45,43.045
461,0,1,0.51,0.52,13,10,25,59.095,125,14,380,1343,54.130
462,0,1,0.39,0.40,20,14,36,83.830,80,17,444,1196,49.356
463,0,1,0.04,0.05,10,6,23,56.548,447,15,297,1171,46.628
464,0,1,0.02,0.03,6,5,19,45.603,219,36,375,933,36.419
465,0,0,500.01,500.01,0,0,0,0.000,366,316,42,1320,42.199
466,0,1,2.02,2.04,23,19,38,80.479,536,182,265,1339,47.533
467,0,1,4.65,4.66,19,14,25,51.797,188,157,563,1014,37.418
468,0,1,1.50,1.50,19,14,29,64.347,561,942,586,48,35.774
469,0,1,1.54,1.55,19,12,27,64.029,99,325,540,1212,39.623
470,0,1,0.15,0.15,14,11,26,57.639,335,51,265,1180,45.247
471,0,1,3.23,3.24,10,5,16,38.148,252,1112,81,365,30.653
472,0,1,0.03,0.03,6,4,14,38.526,174,265,275,1144,35.391
473,0,1,0.07,0.08,9,7,20,46.017,133,188,234,1230,41.875
474,0,1,0.07,0.08,9,8,22,52.398,384,1173,112,208,40.104
475,0,1,0.32,0.33,10,7,20,46.453,481,991,49,234,34.864
476,0,1,0.62,0.62,12,10,26,58.726,539,1221,209,102,46.666
477,0,1,1.71,1.71,14,11,20,36.669,424,642,199,1380,30.861
478,0,1,5.12,5.12,18,10,29,68.255,481,16,255,849,34.525
479,0,1,2.14,2.15,17,13,30,67.057,581,1131,144,209,40.813
480,0,1,0.31,0.32,11,8,21,47.996,418,207,471,1101,35.823
481,0,1,0.08,0.08,7,4,16,41.124,527,196,390,1154,38.710
482,0,1,1.04,1.04,10,9,20,43.430,298,1103,113,99,40.836
483,0,1,0.04,0.04,6,4,20,49.909,224,26,294,1261,49.479
484,0,1,1.49,1.50,20,15,25,53.286,619,262,487,1187,37.375
485,0,1,10.01,10.02,35,24,40,74.206,159,1312,616,597,33.943
486,0,1,0.13,0.14,13,8,25,59.607,349,29,150,1076,42.630
487,0,1,0.29,0.29,14,9,28,63.898,407,1118,246,27,44.113
488,0,1,0.39,0.40,17,11,27,62.233,340,1075,64,61,42.036
489,0,0,500.01,500.01,0,0,0,0.000,255,318,382,1117,32.361
490,0,1,0.33,0.34,15,9,26,59.560,465,1132,247,25,45.130
491,0,1,0.10,0.10,13,7,20,51.867,42,15,460,962,41.406
492,0,1,0.09,0.09,10,7,24,55.595,109,1073,379,149,38.506
493,0,1,0.11,0.12,9,7,18,41.847,170,1104,453,362,31.765
494,0,1,12.15,12.16,34,26,45,89.728,581,566,97,1277,34.404
495,0,1,0.49,0.50,13,8,22,52.032,94,1279,259,522,30.991
496,0,1,8.27,8.28,22,14,28,56.412,516,170,73,1194,44.629
497,0,1,0.13,0.14,10,8,22,48.042,104,109,338,1120,41.509
498,0,0,500.01,500.01,0,0,0,0.000,192,1277,268,356,36.965
499,0,1,8.08,8.09,31,23,37,72.384,505,1279,78,589,32.457
500,0,1,0.23,0.24,7,6,17,42.609,260,1181,536,334,35.633
501,0,1,1.61,1.62,16,10,25,56.656,415,1120,136,408,30.588
502,0,1,0.10,0.11,12,9,25,59.489,480,1037,470,23,40.562
503,0,1,0.06,0.07,8,5,25,62.298,491,53,383,1244,47.835
504,0,1,2.94,2.94,22,17,32,68.220,300,1318,129,460,34.995
505,0,1,0.58,0.59,17,13,23,49.727,583,1200,185,383,36.351
506,0,1,0.22,0.23,8,7,19,41.508,358,1140,504,146,40.187
507,0,1,0.59,0.59,13,11,31,68.714,446,1162,101,294,37.362
508,0,1,0.03,0.03,6,6,20,47.532,234,1177,136,39,45.688
509,0,1,0.67,0.67,15,10,28,63.447,412,1367,191,46,53.574
510,0,1,0.19,0.19,13,9,27,61.611,559,308,442,1264,38.525
511,0,1,54.52,54.53,27,17,28,49.038,598,644,153,1284,31.180
512,0,1,0.06,0.07,8,6,21,48.868,99,102,357,1220,45.895
513,0,1,0.71,0.72,13,11,25,52.389,606,123,489,1156,41.584
514,0,1,2.20,2.21,17,11,24,54.723,211,201,417,1278,43.861
515,0,1,1.12,1.13,11,10,24,51.350,597,1013,196,341,31.302
516,0,0,500.01,500.01,0,0,0,0.000,415,1308,249,335,39.482
517,0,1,1.42,1.43,17,14,25,51.865,101,810,450,42,33.743
518,0,1,4.73,4.74,18,13,32,71.277,496,12,230,1370,55.352
519,0,1,0.35,0.35,14,13,29,66.682,131,1141,76,384,30.360
520,0,1,0.01,0.02,7,6,16,39.007,441,414,451,1171,30.283
521,0,1,0.28,0.28,9,7,19,43.549,195,1311,194,409,36.080
522,0,1,4.88,4.89,21,17,37,78.956,48,1314,150,44,50.964
523,0,1,0.14,0.15,15,11,31,73.943,298,28,377,956,37.254
524,0,1,0.42,0.42,16,14,33,70.815,556,1312,245,124,49.121
525,0,1,1.55,1.56,20,12,26,56.969,49,198,43,961,30.521
526,0,1,0.55,0.56,16,11,28,61.965,352,1286,40,485,34.385
527,0,1,1.23,1.23,19,14,32,69.494,43,1205,457,49,49.116
528,0,1,0.23,0.23,10,8,19,42.762,527,840,40,243,30.818
529,0,1,0.16,0.16,8,7,19,42.420,614,1330,430,429,36.784
530,0,1,0.52,0.52,17,11,31,75.638,290,1235,267,206,41.170
531,0,1,0.13,0.14,14,10,30,73.218,178,1338,123,28,52.446
532,0,1,0.25,0.26,13,10,24,53.465,135,189,392,1047,35.827
533,0,1,0.15,0.15,11,10,22,49.202,199,375,270,1298,37.029
534,0,1,0.02,0.02,6,5,18,44.663,326,1265,257,493,31.003
535,0,1,1.85,1.86,10,7,18,39.286,502,1011,343,167,34.354
536,0,1,0.02,0.02,6,5,19,45.753,345,274,375,1305,41.257
537,0,1,0.04,0.04,10,9,29,70.285,572,24,360,1113,44.378
538,0,1,0.09,0.09,11,9,29,73.414,396,25,422,829,32.177
539,0,1,1.72,1.73,24,16,31,64.115,478,1120,104,469,30.031
540,0,1,2.48,2.48,14,10,24,52.922,158,1045,297,135,36.822
541,0,1,0.02,0.03,6,6,19,42.791,304,1188,216,142,41.988
542,0,1,0.04,0.04,9,6,24,60.531,84,88,356,1270,48.516
543,0,1,0.28,0.29,12,7,28,66.022,598,36,232,1216,49.418
544,0,1,1.48,1.49,23,15,29,63.405,543,196,196,995,34.844
545,0,1,99.38,99.39,23,13,28,56.569,303,109,523,1219,45.264
546,0,1,17.24,17.25,23,16,36,77.423,210,1383,124,445,37.677
547,0,1,0.18,0.18,12,8,28,68.234,595,37,437,936,36.511
548,0,1,4.64,4.65,23,14,27,52.296,544,377,437,1267,35.856
549,0,1,0.33,0.34,16,12,27,61.711,498,395,344,1141,30.469
550,0,1,0.07,0.07,8,7,23,52.835,195,1124,194,243,35.240
551,0,1,0.06,0.07,8,8,22,50.367,193,21,322,1112,43.944
552,0,1,0.03,0.03,5,4,14,31.735,184,455,261,1228,31.073
553,0,1,0.27,0.28,11,8,19,41.716,512,129,194,845,31.338
554,0,1,0.01,0.02,6,4,14,33.814,171,77,220,920,33.777
555,0,1,0.98,0.99,11,9,23,47.482,310,1163,392,159,40.294
556,0,1,4.75,4.76,15,12,26,54.230,505,1314,388,186,45.362
557,0,1,1.09,1.10,11,9,21,44.306,362,1249,509,192,42.687
558,0,1,0.13,0.14,8,6,19,45.651,341,1301,556,378,37.908
559,0,1,0.14,0.15,12,10,24,51.619,363,1059,112,90,40.039
560,0,1,0.04,0.04,6,4,17,43.507,320,913,288,17,35.863
561,0,1,0.24,0.24,11,8,24,53.358,117,254,389,1217,40.027
562,0,1,0.14,0.14,9,8,19,43.381,338,1252,457,445,32.629
563,0,1,2.00,2.01,23,17,35,76.634,29,1337,112,352,39.540
564,0,1,60.11,60.12,27,18,41,84.752,50,223,38,1141,36.723
565,0,1,0.03,0.04,9,6,23,55.660,340,57,119,1145,44.409
566,0,1,7.94,7.95,14,13,30,65.074,334,15,452,1352,53.688
567,0,1,0.15,0.18,9,7,21,52.374,292,23,229,911,35.609
568,0,1,0.49,0.49,11,7,19,47.653,107,194,412,1097,38.125
569,0,1,8.40,8.40,9,8,17,31.783,218,1268,172,511,30.336
570,0,1,0.05,0.05,8,6,22,51.408,419,61,304,1048,39.747
571,0,1,4.56,4.57,16,10,20,41.488,273,195,618,912,31.827
572,0,1,3.38,3.39,13,9,20,46.275,534,854,123,105,34.174
573,0,1,1.03,1.03,16,12,28,59.884,433,1335,609,150,47.920
574,0,1,0.06,0.06,9,9,28,63.985,121,346,308,1323,39.789
575,0,1,0.23,0.24,12,11,23,52.015,446,1159,70,298,37.581
576,0,1,2.32,2.33,15,11,23,44.689,326,1116,369,160,38.279
577,0,1,2.11,2.12,15,9,27,69.663,486,1262,534,17,49.837
578,0,1,1.00,1.00,13,10,27,61.327,199,1152,84,370,31.616
579,0,1,0.57,0.58,23,15,33,70.255,249,202,457,1284,44.072
580,0,1,0.02,0.02,5,5,19,43.112,186,394,298,1256,34.770
581,0,1,13.53,13.54,24,16,39,80.343,505,35,96,1336,54.551
582,0,1,0.89,0.90,12,10,21,39.549,44,1210,187,457,30.658
583,0,1,7.74,7.75,24,17,36,74.146,585,1326,275,138,49.111
584,0,1,0.08,0.09,10,9,24,51.291,116,46,185,815,30.884
585,0,1,0.37,0.37,13,10,27,67.024,143,1077,170,26,42.054
586,0,1,0.64,0.66,18,16,37,86.457,556,12,97,1314,55.222
587,0,1,2.32,2.33,18,13,23,45.775,230,31,55,916,36.085
588,0,1,35.77,35.79,26,16,36,79.167,480,205,486,1250,41.801
589,0,1,0.32,0.33,9,7,22,54.205,554,992,197,71,39.511
590,0,1,24.15,24.17,35,21,38,75.736,550,245,87,1212,42.885
591,0,1,0.70,0.71,11,9,19,39.000,426,554,222,1276,30.011
592,0,0,500.01,500.01,0,0,0,0.000,258,330,192,1081,30.156
593,0,1,0.44,0.45,16,15,32,74.721,600,389,384,1172,32.490
594,0,1,1.93,1.94,24,16,32,67.612,570,825,585,59,30.646
595,0,1,0.20,0.21,17,13,27,58.632,605,113,320,1295,48.635
596,0,1,0.26,0.26,12,8,18,41.691,200,553,441,1328,32.464
597,0,1,202.50,202.52,25,20,39,80.511,571,670,161,1327,30.977
598,0,1,5.34,5.34,17,14,28,52.497,304,1240,523,479,31.675
599,0,1,8.47,8.48,19,17,33,63.337,572,1322,201,220,46.511
600,0,1,0.04,0.05,7,6,20,45.386,221,241,368,1110,35.254
601,0,1,0.62,0.63,21,17,35,73.604,209,1380,102,418,38.717
602,0,1,0.07,0.08,14,10,29,66.819,297,103,349,1291,47.566
603,0,1,0.43,0.43,14,11,21,49.314,243,48,534,741,30.065
604,0,1,1.08,1.09,18,10,23,52.187,618,465,444,1213,30.719
605,0,1,1.30,1.31,13,9,26,57.191,137,1083,493,192,38.380
606,0,1,0.05,0.06,13,11,27,62.962,133,462,496,1126,30.270
607,0,1,0.16,0.16,11,8,24,56.433,512,1023,396,18,40.467
608,0,1,0.39,0.40,15,8,27,70.016,233,47,567,997,40.280
609,0,0,500.01,500.01,0,0,0,0.000,399,1077,593,209,35.577
610,0,1,6.72,6.73,22,16,30,62.368,589,1325,277,153,48.513
611,0,1,0.96,0.97,26,16,34,73.056,509,348,284,1080,30.632
612,0,1,23.99,23.99,14,13,27,51.373,199,1381,343,586,32.317
613,0,1,0.14,0.15,9,9,22,46.434,431,1107,386,147,38.442
614,0,1,0.20,0.20,14,11,28,64.145,273,124,357,1260,45.564
615,0,1,0.12,0.13,11,9,25,59.728,201,1355,510,149,49.798
616,0,1,11.48,11.49,17,11,21,37.125,193,1384,465,614,32.665
617,0,1,0.11,0.11,11,9,27,63.448,582,1331,220,246,45.752
618,0,1,0.22,0.22,7,7,21,47.386,239,1077,29,38,42.400
619,0,1,0.06,0.06,9,7,28,69.449,192,1380,550,53,54.978
620,0,1,0.03,0.04,9,7,21,52.167,383,1187,74,242,39.769
621,0,1,0.31,0.31,9,7,20,50.148,266,1339,533,197,46.912
622,0,1,36.95,36.96,17,13,24,43.643,338,530,95,1274,31.307
623,0,1,1.36,1.37,20,12,31,70.545,167,1113,80,352,30.638
624,0,1,0.01,0.02,4,3,13,31.360,462,568,289,1309,30.437
625,0,1,6.64,6.65,15,11,27,55.704,94,334,490,1183,37.472
626,0,1,1.94,1.95,18,13,30,66.078,552,325,424,1120,32.210
627,0,1,0.04,0.04,8,8,29,70.143,515,37,257,1241,49.253
628,0,1,0.56,0.57,18,13,33,77.963,442,52,144,1122,44.429
629,0,1,0.02,0.03,8,3,16,42.622,426,290,153,1146,35.939
630,0,1,1.32,1.33,16,12,34,77.661,503,50,618,1324,51.167
631,0,1,0.05,0.05,9,8,22,50.426,178,240,461,999,32.402
632,0,1,0.25,0.26,17,11,32,80.556,313,15,414,769,30.429
633,0,1,2.51,2.52,11,7,20,48.351,429,377,58,1335,41.093
634,0,1,0.42,0.43,12,10,22,47.655,202,887,598,147,33.572
635,0,1,50.46,50.47,27,22,32,55.924,23,881,471,24,38.681
636,0,1,0.21,0.22,15,12,30,66.881,229,1385,210,339,41.847
637,0,1,0.03,0.04,7,5,21,51.760,373,1318,186,69,50.517
638,0,1,3.99,4.00,19,11,28,63.389,491,1219,429,174,41.874
639,0,1,2.72,2.73,24,13,36,83.885,524,1248,498,372,35.055
640,0,1,39.73,39.75,27,24,37,64.096,68,1325,346,587,31.545
641,0,1,3.69,3.70,27,21,34,71.369,520,19,469,1024,40.252
642,0,1,15.65,15.67,29,20,39,76.665,43,32,585,1211,51.905
643,0,1,2.70,2.71,11,11,25,50.323,175,197,509,1018,35.454
644,0,1,9.92,9.93,9,9,21,45.198,27,1201,392,485,32.147
645,0,1,0.03,0.03,6,5,16,35.942,202,411,358,1266,34.765
646,0,1,0.05,0.05,9,8,20,42.392,389,275,236,1049,31.559
647,0,1,2.75,2.75,12,11,23,46.175,535,308,492,1086,31.167
648,0,1,0.04,0.04,9,8,27,63.142,542,313,449,1158,34.004
649,0,1,0.83,0.84,16,12,31,68.732,66,1124,186,88,41.717
650,0,1,0.01,0.02,5,5,17,39.031,214,214,211,1144,37.200
651,0,1,0.50,0.50,13,11,19,41.373,546,747,195,73,30.397
652,0,1,0.04,0.05,6,4,15,36.121,359,1038,459,167,35.069
653,0,1,0.25,0.26,8,4,18,47.630,478,184,273,1334,46.725
654,0,0,500.01,500.01,0,0,0,0.000,125,113,569,859,34.725
655,0,1,0.54,0.55,16,11,23,52.283,511,153,171,1065,38.933
656,0,1,1.37,1.38,18,14,32,71.213,45,1206,118,338,34.843
657,0,1,0.48,0.48,9,8,20,44.850,76,962,537,361,30.298
658,0,1,0.03,0.03,6,4,17,41.921,445,900,94,134,33.704
659,0,1,1.32,1.33,11,6,16,37.589,241,1111,142,362,30.221
660,0,1,0.02,0.03,8,6,21,51.602,156,32,336,1268,49.962
661,0,1,1.70,1.71,21,13,29,63.879,139,994,313,191,32.865
662,0,1,4.81,4.82,16,13,34,78.583,117,296,555,1315,44.366
663,0,1,0.04,0.04,7,6,19,43.379,233,919,386,51,35.255
664,0,1,0.06,0.07,10,7,22,51.852,617,38,184,881,37.908
665,0,1,0.09,0.10,10,5,21,52.578,317,165,262,1328,46.572
666,0,1,6.65,6.66,21,12,23,43.249,109,1316,603,663,32.752
667,0,1,0.16,0.16,14,10,29,65.642,188,960,181,102,34.321
668,0,1,0.10,0.11,11,7,21,53.294,136,380,406,1173,33.508
669,0,1,0.05,0.06,5,4,15,36.703,396,1033,267,263,31.229
670,0,1,0.06,0.06,6,5,15,35.115,128,227,363,951,30.447
671,0,1,22.84,22.85,15,14,25,44.210,420,269,548,1220,38.383
672,0,1,0.02,0.03,5,4,17,39.816,441,325,326,1301,39.310
673,0,1,0.22,0.23,13,10,28,67.480,139,234,423,1118,37.140
674,0,1,0.04,0.05,8,6,19,43.146,181,88,446,808,30.689
675,0,1,0.38,0.38,13,10,27,63.153,352,1131,597,303,34.539
676,0,1,3.09,3.10,16,14,25,49.049,21,1256,438,561,32.420
677,0,1,5.05,5.06,32,20,35,72.956,112,1199,611,138,46.899
678,0,1,0.06,0.07,8,6,19,43.458,184,179,297,1203,41.209
679,0,1,0.51,0.51,14,12,29,67.397,320,1344,147,21,53.371
680,0,1,0.02,0.02,6,4,14,33.757,368,434,242,1183,30.381
681,0,1,0.72,0.73,13,8,23,53.277,215,971,595,23,40.853
682,0,1,27.65,27.66,18,16,24,39.563,427,498,415,1376,35.123
683,0,1,0.23,0.24,10,10,30,70.124,143,222,211,1163,37.738
684,0,1,0.02,0.02,6,5,21,52.701,388,24,279,1188,46.764
685,0,1,2.39,2.40,21,17,33,65.249,598,259,177,1327,45.919
686,0,1,10.70,10.71,12,8,19,37.270,206,440,219,1340,36.004
687,0,1,2.00,2.00,16,15,26,53.714,245,1034,548,235,34.181
688,0,1,1.50,1.51,21,14,30,63.515,77,1213,366,159,43.716
689,0,1,0.01,0.02,5,4,16,37.219,355,1285,195,389,36.407
690,0,1,0.73,0.74,13,11,24,46.935,420,1287,423,526,30.440
691,0,1,2.46,2.46,15,11,23,46.496,286,1208,554,438,32.612
692,0,1,19.76,19.77,13,7,19,40.918,445,442,199,1339,37.205
693,0,1,0.18,0.18,10,7,20,45.303,104,911,534,176,34.062
694,0,1,1.54,1.55,22,14,34,79.284,376,1259,299,90,46.861
695,0,1,0.22,0.22,13,6,21,48.859,489,93,241,1228,46.471
696,0,1,0.03,0.03,7,6,20,46.252,295,1178,240,241,37.545
697,0,1,0.05,0.05,8,5,19,46.526,457,238,242,1014,32.209
698,0,1,0.18,0.19,14,7,27,67.375,583,54,238,1234,49.176
699,0,1,6.85,6.86,15,10,21,42.384,262,1241,121,352,36.004
700,0,1,0.39,0.39,9,7,20,47.618,306,172,424,1006,33.692
701,0,1,1.14,1.15,19,15,29,58.175,135,41,532,786,33.767
702,0,1,0.03,0.04,7,4,14,34.633,327,1227,454,385,34.061
703,0,1,60.14,60.15,22,18,36,75.311,324,1293,392,436,34.388
704,0,1,6.98,6.98,14,11,24,50.308,237,242,544,1200,40.240
705,0,1,0.05,0.06,8,4,22,59.885,377,54,347,1329,51.014
706,0,0,500.01,500.01,0,0,0,0.000,353,314,136,1137,34.045
707,0,0,500.01,500.01,0,0,0,0.000,587,194,597,1145,38.042
708,0,1,0.05,0.06,6,4,19,49.031,187,65,405,1174,45.209
709,0,1,0.03,0.03,4,3,13,30.936,186,357,237,1127,30.867
710,0,1,0.05,0.05,10,6,20,52.156,280,173,186,1172,40.137
711,0,0,500.01,500.01,0,0,0,0.000,538,14,608,878,34.673
712,0,1,0.04,0.05,6,4,21,54.572,184,97,389,1104,41.106
713,0,1,1.61,1.61,10,8,20,42.819,498,1321,443,376,37.864
714,0,1,3.31,3.32,12,9,26,56.930,527,1200,177,127,45.146
715,0,1,0.07,0.07,11,5,15,34.755,356,1336,21,642,30.825
716,0,1,2.66,2.67,27,19,36,78.921,346,27,606,910,36.819
717,0,1,0.04,0.05,9,9,23,49.592,191,83,424,984,37.226
718,0,1,29.90,29.91,26,18,37,76.738,382,41,417,1328,51.499
719,0,1,0.26,0.26,14,10,25,53.899,191,1073,175,263,32.406
720,0,1,1.42,1.43,22,11,27,62.720,184,169,507,1091,39.078
721,0,1,4.38,4.39,19,12,24,56.659,30,1193,540,441,36.345
722,0,1,2.07,2.08,19,16,31,68.186,485,53,525,837,31.401
723,0,1,1.06,1.06,14,13,24,50.788,75,205,584,938,35.696
724,0,1,0.16,0.17,9,8,21,48.744,433,1236,129,425,34.644
725,0,1,0.44,0.45,12,11,22,44.646,257,1090,587,301,34.209
726,0,1,8.14,8.15,9,8,19,37.281,431,1294,438,373,36.841
727,0,1,26.73,26.74,23,13,32,64.852,133,347,141,1334,39.481
728,0,1,0.37,0.37,15,11,31,69.103,181,1069,26,22,42.336
729,0,1,0.22,0.22,8,6,23,53.560,118,163,354,1197,42.424
730,0,0,500.01,500.01,0,0,0,0.000,612,215,260,1121,38.879
731,0,1,0.24,0.25,11,7,22,56.458,245,1199,196,119,43.244
732,0,1,0.07,0.07,8,8,25,58.294,106,313,344,1145,34.615
733,0,1,2.23,2.23,13,11,26,61.414,129,67,466,1316,51.747
734,0,1,0.25,0.25,8,6,19,41.900,261,1098,401,262,33.906
735,0,1,0.69,0.70,21,15,30,62.283,511,205,333,963,31.145
736,0,1,2.05,2.05,12,9,21,49.292,319,1193,280,147,41.869
737,0,1,0.08,0.09,7,6,15,32.440,247,1030,243,249,31.240
738,0,1,0.21,0.22,7,6,21,50.761,200,941,588,25,39.791
739,0,1,0.04,0.05,10,5,21,53.836,147,57,460,1030,40.884
740,0,1,6.54,6.55,17,15,27,50.792,539,1315,414,249,42.932
741,0,1,5.38,5.39,24,17,36,71.337,584,1324,259,205,46.610
742,0,1,3.05,3.06,28,21,38,77.016,262,61,108,1061,40.472
743,0,1,0.03,0.04,9,6,20,46.521,211,1205,469,166,42.822
744,0,1,0.30,0.30,14,11,23,50.296,263,122,357,1221,44.121
745,0,1,0.94,0.94,16,13,26,57.421,362,797,349,21,31.044
746,0,1,13.58,13.58,17,13,22,35.708,210,546,409,1278,30.343
747,0,1,1.59,1.60,18,14,33,70.081,535,1158,120,478,31.865
748,0,1,0.52,0.52,12,9,21,48.272,510,1197,467,438,30.409
749,0,1,0.15,0.15,9,7,19,44.068,373,1169,210,304,35.209
750,0,1,10.69,10.70,25,19,42,90.188,519,605,98,1257,31.044
751,0,1,2.82,2.83,21,16,34,77.944,502,1090,30,401,33.407
752,0,1,3.88,3.89,13,12,26,57.595,101,1325,214,134,47.854
753,0,0,500.02,500.02,0,0,0,0.000,375,1328,246,360,39.062
754,0,1,6.76,6.77,19,15,29,64.416,200,1330,77,380,38.317
755,0,1,0.36,0.37,15,11,39,97.530,192,1358,523,34,54.590
756,0,1,0.39,0.39,15,11,23,52.504,207,1151,360,272,35.689
757,0,1,0.36,0.36,15,12,30,68.175,501,205,225,1218,41.997
758,0,1,0.02,0.02,6,5,18,42.177,196,300,308,1340,41.841
759,0,1,7.33,7.34,17,14,31,60.699,30,1143,402,111,43.880
760,0,1,0.14,0.15,11,10,24,56.165,414,1019,95,53,40.692
761,0,1,0.53,0.54,17,15,28,55.859,60,744,300,19,30.548
762,0,1,2.14,2.14,10,9,22,47.541,386,247,429,1290,41.755
763,0,1,0.14,0.15,12,9,28,68.748,403,59,357,949,35.648
764,0,1,0.45,0.46,20,14,32,70.696,547,173,184,1148,41.615
765,0,1,0.45,0.46,20,13,35,81.011,425,41,290,1285,50.052
766,0,1,0.45,0.45,12,8,23,51.486,546,254,331,1285,42.127
767,0,1,0.05,0.05,11,10,26,61.560,249,46,264,1182,45.444
768,0,1,4.32,4.32,22,14,29,56.797,527,311,39,924,31.341
769,0,1,0.10,0.11,11,8,26,61.517,284,36,339,1334,51.967
770,0,1,0.15,0.16,10,8,20,44.081,392,1073,188,214,35.316
771,0,1,0.02,0.02,4,3,14,35.590,289,1287,217,410,35.198
772,0,1,0.78,0.79,16,13,29,63.743,586,1011,436,22,40.012
773,0,1,12.82,12.83,19,13,30,65.738,352,1180,103,413,32.256
774,0,1,4.30,4.31,17,10,22,46.032,293,1268,502,356,37.426
775,0,1,0.08,0.08,8,7,17,38.707,345,1040,283,250,31.697
776,0,1,0.32,0.33,15,12,27,62.073,224,1266,215,471,31.802
777,0,1,0.50,0.50,16,8,27,63.421,477,1108,528,352,30.309
778,0,1,0.75,0.76,15,11,23,54.316,286,947,246,191,30.282
779,0,1,10.70,10.71,34,21,37,74.180,542,1258,572,460,31.943
780,0,1,2.16,2.17,18,12,29,58.814,444,1124,257,127,40.575
781,0,1,0.73,0.73,17,12,31,72.011,134,1077,143,116,38.442
782,0,1,5.47,5.48,19,14,28,55.690,232,1333,286,239,43.813
783,0,0,500.01,500.01,0,0,0,0.000,372,1079,615,206,36.248
784,0,1,7.99,8.01,22,15,31,65.375,129,62,561,1320,53.204
785,0,1,2.24,2.25,13,7,21,48.373,475,1142,101,237,39.169
786,0,1,0.26,0.27,15,9,27,63.908,563,25,434,1173,46.209
787,0,1,1.10,1.11,14,10,26,62.225,446,1295,87,92,50.217
788,0,1,6.61,6.62,23,19,29,49.552,104,165,553,927,35.378
789,0,1,41.92,41.93,20,14,28,52.085,508,158,550,1257,43.992
790,0,1,2.65,2.66,18,12,22,42.663,393,436,193,1329,36.605
791,0,1,0.12,0.13,11,7,23,57.181,268,1281,280,141,45.603
792,0,1,0.04,0.04,9,8,21,48.944,426,38,273,911,35.452
793,0,1,0.17,0.17,11,9,23,54.748,349,160,479,1145,39.742
794,0,1,13.10,13.11,20,15,30,56.708,540,198,601,1193,39.875
795,0,1,47.02,47.03,19,15,28,54.394,29,394,573,1017,33.083
796,0,1,0.03,0.03,5,3,13,32.783,282,1056,193,259,32.078
797,0,1,8.07,8.08,15,9,19,37.460,448,430,453,1306,35.041
798,0,1,3.75,3.76,17,10,18,42.119,197,26,39,923,36.432
799,0,1,0.06,0.06,10,6,21,53.625,263,40,496,1033,40.799
800,0,1,0.35,0.35,8,7,16,34.475,307,1231,380,428,32.252
801,0,1,0.06,0.06,6,5,18,43.844,276,1294,420,469,33.499
802,0,1,4.80,4.81,21,18,39,88.919,509,1222,536,17,48.212
803,0,1,0.49,0.50,13,9,23,56.154,174,1005,598,294,33.113
804,0,1,0.24,0.25,9,6,18,41.969,329,55,215,939,35.653
805,0,1,0.04,0.04,8,8,23,53.344,364,43,372,1162,44.761
806,0,1,0.60,0.61,13,9,19,41.942,525,814,83,183,30.816
807,0,1,10.32,10.33,26,15,28,53.449,157,1264,389,473,32.973
808,0,1,3.37,3.37,13,8,21,51.924,62,1316,76,296,40.804
809,0,1,0.60,0.61,21,16,34,72.197,421,1386,359,57,53.218
810,0,1,0.12,0.12,12,8,19,48.041,262,20,192,864,33.876
811,0,1,0.14,0.14,7,6,18,40.881,407,895,85,191,30.966
812,0,1,2.70,2.71,23,18,35,71.580,275,1128,287,92,41.443
813,0,1,0.65,0.66,18,16,30,59.629,322,176,253,1225,42.051
814,0,1,0.01,0.02,5,3,16,40.843,516,59,202,767,30.980
815,0,1,1.53,1.54,22,13,33,81.930,466,1112,420,61,42.080
816,0,1,7.67,7.68,30,15,35,72.835,564,46,221,1370,54.708
817,0,1,0.34,0.34,15,15,33,75.733,225,1360,295,29,53.314
818,0,1,0.04,0.04,8,5,22,53.867,324,1207,117,228,40.026
819,0,1,1.51,1.52,13,8,20,43.711,197,447,543,1222,33.949
820,0,1,0.80,0.81,16,13,25,54.621,97,180,523,838,31.354
821,0,1,0.43,0.43,11,9,26,57.279,154,1140,183,121,40.777
822,0,1,0.93,0.94,24,16,39,92.701,574,44,211,1114,45.196
823,0,1,5.64,5.65,19,10,18,36.314,380,600,610,1329,30.577
824,0,1,0.94,0.95,24,15,35,76.120,92,205,208,1178,39.196
825,0,1,0.16,0.17,13,8,25,61.507,104,357,235,1207,34.401
826,0,1,0.28,0.29,16,10,22,50.224,354,1281,466,406,35.286
827,0,1,0.02,0.02,5,4,18,44.544,267,1160,169,57,44.294
828,0,1,0.18,0.19,10,6,22,53.299,284,207,461,1159,38.733
829,0,1,0.04,0.05,9,8,25,58.490,546,299,377,1061,31.221
830,0,1,0.04,0.05,7,7,20,47.327,188,46,583,825,34.937
831,0,1,1.52,1.53,16,11,21,42.727,173,818,501,108,31.284
832,0,1,0.41,0.42,15,12,27,57.102,483,1155,368,58,44.120
833,0,1,0.42,0.42,17,10,30,72.375,21,559,301,1315,32.247
834,0,1,0.66,0.67,16,10,28,68.262,222,1278,576,28,51.966
835,0,1,0.06,0.06,7,7,20,44.500,593,1129,171,345,35.614
836,0,1,46.31,46.32,20,16,25,46.705,106,17,281,771,30.962
837,0,1,0.02,0.02,5,3,16,41.547,180,160,209,1198,41.536
838,0,1,43.82,43.83,27,20,35,63.003,126,401,525,1322,40.149
839,0,1,0.15,0.15,14,5,22,55.115,181,972,501,128,36.105
840,0,1,8.77,8.78,19,16,36,76.004,502,404,520,1337,37.327
841,0,1,1.06,1.07,13,13,30,63.641,84,1327,261,122,48.717
842,0,1,0.02,0.03,8,4,24,61.806,507,44,291,1289,50.544
843,0,1,0.10,0.11,14,11,31,72.684,563,14,422,1019,40.594
844,0,1,0.88,0.88,16,12,30,69.460,491,1263,20,20,53.170
845,0,1,0.34,0.35,18,13,34,76.107,585,462,242,1222,33.353
846,0,1,1.73,1.74,17,15,29,59.390,344,62,558,1012,38.952
847,0,1,0.58,0.59,11,9,24,52.446,252,1201,393,185,41.029
848,0,1,0.02,0.02,7,7,23,51.173,239,262,290,1189,37.136
849,0,1,0.40,0.41,12,8,22,49.604,259,1313,172,556,30.479
850,0,1,0.28,0.28,16,11,30,71.456,437,1356,543,248,44.522
851,0,1,0.01,0.01,5,4,17,41.984,215,302,290,1090,31.662
852,0,1,10.65,10.66,26,15,24,45.856,599,151,581,917,30.648
853,0,1,2.58,2.59,18,14,24,51.418,28,921,615,119,39.755
854,0,1,0.08,0.09,8,8,22,47.572,102,219,320,1193,39.924
855,0,1,25.99,26.00,33,21,40,76.196,21,403,42,1320,36.690
856,0,1,0.71,0.71,9,8,22,49.332,382,1143,418,194,37.987
857,0,1,1.91,1.92,20,15,34,74.359,317,1322,542,403,37.846
858,0,1,1.17,1.18,12,8,19,43.953,138,1218,127,237,39.242
859,0,1,0.34,0.34,14,10,22,48.454,594,300,293,1099,34.153
860,0,1,0.96,0.96,13,10,23,50.516,230,1337,445,253,44.205
861,0,1,0.18,0.18,13,8,25,61.967,266,1092,149,20,43.135
862,0,1,0.33,0.33,14,11,28,67.484,72,1325,174,496,33.410
863,0,1,0.19,0.19,12,12,28,63.289,528,333,598,1145,32.600
864,0,1,0.27,0.27,12,11,29,65.389,446,1319,318,26,51.973
865,0,1,2.81,2.82,11,7,20,47.466,445,308,146,1319,42.171
866,0,1,0.14,0.14,9,7,15,33.097,356,428,373,1211,31.327
867,0,1,3.66,3.67,16,13,29,64.964,201,147,409,1336,48.282
868,0,1,18.13,18.14,13,11,28,56.073,37,1123,472,188,41.249
869,0,1,0.12,0.12,11,8,25,59.808,323,1152,111,51,44.849
870,0,1,52.91,52.92,22,14,32,74.610,66,46,24,1139,43.752
871,0,1,0.10,0.11,8,5,17,40.509,247,1209,106,316,36.163
872,0,1,0.48,0.48,17,15,32,71.988,111,947,172,72,35.085
873,0,1,0.19,0.20,8,4,15,37.760,217,1062,364,280,31.828
874,0,0,500.01,500.01,0,0,0,0.000,381,24,594,878,35.206
875,0,1,35.75,35.76,26,20,29,42.559,421,1365,372,457,36.373
876,0,1,4.89,4.90,18,15,29,54.410,137,32,211,1284,50.167
877,0,1,0.04,0.05,7,6,18,42.482,228,53,154,1044,39.750
878,0,1,0.02,0.02,6,5,17,40.533,404,271,450,1143,34.928
879,0,1,0.04,0.05,8,6,19,43.872,217,394,483,1109,30.515
880,0,1,0.04,0.04,6,5,15,35.331,493,202,392,1033,33.485
881,0,1,3.16,3.17,24,17,28,58.098,254,197,43,962,31.743
882,0,1,0.11,0.11,9,8,26,60.545,301,1086,25,34,43.504
883,0,1,10.41,10.42,22,18,36,69.813,537,1228,537,423,32.200
884,0,1,13.05,13.05,16,12,29,64.252,111,324,113,1227,36.120
885,0,1,0.02,0.02,5,4,14,33.561,335,1265,173,458,32.924
886,0,1,0.04,0.05,8,6,21,49.508,280,1244,238,251,39.756
887,0,1,1.59,1.60,16,14,29,56.274,385,139,186,1278,46.250
888,0,1,2.68,2.68,23,17,27,46.484,254,844,491,110,30.853
889,0,1,4.99,4.99,14,12,23,47.392,266,1193,133,121,43.209
890,0,0,500.01,500.01,0,0,0,0.000,259,95,601,865,33.701
891,0,0,500.02,500.02,0,0,0,0.000,597,208,125,838,31.488
892,0,1,3.13,3.16,14,10,23,51.573,313,1309,538,296,41.507
893,0,1,0.06,0.06,7,6,21,49.314,509,320,248,1144,34.574
894,0,1,0.04,0.04,5,5,17,39.248,189,124,285,1041,36.880
895,0,1,0.10,0.10,12,10,34,79.568,308,1321,185,27,51.993
896,0,1,0.01,0.02,6,3,17,45.292,178,69,232,1200,45.292
897,0,1,3.90,3.91,11,9,21,43.262,414,1274,512,303,39.037
898,0,1,0.38,0.39,14,9,22,54.127,615,1025,130,88,42.203
899,0,1,1.04,1.04,18,11,27,59.249,307,1214,503,372,34.580
900,0,1,40.83,40.84,19,11,27,59.492,215,93,490,1272,48.426
901,0,1,0.89,0.90,16,7,23,56.411,213,1018,575,51,41.301
902,0,1,2.32,2.33,26,21,37,74.947,510,949,580,28,36.946
903,0,1,3.09,3.10,16,13,27,53.261,511,1273,107,324,41.257
904,0,1,1.76,1.77,21,16,31,63.076,150,1158,131,382,31.049
905,0,1,0.53,0.55,23,19,38,83.070,291,754,547,15,31.283
906,0,1,0.05,0.06,7,5,18,42.685,205,275,394,1189,37.333
907,0,0,500.01,500.01,0,0,0,0.000,96,1253,333,344,37.576
908,0,1,1.31,1.33,19,14,29,62.718,259,1251,550,516,31.620
909,0,1,5.83,5.84,23,15,28,54.697,361,787,171,44,30.676
910,0,1,8.56,8.57,20,12,21,44.618,85,296,567,927,31.761
911,0,1,0.03,0.03,6,4,17,39.884,216,274,407,1175,36.841
912,0,1,0.79,0.80,22,17,37,79.124,606,120,461,1051,37.689
913,0,1,0.48,0.48,13,10,25,58.181,266,1069,40,180,36.691
914,0,1,7.61,7.62,22,13,31,70.091,534,378,442,1319,37.819
915,0,1,0.91,0.92,20,16,39,87.085,382,1347,70,218,46.853
916,0,1,0.06,0.07,8,5,20,48.688,489,60,205,921,36.265
917,0,1,1.21,1.22,11,10,19,37.720,394,427,214,1164,30.347
918,0,1,0.33,0.34,13,8,24,52.761,120,52,350,1244,48.559
919,0,1,22.72,22.73,26,20,40,80.903,599,469,102,1220,36.022
920,0,1,4.06,4.07,16,13,33,74.391,67,1321,184,32,51.772
921,0,1,7.63,7.64,21,15,31,70.631,505,1278,345,183,44.265
922,0,1,0.04,0.05,7,6,18,43.301,334,277,267,1082,32.311
923,0,1,0.03,0.03,6,4,14,33.684,255,1054,198,232,32.959
924,0,1,6.68,6.68,17,14,24,46.439,519,1230,531,309,36.843
925,0,0,500.01,500.01,0,0,0,0.000,605,197,94,843,32.947
926,0,1,0.58,0.59,17,12,30,70.981,110,99,429,1194,45.621
927,0,1,0.05,0.06,10,7,22,51.997,112,169,346,1176,41.353
928,0,1,0.05,0.06,7,3,18,50.333,418,1165,190,44,45.758
929,0,1,0.61,0.62,19,16,30,62.236,613,294,90,849,30.504
930,0,1,3.04,3.05,16,12,23,48.371,216,91,541,871,33.800
931,0,1,0.60,0.61,18,11,28,59.918,292,1080,407,23,42.530
932,0,1,2.62,2.63,11,8,21,44.911,301,248,184,1272,41.226
933,0,1,17.74,17.74,15,12,21,39.657,458,516,552,1279,30.751
934,0,1,0.21,0.22,8,5,18,45.490,294,1295,117,205,44.171
935,0,1,8.21,8.22,24,18,33,62.440,376,27,379,857,33.200
936,0,1,0.61,0.62,20,16,31,70.888,155,1112,136,124,39.527
937,0,1,10.52,10.53,19,15,28,55.092,412,1295,571,560,30.080
938,0,1,21.46,21.47,17,14,34,71.638,518,62,595,1144,43.389
939,0,1,18.87,18.88,21,17,28,48.930,588,1314,187,460,37.738
940,0,1,0.42,0.43,15,10,26,59.843,486,101,152,1201,45.984
941,0,1,11.39,11.40,18,15,32,71.164,280,151,25,1202,43.260
942,0,1,3.18,3.19,20,13,31,73.339,322,194,41,1313,46.150
943,0,1,0.71,0.72,12,9,25,54.523,296,140,208,1152,40.633
944,0,1,3.93,3.93,15,10,24,52.239,374,503,60,1192,30.287
945,0,1,0.98,0.98,16,13,28,59.632,539,898,406,109,32.005
946,0,1,0.08,0.08,12,11,29,67.195,507,1083,520,176,36.284
947,0,1,0.28,0.29,14,11,28,63.138,444,20,442,809,31.560
948,0,1,0.97,0.98,12,10,25,53.842,408,243,77,1189,40.089
949,0,0,500.01,500.01,0,0,0,0.000,553,1285,261,345,39.372
950,0,1,0.26,0.27,12,6,19,45.668,478,200,335,1302,44.450
951,0,1,0.03,0.03,7,5,19,47.048,180,71,378,1084,41.287
952,0,0,500.01,500.01,0,0,0,0.000,252,1161,265,345,32.644
953,0,1,11.89,11.90,26,20,40,77.441,449,30,575,1022,39.999
954,0,1,4.29,4.30,16,12,29,63.471,329,16,186,1344,53.427
955,0,1,0.64,0.64,15,10,28,63.209,217,224,540,1238,42.568
956,0,1,0.02,0.02,7,4,14,35.686,385,271,354,1105,33.383
957,0,1,19.84,19.85,18,13,26,49.036,509,1287,256,445,35.168
958,0,1,0.15,0.16,12,9,22,48.481,197,439,204,1235,31.841
959,0,1,5.59,5.60,20,12,26,60.717,428,1360,144,365,41.389
960,0,1,1.32,1.33,20,15,30,63.182,460,992,204,168,34.514
961,0,1,0.96,0.96,18,8,21,49.715,172,237,540,911,30.717
962,0,1,0.26,0.27,13,11,25,55.571,257,1138,216,139,39.994
963,0,1,0.16,0.16,9,6,21,50.037,244,1035,410,25,40.942
964,0,1,10.17,10.18,17,14,29,62.539,151,1030,613,247,36.366
965,0,1,0.16,0.16,13,10,29,63.334,377,1275,119,344,38.643
966,0,1,7.79,7.80,15,11,28,63.615,465,1370,35,236,48.512
967,0,1,0.04,0.04,7,4,19,49.100,249,1172,279,27,45.816
968,0,1,4.76,4.77,16,11,23,46.400,532,296,144,960,30.762
969,0,1,1.06,1.07,13,10,20,40.958,530,750,176,61,30.985
970,0,1,0.17,0.18,14,10,28,64.314,270,1203,204,102,44.119
971,0,1,1.43,1.44,22,13,30,71.826,469,1113,497,195,36.737
972,0,1,0.01,0.01,5,2,13,34.159,217,936,176,83,34.159
973,0,1,2.42,2.43,24,17,41,92.216,162,1080,577,42,44.715
974,0,1,2.25,2.25,17,14,24,44.690,181,127,44,929,32.545
975,0,1,0.39,0.40,16,13,31,68.495,383,136,240,925,32.074
976,0,1,23.54,23.55,23,15,31,63.259,94,364,412,1316,40.148
977,0,1,0.51,0.52,11,8,25,61.125,91,22,331,1244,49.814
978,0,1,3.30,3.31,14,11,25,55.296,526,1230,186,298,39.683
979,0,1,1.69,1.69,11,9,20,46.290,444,929,76,184,33.237
980,0,1,9.37,9.39,18,16,34,68.288,550,1208,238,15,49.325
981,0,1,0.59,0.59,17,12,32,78.778,83,919,24,46,35.000
982,0,1,3.47,3.48,11,9,18,35.577,220,1306,469,558,31.534
983,0,1,5.69,5.70,23,19,33,64.789,118,1281,519,218,45.445
984,0,1,0.02,0.03,5,3,13,31.358,309,1235,437,478,30.710
985,0,1,3.39,3.39,11,8,21,48.759,391,1195,606,114,44.087
986,0,1,0.08,0.09,13,10,34,82.049,379,29,355,1069,41.611
987,0,1,24.22,24.23,16,14,29,58.498,186,296,427,1266,39.980
988,0,1,1.68,1.69,13,12,29,62.230,64,1336,120,29,52.328
989,0,1,7.59,7.59,14,11,22,44.326,503,1219,239,513,30.150
990,0,1,11.61,11.62,23,19,39,75.133,599,589,445,1368,31.763
991,0,1,0.14,0.15,8,7,20,48.729,432,988,122,34,40.124
992,0,1,0.12,0.12,7,6,19,43.602,436,1181,507,114,42.774
993,0,1,0.87,0.88,16,13,27,64.031,257,1312,77,494,33.503
994,0,1,1.34,1.35,27,18,32,70.182,50,485,359,1180,30.424
995,0,1,0.06,0.07,12,9,25,56.317,85,355,360,1248,37.375
996,0,0,500.01,500.01,0,0,0,0.000,144,1189,257,329,34.696
997,0,1,0.14,0.15,12,9,24,58.499,431,20,184,1153,46.384
998,0,1,94.01,94.02,23,17,31,53.489,23,170,147,1234,42.848
999,0,1,0.04,0.05,8,6,23,55.968,250,1211,42,178,42.149
1000,0,1,0.26,0.27,17,11,30,74.538,590,147,271,1254,46.082
1001,0,1,0.12,0.12,10,7,27,67.571,611,46,203,1114,45.731
1002,0,1,0.54,0.55,17,10,28,65.648,167,1082,571,376,32.537
1003,0,1,14.33,14.34,17,14,24,44.733,273,417,497,1207,32.846
1004,0,1,2.89,2.90,16,11,31,68.806,536,402,553,1335,37.326
1005,0,1,0.37,0.38,13,11,29,65.823,264,164,449,1277,45.131
1006,0,1,1.46,1.46,18,11,26,51.770,349,41,497,827,31.992
1007,0,1,21.08,21.09,27,23,39,74.814,58,233,616,1318,48.803
1008,0,1,2.40,2.41,23,17,35,77.341,175,1008,578,35,42.126
1009,0,1,0.21,0.22,13,11,23,50.889,293,954,489,128,33.957
1010,0,1,0.13,0.13,7,6,15,33.625,409,910,489,90,32.956
1011,0,1,0.59,0.59,14,12,23,50.955,38,748,549,22,35.512
1012,0,1,0.11,0.12,10,8,23,56.057,426,1118,106,46,44.750
1013,0,1,17.95,17.96,17,12,24,45.058,421,401,227,1277,35.889
1014,0,1,0.02,0.03,7,6,22,54.014,351,1180,44,242,39.478
1015,0,1,0.58,0.59,12,10,27,59.232,185,1269,585,469,35.777
1016,0,1,0.10,0.11,10,8,30,73.146,363,1326,517,149,47.481
1017,0,1,0.67,0.68,10,7,16,36.680,360,384,347,1242,34.324
1018,0,1,10.88,10.90,28,17,36,75.256,504,329,588,1134,32.375
1019,0,1,0.02,0.03,5,5,17,40.937,473,1030,218,259,32.483
1020,0,1,0.64,0.64,9,8,19,42.373,250,897,375,154,30.138
1021,0,1,2.78,2.79,26,16,40,89.138,548,57,606,1318,50.493
1022,0,1,1.02,1.03,15,9,23,50.060,211,1008,491,98,38.084
1023,0,1,1.10,1.11,23,10,30,72.609,280,1117,588,12,45.885
1024,0,1,3.56,3.57,25,19,36,73.902,553,1241,250,210,42.984
1025,0,1,52.36,52.36,19,17,32,60.895,303,153,64,1124,39.999
1026,0,1,0.05,0.05,9,5,20,52.411,215,45,431,1035,40.532
1027,0,1,0.03,0.03,6,3,12,32.170,442,392,387,1190,31.996
1028,0,1,13.51,13.53,25,17,40,87.705,590,47,618,1232,47.413
1029,0,1,0.31,0.32,8,6,17,39.172,366,1042,396,135,36.300
1030,0,1,0.01,0.02,5,3,13,32.737,441,437,348,1242,32.414
1031,0,1,0.02,0.03,5,5,18,41.814,195,171,130,1085,36.652
1032,0,1,6.22,6.24,18,17,35,66.487,575,1207,195,389,36.078
1033,0,1,2.61,2.62,8,6,19,46.089,456,177,513,1237,42.461
1034,0,1,0.22,0.22,10,6,17,37.586,129,1283,202,477,32.372
1035,0,1,0.31,0.31,13,9,25,63.297,329,1318,290,48,50.824
1036,0,1,0.06,0.06,10,8,26,59.912,248,1235,385,27,48.630
1037,0,1,0.34,0.35,15,13,29,56.682,535,422,206,1129,31.192
1038,0,1,2.82,2.83,21,18,37,77.091,401,150,49,1189,43.880
1039,0,1,1.05,1.06,25,20,37,77.476,384,105,448,863,30.428
1040,0,1,0.02,0.03,7,5,17,42.759,193,813,505,39,33.381
1041,0,1,0.09,0.09,7,6,17,37.644,400,526,439,1383,34.315
1042,0,1,0.59,0.60,14,10,23,54.173,367,1067,129,121,39.019
1043,0,1,1.73,1.74,13,12,36,82.366,436,1288,534,27,50.592
1044,0,1,0.23,0.24,11,9,19,43.890,284,1101,47,377,30.472
1045,0,1,0.61,0.62,9,7,17,39.608,519,1216,423,299,36.880
1046,0,1,0.20,0.20,9,6,17,41.712,105,210,130,1134,36.974
1047,0,1,2.14,2.15,21,17,30,61.350,421,60,116,962,38.087
1048,0,1,0.04,0.05,6,6,18,38.362,422,298,349,1068,30.938
1049,0,1,19.97,19.98,17,13,27,54.176,281,33,223,1274,49.694
1050,0,1,0.44,0.44,10,7,19,40.397,438,688,92,14,30.305
1051,0,1,0.83,0.84,18,12,33,74.975,379,155,427,977,32.936
1052,0,1,0.02,0.02,6,5,19,47.900,227,248,283,1162,36.629
1053,0,1,2.52,2.52,18,11,28,65.722,564,1325,193,63,52.616
1054,0,1,0.20,0.20,10,9,26,63.351,347,1283,418,35,50.001
1055,0,1,0.16,0.17,10,9,23,51.936,295,1093,566,371,30.847
1056,0,1,0.83,0.84,12,9,23,51.531,192,956,552,249,31.735
1057,0,1,3.92,3.93,19,13,31,64.872,189,1351,101,222,45.297
1058,0,1,32.63,32.64,17,9,25,57.687,394,149,209,1386,50.030
1059,0,1,0.79,0.80,19,16,37,93.147,157,1252,539,175,45.710
1060,0,1,0.11,0.11,8,6,17,39.829,232,257,445,986,30.379
1061,0,1,0.61,0.61,12,8,21,48.114,439,1347,449,175,46.882
1062,0,1,0.12,0.13,12,9,29,70.014,409,1180,335,53,45.177
1063,0,1,2.65,2.66,10,7,18,40.312,296,1125,98,380,30.835
1064,0,1,0.10,0.11,12,8,24,58.675,517,195,226,928,31.546
1065,0,0,500.01,500.01,0,0,0,0.000,348,314,411,1171,34.373
1066,0,1,7.95,7.96,15,13,26,53.331,177,401,493,1321,38.910
1067,0,1,0.63,0.64,18,13,28,62.762,403,177,339,1251,43.036
1068,0,1,0.02,0.02,6,4,20,50.928,377,1309,215,82,49.506
1069,0,1,1.87,1.88,20,16,35,83.160,398,1212,587,51,47.051
1070,0,1,0.34,0.34,8,7,15,33.571,29,949,205,208,30.465
1071,0,1,0.02,0.05,9,7,28,67.099,485,998,305,162,34.206
1072,0,1,4.33,4.34,18,16,29,53.861,356,1250,615,252,41.242
1073,0,1,7.04,7.05,15,11,23,45.730,192,336,555,1191,37.155
1074,0,1,0.58,0.59,9,6,18,42.991,122,1239,444,435,34.643
1075,0,1,0.02,0.03,6,3,14,36.879,402,1190,470,271,36.860
1076,0,1,5.97,5.98,13,12,24,47.561,202,1331,135,331,40.090
1077,0,1,1.00,1.01,13,11,23,46.759,133,1196,425,487,30.671
1078,0,1,0.03,0.03,7,6,22,51.751,239,280,319,1344,42.680
1079,0,1,0.03,0.03,6,3,16,40.129,180,336,299,1327,39.925
1080,0,1,0.92,0.93,18,11,28,65.168,533,1233,286,53,48.223
1081,0,1,2.23,2.24,25,15,30,67.204,605,146,154,1004,38.772
1082,0,1,0.19,0.19,14,10,24,54.726,109,484,552,1156,32.195
1083,0,1,0.03,0.03,6,5,18,42.896,392,249,268,1103,34.518
1084,0,1,1.34,1.34,15,10,25,60.998,96,45,108,1323,51.122
1085,0,1,0.05,0.06,9,7,24,56.970,486,134,141,988,36.842
1086,0,1,0.18,0.19,11,11,26,55.147,116,1005,533,50,41.683
1087,0,1,0.10,0.11,10,9,26,62.799,150,1190,218,172,40.811
1088,0,1,0.75,0.75,12,8,28,65.062,137,449,300,1345,36.428
1089,0,1,0.03,0.03,7,5,15,34.800,170,380,186,1192,32.486
1090,0,1,4.43,4.44,8,7,19,40.298,443,1266,352,489,31.292
1091,0,1,0.18,0.19,8,7,22,51.265,133,83,344,1302,49.485
1092,0,1,1.17,1.18,15,12,22,45.971,135,33,560,694,31.434
1093,0,1,1.22,1.23,14,10,25,56.695,249,1133,59,217,37.420
1094,0,1,0.86,0.86,13,13,29,59.628,351,1335,496,195,45.967
1095,0,1,1.93,1.93,18,10,23,51.425,434,896,65,220,30.806
1096,0,1,10.79,10.80,14,12,19,34.463,171,572,214,1339,30.728
1097,0,1,0.81,0.82,13,11,28,66.602,363,1238,219,58,47.550
1098,0,1,0.08,0.08,10,7,23,55.146,509,1117,308,264,35.054
1099,0,1,0.31,0.32,11,9,17,37.783,545,787,65,191,30.610
1100,0,1,3.41,3.42,19,14,23,49.137,100,42,572,828,36.673
1101,0,1,52.67,52.68,25,19,38,78.468,591,590,154,1255,31.829
1102,0,1,0.12,0.13,10,8,23,52.485,317,158,224,1209,42.204
1103,0,1,1.22,1.23,13,10,24,54.659,511,429,141,1095,30.475
1104,0,1,1.65,1.66,13,13,26,48.897,261,286,206,1269,39.381
1105,0,1,1.83,1.83,19,13,25,47.924,60,1012,145,59,38.271
1106,0,1,0.03,0.03,9,7,22,52.000,273,249,246,1128,35.177
1107,0,0,500.01,500.01,0,0,0,0.000,438,1057,598,225,33.890
1108,0,1,0.55,0.56,20,13,31,72.665,517,443,382,1261,33.163
1109,0,1,1.63,1.64,21,15,33,72.417,452,1370,30,499,38.714
1110,0,1,13.52,13.53,22,11,23,46.259,180,352,483,1256,38.137
1111,0,1,1.60,1.61,22,14,29,63.938,267,16,334,1322,52.309
1112,0,1,0.09,0.10,12,10,28,63.679,158,57,407,1039,40.523
1113,0,1,0.72,0.73,19,17,34,67.995,323,1268,613,124,47.207
1114,0,1,0.04,0.04,7,7,18,39.064,366,1196,531,303,36.325
1115,0,1,2.57,2.58,19,14,32,73.184,149,1247,458,20,50.612
1116,0,1,0.08,0.08,10,9,27,62.258,497,395,371,1253,34.688
1117,0,1,0.05,0.06,13,10,28,69.650,312,14,290,1195,47.248
1118,0,1,4.78,4.79,21,16,34,71.267,118,1227,41,198,41.275
1119,0,1,16.12,16.13,22,16,38,82.389,91,514,605,1149,32.678
1120,0,1,0.04,0.05,8,6,19,45.562,438,887,189,25,35.890
1121,0,1,9.25,9.26,23,14,33,69.769,254,22,195,1382,54.451
1122,0,1,0.41,0.41,14,9,29,72.734,286,1308,349,52,50.303
1123,0,1,4.69,4.69,14,11,25,55.574,167,240,586,1331,46.748
1124,0,1,0.79,0.80,16,15,31,62.632,518,1277,220,271,41.968
1125,0,1,0.64,0.64,13,9,18,41.274,60,31,456,713,31.545
1126,0,1,0.01,0.02,5,4,17,42.346,464,244,362,1296,42.277
1127,0,1,0.04,0.04,6,6,18,43.279,187,22,413,901,36.304
1128,0,1,0.01,0.02,5,3,14,33.508,196,35,204,872,33.482
1129,0,1,0.02,0.02,6,6,19,43.442,405,1102,222,270,34.076
1130,0,1,0.04,0.05,8,7,23,54.910,502,391,298,1227,34.421
1131,0,0,500.01,500.01,0,0,0,0.000,297,327,151,1323,40.266
1132,0,1,89.02,89.02,12,9,17,31.732,175,598,189,1380,31.285
1133,0,1,1.89,1.90,21,11,30,72.126,175,1126,283,119,40.511
1134,0,1,32.02,32.04,26,21,36,68.548,128,199,547,1285,46.561
1135,0,1,0.04,0.04,6,5,18,41.533,175,185,466,985,34.051
1136,0,1,0.64,0.65,15,14,35,74.220,126,1251,271,58,48.071
1137,0,1,0.16,0.17,9,7,22,48.576,454,1366,494,194,46.907
1138,0,1,3.26,3.27,10,9,21,45.247,594,1315,392,455,35.336
1139,0,1,68.89,68.90,30,23,43,83.565,405,105,62,1131,43.273
1140,0,0,500.02,500.02,0,0,0,0.000,219,1133,576,225,39.026
1141,0,1,0.07,0.08,8,6,23,55.410,46,45,382,1149,46.160
1142,0,1,0.83,0.83,12,10,24,56.398,491,1124,370,189,37.712
1143,0,1,1.96,1.97,22,16,35,77.982,189,963,499,17,39.820
1144,0,1,2.92,2.93,16,12,31,72.758,50,197,117,1328,45.319
1145,0,1,1.06,1.06,15,14,27,56.980,591,1187,534,192,39.865
1146,0,1,0.79,0.80,11,10,24,54.230,447,1229,374,206,41.024
1147,0,1,2.55,2.56,13,11,21,46.342,26,928,495,323,30.620
1148,0,1,0.87,0.88,14,13,26,52.035,334,932,201,99,33.742
1149,0,0,500.01,500.01,0,0,0,0.000,314,998,310,54,37.760
1150,0,1,0.66,0.67,11,9,22,44.397,258,39,533,755,30.680
1151,0,1,0.05,0.05,8,6,16,38.117,276,1169,239,239,37.229
1152,0,1,7.42,7.43,16,11,26,60.978,265,59,222,1282,48.950
1153,0,1,0.26,0.27,14,11,23,50.386,124,96,453,1010,38.856
1154,0,1,22.89,22.90,24,22,37,71.371,229,1296,366,16,51.492
1155,0,1,0.21,0.21,9,6,25,64.127,135,1136,201,48,43.600
1156,0,1,27.03,27.04,23,18,31,58.121,355,450,493,1257,32.749
1157,0,1,0.10,0.10,10,8,25,62.051,251,1223,166,59,46.684
1158,0,1,3.59,3.59,17,12,34,79.125,95,552,190,1385,33.536
1159,0,1,93.75,93.76,21,15,33,63.360,74,213,65,1131,36.722
1160,0,1,0.66,0.67,19,14,29,60.059,605,1217,521,366,34.205
1161,0,1,21.83,21.84,21,19,32,64.782,121,252,195,1326,43.062
1162,0,1,0.29,0.30,11,8,22,56.206,122,1235,54,15,48.876
1163,0,1,0.03,0.03,5,3,15,39.212,442,323,271,1249,37.666
1164,0,1,0.49,0.50,9,5,20,47.363,383,1161,251,165,40.188
1165,0,1,3.05,3.06,20,15,27,56.685,218,303,512,1217,38.405
1166,0,1,0.01,0.01,6,4,16,39.872,466,244,342,1216,39.195
1167,0,1,0.13,0.14,11,8,23,55.389,196,1291,502,89,49.614
1168,0,1,0.17,0.18,9,6,21,54.115,300,114,360,1225,44.505
1169,0,1,0.07,0.07,8,8,19,39.652,172,58,425,804,31.509
1170,0,1,3.33,3.34,15,11,22,43.393,247,258,206,1293,41.432
1171,0,1,0.06,0.07,10,8,28,64.266,107,398,321,1281,36.342
1172,0,1,0.04,0.04,9,7,27,66.364,296,54,193,1233,47.340
1173,0,1,1.08,1.09,18,12,23,48.338,597,813,137,153,32.179
1174,0,1,1.99,2.00,14,13,26,51.573,69,1204,518,303,40.267
1175,0,1,10.64,10.65,18,12,33,71.523,520,43,524,1200,46.280
1176,0,1,0.09,0.09,8,8,23,51.898,618,98,353,1237,46.777
1177,0,1,0.04,0.05,7,5,20,51.964,198,1043,315,265,31.470
1178,0,1,0.92,0.92,12,11,23,51.253,296,1142,283,130,40.483
1179,0,1,2.07,2.08,11,9,18,36.714,130,181,129,996,32.600
1180,0,1,1.30,1.30,17,12,28,64.678,542,1273,178,123,48.249
1181,0,1,0.09,0.10,10,9,23,55.027,267,106,427,1160,42.643
1182,0,1,0.22,0.22,13,9,27,59.135,116,51,494,1144,46.261
1183,0,1,0.03,0.03,8,6,23,55.886,535,372,406,1165,32.137
1184,0,1,10.69,10.70,20,14,27,57.244,232,241,611,1206,41.470
1185,0,1,19.48,19.48,15,11,22,42.730,425,291,530,1231,37.834
1186,0,1,0.32,0.32,11,8,21,45.006,537,1206,371,286,37.394
1187,0,1,6.92,6.93,18,17,31,59.265,39,235,506,1209,43.207
1188,0,1,10.19,10.20,16,13,31,60.726,424,1367,108,189,48.786
1189,0,1,0.41,0.41,11,10,28,64.767,536,1247,186,163,45.564
1190,0,1,2.30,2.30,20,14,29,61.670,543,1234,283,197,42.764
1191,0,1,0.06,0.07,10,6,18,43.854,452,707,39,28,31.790
1192,0,1,0.65,0.66,19,10,37,90.049,257,1031,512,42,40.854
1193,0,1,0.55,0.56,15,10,27,62.258,377,1265,280,148,44.848
1194,0,1,3.80,3.81,21,15,37,86.401,97,1278,366,47,50.402
1195,0,1,13.62,13.63,18,13,31,65.649,136,87,518,1279,50.069
1196,0,1,0.09,0.10,14,10,26,62.880,167,1109,201,269,33.628
1197,0,1,2.81,2.81,9,8,22,46.550,577,1146,214,356,34.776
1198,0,1,0.32,0.32,8,7,17,35.910,211,432,213,1284,34.080
1199,0,1,1.97,1.98,12,9,22,51.068,478,1093,88,293,35.600
1200,0,1,35.40,35.41,18,11,22,42.865,261,515,475,1320,33.318
1201,0,1,1.19,1.20,14,8,23,55.364,278,1237,183,116,45.001
1202,0,0,500.01,500.01,0,0,0,0.000,346,317,321,1213,35.854
1203,0,1,1.19,1.20,15,13,26,55.090,294,174,278,1177,40.125
1204,0,1,0.06,0.07,9,5,22,56.642,95,15,362,1332,53.752
1205,0,1,3.14,3.15,12,10,20,38.023,348,381,278,1219,33.637
1206,0,1,0.32,0.33,12,8,23,49.506,541,24,262,938,38.225
1207,0,1,0.16,0.17,9,8,21,46.200,113,39,235,1114,43.276
1208,0,1,0.04,0.04,6,3,16,40.718,582,13,172,671,31.011
1209,0,1,54.49,54.50,19,15,29,52.040,187,207,510,1207,42.035
1210,0,1,0.14,0.15,14,10,24,61.047,276,112,194,935,33.083
1211,0,1,0.25,0.26,13,11,28,59.920,247,207,373,1297,43.890
1212,0,1,40.24,40.26,27,17,31,55.707,107,335,421,1385,43.838
1213,0,1,0.30,0.30,15,10,31,72.414,342,23,529,1145,45.499
1214,0,1,1.48,1.48,14,12,28,62.167,561,1001,35,52,43.401
1215,0,1,0.41,0.42,15,8,27,63.151,298,1219,297,62,46.280
1216,0,1,0.39,0.40,10,6,20,49.688,268,1111,483,210,37.052
1217,0,1,3.96,3.97,26,21,42,96.640,43,496,187,1371,35.471
1218,0,1,1.06,1.07,13,9,23,49.724,371,1177,594,297,36.313
1219,0,1,59.19,59.20,22,14,24,43.523,176,332,91,1319,39.626
1220,0,1,0.67,0.68,17,13,34,74.363,33,1133,93,25,44.385
1221,0,1,0.57,0.58,15,9,31,76.609,361,24,437,877,34.255
1222,0,1,0.09,0.10,9,8,26,61.444,310,1218,199,315,36.392
1223,0,1,3.33,3.34,24,17,33,72.646,258,1062,50,185,36.053
1224,0,1,0.16,0.17,9,8,27,63.453,99,174,139,1135,38.473
1225,0,1,67.08,67.10,23,20,37,69.622,34,380,580,1327,43.725
1226,0,1,0.02,0.02,7,6,20,47.141,565,169,448,1239,43.055
1227,0,1,11.31,11.32,14,13,25,44.701,433,1359,72,653,31.718
1228,0,1,0.05,0.05,7,6,21,50.036,237,1112,258,165,37.889
1229,0,1,6.31,6.32,18,12,27,59.090,288,145,592,1312,48.238
1230,0,1,0.41,0.42,8,8,23,51.633,500,1114,94,331,35.280
1231,0,1,0.48,0.48,15,11,24,48.112,283,1091,128,86,40.675
1232,0,1,0.18,0.19,15,11,26,61.352,609,371,317,1113,31.896
1233,0,1,2.22,2.23,15,10,27,61.324,493,1199,416,271,37.248
1234,0,1,0.03,0.03,6,6,16,37.127,325,893,489,133,31.100
1235,0,1,0.03,0.03,8,5,20,49.383,447,285,305,1247,38.897
1236,0,1,4.06,4.07,17,14,29,62.233,98,1207,410,210,41.787
1237,0,1,18.00,18.01,25,15,27,53.948,385,1155,31,296,37.163
1238,0,1,0.09,0.09,10,7,24,59.163,330,46,358,1224,47.133
1239,0,1,38.49,38.50,21,15,28,53.387,200,391,590,1325,40.486
1240,0,1,0.72,0.73,13,10,28,60.602,442,273,152,1085,34.489
1241,0,1,0.52,0.53,18,12,34,83.736,114,217,440,1167,40.175
1242,0,1,1.18,1.18,16,12,25,56.313,296,1222,78,230,40.627
1243,0,1,9.34,9.35,27,17,33,72.619,289,206,151,1286,43.551
1244,0,1,2.96,2.97,19,15,34,75.409,102,39,536,1188,49.129
1245,0,1,0.04,0.04,7,6,20,46.254,417,1216,314,179,41.684
1246,0,1,0.28,0.29,12,10,29,70.337,358,1340,283,50,51.687
1247,0,1,1.41,1.41,15,12,28,62.246,201,1278,547,262,42.932
1248,0,1,0.08,0.08,9,8,28,63.332,464,56,502,1155,43.986
1249,0,1,2.18,2.18,13,9,22,52.139,191,51,534,831,34.083
1250,0,1,0.05,0.06,9,6,19,47.453,282,256,259,1290,41.370
1251,0,1,0.29,0.29,12,11,24,56.998,77,288,329,1213,38.348
1252,0,1,92.22,92.22,16,15,30,52.860,25,1134,449,276,38.282
1253,0,1,15.43,15.44,13,9,23,49.813,201,314,564,1197,38.188
1254,0,1,1.61,1.62,21,15,34,77.863,260,1077,558,53,42.659
1255,0,1,0.06,0.06,9,8,19,45.754,427,160,291,1075,37.002
1256,0,1,6.71,6.72,14,13,23,45.283,467,303,528,1208,36.282
1257,0,1,8.29,8.29,22,13,26,58.788,536,1232,567,387,33.823
1258,0,1,1.83,1.84,19,11,24,54.524,370,1063,132,140,38.128
1259,0,1,21.31,21.31,17,15,31,61.508,170,124,569,1140,43.662
1260,0,1,1.73,1.74,13,8,21,49.166,348,927,97,137,33.157
1261,0,0,500.01,500.01,0,0,0,0.000,279,320,112,1063,30.461
1262,0,1,0.33,0.34,9,7,19,42.586,429,188,315,1178,39.862
1263,0,1,0.05,0.05,5,4,16,39.263,440,393,188,1241,35.386
1264,0,1,0.04,0.04,7,7,23,54.737,127,1139,204,258,35.374
1265,0,1,0.06,0.06,11,10,21,45.393,122,1001,329,255,30.967
1266,0,1,0.08,0.08,10,8,24,55.749,532,996,257,42,39.714
1267,0,1,1.87,1.88,20,15,26,53.669,502,1274,531,400,34.979
1268,0,1,0.21,0.22,12,9,25,57.242,148,38,429,1229,48.948
1269,0,1,3.59,3.60,21,11,27,60.880,350,1323,121,420,37.263
1270,0,1,0.29,0.29,9,8,21,43.278,197,970,470,192,32.980
1271,0,1,0.32,0.32,12,9,27,64.801,368,1272,94,499,32.805
1272,0,1,1.06,1.07,15,6,19,44.866,335,1125,617,165,40.022
1273,0,1,6.57,6.58,15,12,25,52.058,464,316,151,1228,38.569
1274,0,1,1.96,1.97,14,9,18,38.902,206,12,94,851,33.858
1275,0,1,72.11,72.12,28,17,39,83.682,617,131,500,1278,46.118
1276,0,0,500.01,500.01,0,0,0,0.000,249,329,510,1092,32.256
1277,0,1,23.69,23.71,20,12,28,63.460,306,237,92,1265,42.002
1278,0,1,0.02,0.02,4,2,12,30.217,177,793,202,38,30.217
1279,0,1,0.63,0.64,17,14,26,53.846,511,960,131,146,35.933
1280,0,1,2.34,2.35,20,14,27,59.773,352,1242,501,423,33.298
1281,0,1,0.07,0.08,7,7,18,38.091,275,1323,320,530,31.771
1282,0,0,500.01,500.01,0,0,0,0.000,594,204,202,865,30.740
1283,0,1,0.08,0.09,8,7,22,52.178,397,102,358,1320,48.745
1284,0,1,0.05,0.06,6,5,18,44.010,307,1208,493,161,42.536
1285,0,1,0.12,0.12,10,6,14,33.378,280,1140,194,327,32.701
1286,0,1,0.28,0.29,19,16,35,78.618,544,34,346,889,35.105
1287,0,1,15.04,15.04,17,13,25,44.937,437,249,436,1342,43.720
1288,0,1,0.03,0.03,7,5,18,44.892,262,245,371,1290,42.027
1289,0,1,3.02,3.03,24,15,27,59.956,395,1216,129,498,30.628
1290,0,1,0.10,0.11,10,7,19,47.238,352,1181,310,169,40.515
1291,0,1,0.02,0.02,6,6,19,42.232,460,315,325,1297,39.649
1292,0,1,0.04,0.05,7,5,17,42.597,497,99,436,1145,41.911
1293,0,1,0.99,1.00,18,14,34,76.870,379,1040,321,174,34.718
1294,0,1,0.24,0.25,13,9,23,49.655,540,259,482,1142,35.396
1295,0,1,40.86,40.87,20,11,29,67.384,74,47,418,1321,52.785
1296,0,1,0.09,0.10,9,8,24,56.179,332,47,304,1217,46.813
1297,0,1,0.29,0.29,11,7,25,63.209,472,1045,467,34,40.440
1298,0,1,0.86,0.87,20,13,27,62.256,83,28,182,776,30.181
1299,0,1,0.02,0.03,6,4,16,38.479,450,1214,438,394,32.804
1300,0,1,1.50,1.51,8,8,21,48.388,263,194,328,1219,41.082
1301,0,1,0.09,0.10,8,6,22,54.084,144,1095,513,154,40.431
1302,0,1,0.03,0.04,7,7,18,39.794,431,211,377,1030,32.831
1303,0,1,2.67,2.68,24,15,28,61.331,367,188,201,1042,34.799
1304,0,1,0.06,0.06,9,6,19,46.706,363,270,264,1267,40.076
1305,0,1,5.83,5.84,15,13,30,61.063,129,1206,251,127,43.435
1306,0,1,0.13,0.14,14,9,31,76.298,390,39,326,945,36.330
1307,0,1,0.02,0.02,7,7,19,44.297,361,274,294,1220,37.935
1308,0,1,1.94,1.95,18,12,28,61.693,502,1231,75,377,38.192
1309,0,1,16.29,16.30,24,16,26,49.101,274,591,421,1381,32.142
1310,0,1,0.04,0.04,7,4,15,38.589,428,21,200,800,32.467
1311,0,1,12.69,12.70,10,8,22,47.503,175,305,449,1300,41.281
1312,0,1,0.18,0.19,14,8,22,52.916,50,202,442,945,33.603
1313,0,1,0.18,0.18,7,6,19,46.474,372,46,231,997,38.456
1314,0,1,0.72,0.73,11,8,20,46.348,408,143,306,888,30.078
1315,0,1,0.26,0.27,13,10,23,48.619,565,18,135,695,32.081
1316,0,0,500.01,500.01,0,0,0,0.000,126,1199,361,315,36.588
1317,0,1,0.04,0.05,6,4,17,39.886,235,45,227,1009,38.561
1318,0,1,0.38,0.38,10,9,23,51.995,506,1323,534,193,45.214
1319,0,1,0.16,0.17,11,9,21,44.778,508,663,65,51,30.220
1320,0,1,0.09,0.10,10,9,25,56.435,316,173,543,1260,44.418
1321,0,1,0.16,0.17,9,5,17,40.250,416,28,109,740,31.015
1322,0,1,0.19,0.19,15,9,26,58.155,616,292,380,1112,34.131
1323,0,1,0.40,0.41,12,9,19,40.977,35,943,413,238,31.998
1324,0,1,0.46,0.47,12,9,25,58.370,384,47,378,1155,44.321
1325,0,1,0.56,0.57,12,9,20,44.612,516,1222,374,287,37.829
1326,0,1,2.07,2.08,17,12,25,49.162,219,332,602,1194,37.730
1327,0,1,0.72,0.73,13,8,24,60.752,195,141,319,948,32.659
1328,0,1,0.03,0.03,8,7,23,54.326,275,152,257,1239,43.486
1329,0,1,0.31,0.31,12,11,28,59.164,499,992,99,143,37.540
1330,0,1,2.74,2.75,12,11,23,45.093,29,1317,452,562,34.617
1331,0,1,4.33,4.34,12,11,23,48.087,498,1263,286,277,40.341
1332,0,1,0.31,0.31,10,7,18,39.221,536,174,285,906,30.954
1333,0,1,0.29,0.29,11,9,25,59.457,457,906,571,52,34.463
1334,0,1,0.36,0.37,14,10,26,59.477,344,1107,67,190,38.317
1335,0,1,0.49,0.50,15,13,29,63.091,144,58,317,1309,50.516
1336,0,1,0.02,0.02,8,7,18,38.832,455,1336,210,511,34.424
1337,0,1,2.95,2.96,13,12,32,70.077,314,186,192,1274,43.793
1338,0,1,0.03,0.04,6,6,19,41.748,457,947,212,126,34.271
1339,0,1,19.07,19.08,30,25,37,69.543,520,336,546,1219,35.335
1340,0,1,0.21,0.22,7,5,14,32.054,81,108,218,862,30.654
1341,0,1,0.48,0.48,12,8,18,40.859,358,410,318,1283,34.957
1342,0,1,0.45,0.46,9,8,23,53.753,525,1075,102,394,32.067
1343,0,1,0.42,0.43,17,13,33,77.641,320,1203,134,94,44.980
1344,0,1,0.04,0.04,6,4,15,35.376,457,482,313,1234,30.627
1345,0,1,0.06,0.06,10,8,21,48.202,379,409,382,1261,34.080
1346,0,1,0.27,0.28,11,8,18,38.581,486,145,429,1047,36.152
1347,0,1,52.76,52.77,18,16,27,44.309,172,473,419,1306,34.754
1348,0,1,0.04,0.04,7,5,19,45.666,293,39,231,1084,41.874
1349,0,1,0.09,0.10,11,6,28,71.481,399,56,434,1000,37.786
1350,0,1,0.08,0.09,13,7,22,52.048,435,343,415,1200,34.289
1351,0,1,35.69,35.70,22,16,28,44.396,201,513,557,1192,30.667
1352,0,1,7.14,7.15,15,9,19,39.711,463,425,505,1318,35.759
1353,0,1,0.40,0.41,12,10,23,50.205,124,1228,304,495,30.191
1354,0,1,0.20,0.20,13,7,19,44.600,139,51,227,1022,38.999
1355,0,1,0.65,0.65,14,12,31,69.643,148,1325,79,394,37.342
1356,0,1,1.88,1.89,14,11,25,54.741,535,259,264,1308,43.338
1357,0,1,44.23,44.24,12,11,28,57.466,123,28,439,1320,53.203
1358,0,1,47.06,47.07,17,12,24,49.464,209,261,490,1254,41.280
1359,0,1,1.47,1.48,15,13,29,66.347,600,1018,76,15,45.265
1360,0,1,3.15,3.16,21,16,28,60.460,507,1106,79,468,30.731
1361,0,1,0.28,0.28,10,8,25,62.036,359,202,351,1290,43.521
1362,0,1,0.58,0.59,15,11,28,61.371,322,206,131,1082,35.863
1363,0,1,0.49,0.49,8,7,17,39.584,375,400,293,1173,31.093
1364,0,1,4.21,4.22,17,12,36,83.648,490,47,350,786,30.086
1365,0,0,500.02,500.02,0,0,0,0.000,352,1247,580,200,42.862
1366,0,1,0.10,0.10,8,8,24,55.423,292,187,183,1209,41.112
1367,0,1,4.06,4.07,27,18,34,67.893,603,33,606,909,35.040
1368,0,1,79.05,79.06,18,11,22,44.336,144,1151,365,393,31.582
1369,0,1,0.29,0.29,9,7,19,42.131,312,1142,490,207,38.072
1370,0,1,60.11,60.12,30,20,31,59.832,51,657,542,1254,30.919
1371,0,1,0.04,0.05,10,8,27,63.050,316,30,292,1314,51.369
1372,0,1,0.01,0.02,6,5,18,47.206,494,153,257,1172,41.848
1373,0,1,0.02,0.03,9,5,20,50.378,448,179,246,1191,41.279
1374,0,1,5.40,5.41,34,22,37,74.151,561,475,445,1337,34.791
1375,0,1,0.08,0.08,9,7,23,55.806,365,169,199,941,31.586
1376,0,1,7.62,7.64,32,26,49,99.809,488,102,67,927,37.048
1377,0,1,0.63,0.64,13,8,24,58.841,286,896,424,15,35.670
1378,0,1,0.07,0.08,11,10,25,56.723,108,203,439,925,31.770
1379,0,1,0.23,0.24,11,8,26,61.334,367,257,506,1102,34.254
1380,0,1,0.73,0.73,9,7,18,42.417,74,1195,445,511,31.125
1381,0,1,57.19,57.20,18,15,33,64.824,101,440,556,1226,36.328
1382,0,1,0.29,0.30,12,6,18,41.523,312,1095,513,181,37.434
1383,0,1,6.15,6.16,30,19,34,67.436,215,1263,499,91,48.237
1384,0,1,0.71,0.71,12,10,30,68.192,267,1293,133,260,41.666
1385,0,1,0.90,0.91,11,10,20,40.421,346,278,138,1028,31.132
1386,0,1,8.56,8.57,25,18,31,57.333,513,149,570,1211,42.541
1387,0,1,14.77,14.78,17,15,30,62.124,102,364,198,1328,38.751
1388,0,1,3.94,3.95,15,10,29,65.504,84,1160,111,369,31.658
1389,0,1,12.91,12.91,16,15,28,53.178,618,1221,239,237,42.179
1390,0,1,0.07,0.08,10,9,22,52.184,525,848,56,37,37.474
1391,0,1,0.01,0.01,5,4,15,36.951,315,1187,195,303,35.684
1392,0,1,1.68,1.69,17,13,30,65.613,221,1156,599,97,44.978
1393,0,1,46.93,46.94,19,13,29,56.201,293,240,56,1131,36.879
1394,0,0,500.01,500.01,0,0,0,0.000,612,215,149,1191,43.210
1395,0,1,15.03,15.04,18,13,22,40.787,441,553,594,1312,30.971
1396,0,1,0.10,0.10,9,7,21,45.292,347,244,476,1094,34.389
1397,0,1,5.17,5.17,15,10,22,46.171,210,441,556,1193,33.111
1398,0,1,2.16,2.16,19,15,29,63.302,223,233,550,936,31.013
1399,0,1,0.03,0.03,8,7,24,56.980,213,14,419,1220,48.939
1400,0,1,0.04,0.05,11,5,19,49.360,437,284,360,1313,41.275
1401,0,1,3.65,3.65,17,7,21,48.783,395,253,230,1282,41.686
1402,0,1,23.19,23.20,21,11,31,68.226,604,25,209,1296,53.239
1403,0,1,0.41,0.42,15,12,30,66.730,592,1138,263,168,40.971
1404,0,1,0.15,0.16,10,8,22,53.705,544,225,349,1302,43.780
1405,0,1,1.27,1.28,13,9,19,42.846,257,858,88,26,33.960
1406,0,1,0.06,0.06,11,7,23,57.155,74,382,304,1161,32.490
1407,0,1,0.01,0.02,8,6,19,45.169,175,247,334,1111,35.140
1408,0,1,1.16,1.16,17,11,24,56.393,173,1066,407,105,39.563
1409,0,1,13.34,13.35,17,13,22,39.459,175,485,121,1258,30.995
1410,0,1,6.11,6.12,23,18,37,78.924,336,723,66,16,30.272
1411,0,1,0.03,0.04,9,7,22,49.967,584,380,241,1072,30.894
1412,0,1,0.54,0.54,12,10,30,70.330,443,54,193,1180,46.137
1413,0,1,1.26,1.26,15,12,32,74.565,157,1242,235,53,47.662
1414,0,1,6.11,6.12,17,10,20,43.716,415,534,232,1375,34.427
1415,0,1,0.07,0.07,11,10,25,56.660,454,1345,181,245,45.335
1416,0,1,0.03,0.03,6,6,20,43.761,173,376,447,1187,34.241
1417,0,1,5.86,5.87,18,15,29,60.121,415,1285,95,214,44.711
1418,0,1,7.71,7.72,16,10,26,58.993,535,297,445,1283,39.604
1419,0,1,0.56,0.56,13,11,28,61.308,247,1016,75,14,40.666
1420,0,1,0.07,0.08,11,8,22,52.151,441,162,281,1084,37.431
1421,0,1,0.08,0.08,8,7,23,53.064,422,1350,276,189,46.806
1422,0,1,0.09,0.10,10,7,22,51.397,379,955,24,25,39.818
1423,0,1,0.02,0.03,5,4,16,39.694,318,1295,465,324,39.283
1424,0,1,16.75,16.76,16,12,27,56.620,479,210,83,1201,42.688
1425,0,1,0.47,0.47,10,9,21,46.753,422,1232,401,123,44.368
1426,0,1,0.12,0.12,9,8,21,46.814,502,1155,120,328,36.439
1427,0,1,18.94,18.95,18,12,25,46.386,455,375,564,1287,36.740
1428,0,1,1.68,1.69,21,18,34,64.491,555,41,262,972,39.041
1429,0,1,3.45,3.46,18,16,27,48.680,116,191,515,950,34.299
1430,0,1,1.18,1.19,23,14,32,74.464,110,1065,265,211,34.718
1431,0,1,0.25,0.26,11,9,24,57.857,257,1120,512,174,39.191
1432,0,1,0.17,0.18,9,7,18,41.934,349,268,489,1115,34.340
1433,0,1,0.02,0.03,7,5,22,55.789,441,1227,171,73,47.407
1434,0,1,0.12,0.12,9,8,23,52.432,368,1209,466,192,40.868
1435,0,1,1.85,1.85,14,12,26,56.714,583,1005,322,21,40.721
1436,0,1,0.54,0.55,16,9,26,62.423,50,382,252,1205,33.897
1437,0,1,4.62,4.63,19,16,38,84.060,486,1275,530,33,49.711
1438,0,1,0.37,0.38,15,10,25,58.508,284,279,212,1220,37.750
1439,0,1,0.24,0.25,15,11,26,56.183,114,1285,183,455,33.315
1440,0,1,1.48,1.48,15,7,15,32.341,488,211,385,957,30.123
1441,0,1,0.87,0.88,19,14,33,78.129,177,1387,478,51,54.780
1442,0,1,0.09,0.09,8,6,16,39.849,184,237,270,1058,33.020
1443,0,1,0.49,0.50,10,8,21,48.197,222,265,275,1131,34.705
1444,0,1,0.16,0.17,12,10,26,56.417,449,1274,196,361,37.896
1445,0,1,0.26,0.26,13,11,30,67.862,516,396,335,1215,33.550
1446,0,1,0.26,0.26,15,10,24,56.209,108,29,420,717,30.218
1447,0,1,0.21,0.21,14,11,33,75.958,533,47,356,1138,44.211
1448,0,1,2.00,2.00,16,11,23,50.473,113,170,269,988,33.310
1449,0,1,2.98,2.99,21,14,33,72.721,391,1188,488,42,46.004
1450,0,1,0.04,0.05,13,8,33,85.054,37,29,455,746,33.198
1451,0,1,0.25,0.26,9,6,18,43.296,258,1026,271,17,40.363
1452,0,1,0.08,0.09,11,9,27,63.155,321,1148,109,59,44.378
1453,0,1,0.11,0.12,11,10,27,63.969,293,1164,185,36,45.326
1454,0,1,13.95,13.96,22,13,25,53.156,201,76,83,1211,45.645
1455,0,1,0.12,0.13,10,9,23,54.189,127,63,363,1228,47.547
1456,0,1,0.14,0.15,11,9,26,60.316,193,1115,176,111,40.166
1457,0,1,0.39,0.39,10,7,21,49.213,214,167,469,1003,34.961
1458,0,1,0.03,0.03,7,5,16,36.562,454,265,321,1141,35.442
1459,0,1,0.44,0.45,14,10,20,48.182,231,1319,445,581,30.736
1460,0,1,1.69,1.69,17,11,27,58.506,249,1128,311,211,36.764
1461,0,1,0.15,0.15,15,14,35,81.235,149,1246,188,183,42.549
1462,0,1,13.50,13.51,27,24,44,84.863,222,1347,23,570,32.083
1463,0,1,0.02,0.02,6,5,20,48.352,358,1323,234,494,33.529
1464,0,1,0.01,0.02,5,5,18,41.496,245,1155,207,348,32.316
1465,0,1,0.23,0.24,10,9,25,58.475,361,1269,618,379,37.055
1466,0,1,2.21,2.21,18,15,24,45.834,498,873,614,106,31.029
1467,0,1,0.06,0.06,8,7,25,57.462,132,200,211,1195,39.925
1468,0,1,9.08,9.09,20,16,34,68.361,114,14,590,1128,48.457
1469,0,1,6.10,6.11,10,8,17,39.738,441,365,426,1280,36.605
1470,0,1,0.07,0.08,11,7,24,59.461,428,237,200,968,30.629
1471,0,1,0.02,0.02,6,4,15,39.955,322,1106,199,188,37.048
1472,0,1,3.47,3.47,21,11,20,37.840,182,120,543,784,30.232
1473,0,1,1.25,1.26,20,16,35,72.587,54,575,361,1313,31.972
1474,0,1,1.01,1.02,13,8,22,54.300,90,308,435,1190,37.883
1475,0,1,2.95,2.95,17,15,31,67.147,533,1249,206,18,50.948
1476,0,1,67.88,67.89,23,17,36,70.140,254,158,79,1330,47.400
1477,0,1,0.04,0.05,7,7,20,45.393,267,183,368,1158,39.209
1478,0,1,0.58,0.60,13,12,29,63.371,523,1321,223,49,52.276
1479,0,1,3.33,3.34,20,16,36,77.253,114,45,603,816,36.520
1480,0,1,0.71,0.72,13,9,23,58.018,143,1267,182,22,49.824
1481,0,1,4.61,4.62,12,10,21,44.451,417,1329,178,456,36.205
1482,0,1,0.58,0.58,10,7,21,50.054,230,1113,101,114,40.292
1483,0,1,0.42,0.43,12,9,25,56.756,148,1038,598,53,43.317
1484,0,1,0.03,0.04,7,5,16,36.849,106,226,214,1098,35.147
1485,0,1,1.97,1.98,15,10,24,54.679,107,990,292,163,33.898
1486,0,1,0.04,0.05,6,5,15,36.747,177,561,257,1310,30.130
1487,0,1,0.85,0.85,10,9,25,59.164,94,1218,374,258,40.000
1488,0,1,8.86,8.87,22,17,33,72.864,551,1189,295,164,42.259
1489,0,1,2.83,2.83,14,11,30,66.292,189,59,584,1006,41.043
1490,0,1,0.08,0.09,10,8,22,50.127,375,381,287,1287,36.411
1491,0,1,0.41,0.42,12,11,21,43.844,84,98,433,779,30.609
1492,0,1,0.38,0.38,13,9,22,55.580,368,1089,395,176,36.536
1493,0,1,0.02,0.03,8,6,24,62.125,367,36,314,1155,44.810
1494,0,1,1.25,1.25,13,10,22,48.895,343,511,22,1320,34.814
1495,0,1,5.94,5.95,21,16,34,72.065,196,1297,109,138,46.490
1496,0,1,1.40,1.40,17,10,24,52.602,91,47,535,877,37.652
1497,0,1,3.47,3.48,19,12,26,55.598,104,222,509,1248,44.122
1498,0,1,0.05,0.05,7,4,15,34.735,481,1108,445,347,30.474
1499,0,1,0.06,0.06,6,5,14,33.991,132,203,222,1022,32.957
1500,0,1,10.07,10.07,11,9,23,53.407,296,192,448,1367,47.392
1501,0,1,0.03,0.04,6,5,17,39.782,234,257,204,1146,35.580
1502,0,1,0.27,0.28,17,13,37,84.441,35,51,314,1126,44.425
1503,0,1,0.01,0.02,5,3,14,35.611,195,419,338,1283,35.030
1504,0,1,1.23,1.23,13,10,25,56.583,250,1190,508,393,33.509
1505,0,1,2.46,2.47,22,20,39,78.413,84,97,493,1240,48.559
1506,0,1,12.75,12.76,16,15,30,66.064,495,1275,188,112,48.113
1507,0,1,1.79,1.80,23,15,25,54.558,333,57,91,907,35.351
1508,0,1,0.09,0.10,9,7,22,52.202,294,136,363,1266,45.284
1509,0,1,0.09,0.09,12,11,32,72.434,440,60,331,889,33.445
1510,0,1,0.10,0.11,11,7,23,55.836,521,442,279,1181,31.105
1511,0,1,0.05,0.05,6,5,17,40.052,125,216,466,922,31.362
1512,0,1,0.07,0.07,9,7,18,45.375,271,1151,336,272,35.256
1513,0,1,1.92,1.93,20,11,30,74.669,320,1309,286,183,45.061
1514,0,1,0.06,0.06,8,5,20,51.223,311,928,511,57,35.747
1515,0,1,0.04,0.04,9,9,24,52.793,387,1080,212,136,38.403
1516,0,1,0.05,0.05,7,6,20,48.893,212,1192,218,308,35.361
1517,0,1,0.02,0.03,7,5,23,60.488,276,1246,192,49,47.998
1518,0,1,0.84,0.84,16,11,21,45.364,524,846,80,202,31.289
1519,0,1,0.25,0.25,14,10,29,71.094,576,54,430,1195,46.012
1520,0,1,0.05,0.05,8,6,18,39.589,351,1115,335,262,34.126
1521,0,1,0.62,0.63,17,10,31,76.278,514,19,255,1024,41.513
1522,0,1,0.02,0.02,7,7,18,39.041,449,277,267,1057,32.038
1523,0,1,37.33,37.35,23,17,33,69.494,351,181,419,1297,44.723
1524,0,1,36.29,36.30,23,16,38,81.296,488,16,336,759,30.336
1525,0,1,1.45,1.46,16,13,27,65.595,440,1015,312,240,31.420
1526,0,1,0.32,0.33,15,10,27,61.373,263,188,399,1111,37.319
1527,0,1,1.66,1.67,15,10,28,65.788,605,91,118,1030,42.311
1528,0,1,25.65,25.66,23,16,33,72.609,292,166,95,1223,43.008
1529,0,1,0.02,0.03,5,3,14,35.740,191,63,220,953,35.619
1530,0,1,1.04,1.05,11,8,16,35.680,370,962,506,148,33.011
1531,0,1,1.56,1.57,10,10,23,52.007,332,1142,102,196,38.942
1532,0,1,0.58,0.58,15,11,30,67.334,608,1135,445,361,31.639
1533,0,1,0.10,0.11,9,9,23,54.610,234,55,375,1194,45.908
1534,0,1,0.31,0.32,18,14,37,80.854,288,20,189,819,32.204
1535,0,1,3.83,3.84,24,16,30,60.712,134,1323,104,545,31.143
1536,0,1,1.22,1.23,17,13,34,76.157,594,575,367,1350,32.302
1537,0,1,0.04,0.04,5,4,17,41.831,177,42,271,1070,41.292
1538,0,1,0.19,0.20,12,10,26,56.766,231,1380,458,276,45.084
1539,0,0,500.01,500.01,0,0,0,0.000,269,1204,266,339,34.600
1540,0,1,0.45,0.46,10,9,23,49.056,339,1327,547,417,37.339
1541,0,1,0.02,0.04,5,4,15,35.726,442,464,190,1244,32.788
1542,0,1,11.35,11.35,15,11,27,56.617,194,76,412,1277,48.825
1543,0,1,0.78,0.79,16,11,23,46.888,401,1141,603,148,40.534
1544,0,1,2.43,2.44,25,16,31,67.568,511,1282,31,49,52.925
1545,0,1,0.79,0.80,14,11,24,55.309,426,1122,302,106,40.942
1546,0,1,2.48,2.50,30,23,47,104.063,113,1262,111,439,32.920
1547,0,1,1.05,1.06,22,14,28,60.721,597,378,267,1175,34.505
1548,0,1,0.46,0.47,8,4,14,34.690,173,810,282,55,30.513
1549,0,1,0.75,0.76,16,13,31,68.140,281,47,603,1019,40.958
1550,0,1,2.75,2.76,23,13,24,49.165,523,345,169,1145,34.993
1551,0,1,0.14,0.14,8,5,18,44.203,253,16,325,956,37.710
1552,0,1,4.96,4.97,21,16,31,61.268,598,100,195,1338,52.078
1553,0,1,0.30,0.30,7,6,18,41.608,431,1083,387,96,39.519
1554,0,1,0.11,0.12,9,6,18,43.380,410,192,286,1127,37.727
1555,0,1,0.28,0.28,11,9,23,50.775,148,42,467,1039,41.872
1556,0,1,0.04,0.04,8,5,22,59.003,235,50,377,1030,39.609
1557,0,1,0.03,0.04,7,6,18,40.259,449,1195,372,255,37.726
1558,0,1,4.15,4.16,28,16,31,70.772,540,45,511,829,31.381
1559,0,1,0.27,0.27,13,11,34,80.502,195,1083,552,37,44.210
1560,0,1,0.09,0.09,9,9,26,59.231,142,23,451,830,34.565
1561,0,1,14.68,14.69,27,13,25,54.541,109,290,493,1252,41.432
1562,0,1,0.09,0.09,8,7,23,56.417,373,32,283,1278,49.970
1563,0,1,0.56,0.56,13,13,23,46.208,568,828,132,72,34.909
1564,0,1,14.59,14.60,30,25,43,74.886,598,46,582,910,34.566
1565,0,1,0.02,0.02,5,4,17,41.546,216,182,313,1165,39.511
1566,0,1,15.56,15.57,19,15,33,66.183,343,23,203,1309,51.744
1567,0,1,0.03,0.04,6,4,16,39.699,171,72,252,1035,38.656
1568,0,1,3.54,3.55,21,16,36,69.909,537,423,608,1220,32.006
1569,0,1,11.06,11.07,21,13,32,74.899,458,53,441,1283,49.205
1570,0,1,0.11,0.12,11,8,24,55.701,450,1110,249,42,43.470
1571,0,1,0.01,0.01,4,3,13,31.407,431,1050,425,265,31.401
1572,0,1,6.42,6.43,19,14,24,44.432,332,457,226,1342,35.653
1573,0,1,0.03,0.03,7,6,17,40.623,372,1343,320,487,34.303
1574,0,1,1.36,1.36,16,9,26,60.228,495,1137,90,441,32.210
1575,0,1,1.54,1.54,10,8,18,38.019,367,281,575,1002,30.016
1576,0,1,5.43,5.43,15,11,27,62.953,132,260,220,1381,44.978
1577,0,1,2.83,2.84,16,13,30,63.671,436,1347,184,70,52.065
1578,0,1,0.21,0.22,17,8,24,55.958,616,134,188,979,37.888
1579,0,1,0.05,0.05,8,5,20,51.765,75,303,376,1185,37.278
1580,0,1,15.48,15.50,32,20,37,84.205,582,374,120,1223,38.663
1581,0,1,0.41,0.42,13,10,24,54.060,250,50,153,1069,40.944
1582,0,1,0.03,0.04,8,6,24,58.236,181,1065,377,207,35.204
1583,0,1,80.21,80.22,28,20,30,44.292,355,572,183,1338,31.403
1584,0,1,0.98,0.98,14,13,26,53.944,475,1331,202,280,43.435
1585,0,1,0.08,0.08,6,6,19,42.342,383,243,359,1128,35.413
1586,0,1,2.23,2.24,17,14,36,78.625,591,1204,369,27,47.910
1587,0,1,1.40,1.41,21,16,30,65.435,554,926,535,166,30.409
1588,0,1,1.50,1.51,18,14,31,66.471,328,1215,37,287,38.902
1589,0,1,0.41,0.41,12,12,30,64.825,407,1374,209,90,51.967
1590,0,1,0.56,0.56,12,11,22,44.199,340,907,237,31,35.281
1591,0,1,7.66,7.67,32,21,33,68.670,157,1320,55,489,33.489
1592,0,1,0.10,0.11,8,7,20,50.201,344,272,409,1068,31.946
1593,0,1,1.92,1.92,15,11,24,46.754,566,1009,310,188,34.399
1594,0,1,8.98,8.99,22,15,30,67.194,148,62,583,1219,49.443
1595,0,1,0.23,0.24,18,14,37,85.335,614,126,418,1146,41.546
1596,0,1,28.97,28.98,24,16,28,51.021,179,91,537,914,35.900
1597,0,1,0.22,0.23,15,12,30,68.810,554,590,194,1312,32.271
1598,0,1,0.08,0.08,10,7,25,60.276,297,40,355,1092,42.144
1599,0,1,0.38,0.39,15,10,30,71.009,540,23,341,1103,43.927
1600,0,1,0.45,0.46,14,10,25,54.863,485,1256,114,413,36.841
1601,0,1,0.02,0.02,6,5,18,42.706,210,72,277,1118,41.926
1602,0,1,0.16,0.17,9,6,19,44.953,544,1261,192,457,35.107
1603,0,1,1.21,1.22,20,15,30,65.782,134,90,370,1343,51.001
1604,0,1,4.74,4.75,17,13,23,45.110,374,596,532,1333,30.150
1605,0,1,36.93,36.94,20,12,22,42.179,438,471,143,1315,35.763
1606,0,1,0.14,0.15,12,10,25,58.261,306,1078,326,31,41.888
1607,0,1,0.09,0.10,7,6,22,50.182,430,259,123,989,31.677
1608,0,1,0.30,0.31,14,11,24,51.054,299,1093,188,256,33.773
1609,0,1,0.32,0.33,12,8,18,38.188,265,979,471,206,31.999
1610,0,1,0.03,0.03,6,5,19,44.515,468,27,186,848,34.723
1611,0,1,2.11,2.12,17,12,26,55.988,211,1379,492,172,49.571
1612,0,1,0.09,0.10,9,9,26,57.362,196,1356,290,152,48.307
1613,0,1,0.03,0.04,9,7,28,68.077,369,1244,426,27,48.733
1614,0,1,0.27,0.28,9,8,26,59.109,566,1133,221,37,45.961
1615,0,1,0.23,0.24,12,9,22,45.913,315,1100,289,150,38.014
1616,0,1,0.05,0.05,7,6,21,49.579,33,15,197,817,32.744
1617,0,1,0.07,0.08,6,6,20,44.287,257,1294,342,514,31.385
1618,0,1,0.03,0.03,5,5,17,40.243,361,1161,471,175,39.685
1619,0,1,119.08,119.10,28,23,41,73.116,603,44,290,737,30.416
1620,0,0,500.02,500.02,0,0,0,0.000,293,319,307,1201,35.284
1621,0,1,1.75,1.76,19,15,30,62.925,551,1241,267,256,41.005
1622,0,1,0.83,0.84,17,11,23,51.936,234,1211,280,144,42.720
1623,0,1,1.03,1.04,13,12,22,50.957,318,287,206,1337,42.238
1624,0,1,7.82,7.83,19,17,34,67.665,123,236,128,1232,39.841
1625,0,1,4.57,4.58,15,15,34,71.044,572,582,225,1337,33.237
1626,0,1,0.03,0.04,6,5,15,36.397,500,1154,449,364,31.666
1627,0,1,0.13,0.14,12,10,25,59.055,60,295,264,1074,32.211
1628,0,1,1.81,1.82,16,12,25,54.352,386,1194,120,360,35.016
1629,0,1,2.17,2.19,33,25,38,74.808,512,375,550,1235,34.434
1630,0,1,0.16,0.17,11,7,24,59.487,340,40,374,1297,50.298
1631,0,1,0.17,0.17,11,7,24,53.955,523,1043,167,291,33.280
1632,0,1,10.95,10.96,19,15,28,54.945,252,270,519,1241,40.282
1633,0,1,0.23,0.24,12,10,21,46.205,531,673,125,20,30.757
1634,0,1,46.20,46.21,21,17,26,38.663,424,616,114,1331,31.172
1635,0,1,0.03,0.04,7,5,17,39.133,233,266,395,1040,31.631
1636,0,1,0.10,0.11,12,7,27,68.918,595,62,417,1135,43.507
1637,0,1,0.22,0.23,16,9,32,77.716,551,503,157,1257,34.029
1638,0,1,0.25,0.26,16,10,26,58.952,260,208,419,1297,44.022
1639,0,1,37.86,37.87,37,25,38,63.689,132,524,140,1314,31.602
1640,0,1,0.98,1.00,20,16,30,57.635,295,28,525,821,33.027
1641,0,1,0.02,0.02,5,3,15,38.931,457,284,307,1222,37.997
1642,0,1,1.19,1.20,17,13,28,60.032,48,1336,324,507,34.949
1643,0,1,14.04,14.05,27,18,39,80.781,523,316,155,1215,38.856
1644,0,1,0.08,0.09,10,7,18,44.351,299,1238,97,312,37.911
1645,0,1,3.05,3.06,15,10,25,61.497,345,1298,93,475,34.429
1646,0,1,0.06,0.07,10,7,20,45.979,277,161,355,1044,35.458
1647,0,1,2.71,2.72,10,7,22,53.531,444,276,114,1263,41.628
1648,0,1,0.60,0.61,16,11,31,71.457,53,595,329,1329,31.367
1649,0,1,8.16,8.17,23,13,30,65.037,576,370,496,1193,33.075
1650,0,1,32.88,32.90,41,28,42,73.771,30,376,530,1323,42.836
1651,0,1,2.00,2.01,19,14,34,76.270,541,1281,533,366,36.601
1652,0,1,0.05,0.05,8,7,26,63.353,541,41,461,1129,43.637
1653,0,1,2.55,2.55,17,13,22,43.743,208,41,74,935,36.159
1654,0,1,0.03,0.04,9,6,24,62.541,335,1312,190,500,32.994
1655,0,1,0.12,0.13,11,9,24,56.842,114,90,302,1332,50.246
1656,0,0,500.01,500.01,0,0,0,0.000,562,35,318,1009,40.164
1657,0,1,0.33,0.34,11,9,24,54.766,278,59,341,926,34.771
1658,0,1,0.11,0.12,9,8,22,53.638,378,1216,62,299,38.797
1659,0,1,0.25,0.26,13,10,22,52.964,550,813,379,26,32.215
1660,0,1,3.97,3.98,16,14,26,54.869,347,1304,513,478,33.701
1661,0,1,1.44,1.45,20,12,33,74.492,474,1118,510,58,42.424
1662,0,1,8.07,8.08,16,12,20,35.772,522,1210,376,448,31.034
1663,0,1,84.57,84.58,19,12,27,53.602,271,261,444,1343,43.830
1664,0,1,26.70,26.71,19,15,27,49.046,130,382,58,1214,33.404
1665,0,1,13.14,13.14,12,9,20,36.730,394,511,521,1271,30.822
1666,0,1,1.03,1.04,12,7,21,47.501,228,1051,395,207,34.415
1667,0,1,34.52,34.52,12,9,22,47.645,81,307,221,1302,40.192
1668,0,1,19.30,19.30,15,10,27,61.009,284,170,173,1326,46.453
1669,0,1,22.22,22.22,13,11,26,54.714,481,150,211,1302,47.329
1670,0,1,77.83,77.84,34,27,48,89.995,531,62,33,1328,54.417
1671,0,1,2.42,2.43,13,11,28,63.398,109,154,525,1009,38.033
1672,0,1,10.58,10.59,13,11,29,64.469,128,249,213,1373,45.088
1673,0,1,0.60,0.60,16,11,23,44.827,371,415,451,1237,33.035
1674,0,1,67.87,67.88,20,16,31,57.583,106,389,520,1195,36.244
1675,0,1,0.03,0.04,7,6,19,46.228,315,1321,173,203,45.079
1676,0,1,0.24,0.24,13,8,22,51.645,499,992,134,67,39.776
1677,0,1,1.91,1.92,17,11,31,70.816,224,1138,616,114,43.859
1678,0,1,0.81,0.81,14,13,29,58.764,491,1231,191,15,50.098
1679,0,1,0.55,0.56,11,10,26,59.579,527,1224,171,38,49.531
1680,0,1,0.03,0.03,7,7,21,48.747,551,1155,214,202,40.433
1681,0,1,4.28,4.29,14,12,21,35.951,179,269,66,1017,30.259
1682,0,1,0.02,0.02,5,4,15,35.490,451,325,279,1148,33.631
1683,0,1,1.19,1.20,10,7,20,50.199,212,117,187,1360,49.730
1684,0,1,0.04,0.05,9,7,25,57.879,352,20,373,1184,46.568
1685,0,1,0.05,0.05,8,7,24,55.750,43,31,200,1218,47.894
1686,0,1,0.08,0.08,7,7,21,45.011,282,1231,62,197,42.286
1687,0,1,0.03,0.03,5,5,17,38.847,371,1231,482,306,37.265
1688,0,1,12.42,12.42,18,18,41,78.902,43,1136,369,28,46.199
1689,0,1,0.35,0.35,9,6,16,41.379,612,122,273,919,34.644
1690,0,1,0.03,0.03,6,5,16,34.717,173,320,303,1138,33.131
1691,0,1,2.84,2.85,14,9,19,37.531,337,897,502,92,32.869
1692,0,1,0.29,0.30,17,13,33,71.868,107,1078,178,100,39.223
1693,0,0,500.01,500.01,0,0,0,0.000,607,200,517,950,30.215
1694,0,1,0.71,0.72,13,7,21,50.561,272,1209,272,183,41.040
1695,0,1,1.96,1.97,15,13,24,50.338,181,239,606,908,31.703
1696,0,1,33.16,33.17,14,10,32,75.048,495,29,572,1153,45.065
1697,0,1,0.03,0.03,5,5,16,39.395,454,167,444,1148,39.242
1698,0,1,71.29,71.30,15,12,23,42.785,422,363,507,1190,33.254
1699,0,1,0.20,0.20,9,6,15,37.170,360,1048,576,292,31.450
1700,0,1,1.36,1.37,20,16,31,62.516,582,168,212,966,35.184
1701,0,1,0.13,0.13,10,6,21,50.633,207,910,590,30,38.389
1702,0,1,0.75,0.76,15,13,29,61.191,137,1245,365,44,48.898
1703,0,1,0.02,0.03,6,4,21,53.689,521,1158,211,42,46.330
1704,0,1,0.25,0.25,12,8,25,61.737,237,54,337,1300,50.000
1705,0,1,0.42,0.43,12,8,30,72.836,579,27,190,1194,49.205
1706,0,1,10.05,10.06,16,11,24,49.728,173,141,99,1253,44.578
1707,0,1,0.12,0.12,10,9,23,51.003,346,1090,28,292,34.361
1708,0,1,8.81,8.82,22,15,29,55.884,506,196,88,1218,44.167
1709,0,1,1.99,2.00,19,10,25,59.008,182,1375,553,464,39.346
1710,0,1,33.94,33.95,14,11,28,55.956,376,169,182,1276,44.955
1711,0,1,10.45,10.46,15,11,27,55.625,466,1313,562,356,38.472
1712,0,1,0.11,0.11,8,6,23,55.377,262,149,254,1108,38.361
1713,0,1,0.10,0.11,10,7,23,59.165,283,1240,212,47,47.804
1714,0,1,1.24,1.25,15,10,27,62.348,588,827,510,35,31.833
1715,0,1,32.63,32.64,19,14,22,39.915,459,395,613,1205,32.980
1716,0,1,0.02,0.02,6,6,19,44.979,524,186,330,1194,41.060
1717,0,1,0.23,0.23,7,7,17,39.747,391,1146,195,386,31.395
1718,0,1,1.97,1.98,19,17,30,54.739,298,148,77,924,32.274
1719,0,1,9.97,9.97,16,10,21,43.246,467,353,565,1130,31.326
1720,0,1,0.47,0.48,11,8,18,41.521,119,1195,449,447,32.702
1721,0,1,2.55,2.56,25,15,23,48.462,395,40,521,826,31.841
1722,0,1,0.52,0.52,13,10,24,52.321,423,182,222,1007,33.965
1723,0,1,1.35,1.35,10,9,18,37.402,293,261,153,1027,31.148
1724,0,1,0.16,0.17,16,13,28,59.903,35,193,200,1237,42.278
1725,0,1,0.04,0.05,9,7,22,49.828,136,200,396,1109,37.818
1726,0,1,3.53,3.54,14,10,23,47.076,103,1333,441,492,36.255
1727,0,0,500.01,500.01,0,0,0,0.000,256,338,301,1269,37.283
1728,0,1,34.26,34.27,22,16,33,70.701,55,243,581,1189,43.296
1729,0,1,0.47,0.48,18,13,32,67.293,142,182,291,1151,39.216
1730,0,1,0.48,0.48,15,14,23,46.825,40,937,224,19,37.450
1731,0,1,0.27,0.28,16,12,30,70.511,568,1161,132,343,37.078
1732,0,1,0.02,0.03,9,7,21,49.680,437,206,227,1008,33.162
1733,0,1,0.05,0.06,12,8,26,64.934,494,21,380,1055,41.611
1734,0,1,0.34,0.35,11,7,20,51.151,102,218,384,1123,37.917
1735,0,1,0.51,0.51,18,13,23,49.542,568,823,299,28,33.571
1736,0,1,1.03,1.04,10,10,22,45.604,72,988,445,324,30.464
1737,0,1,1.19,1.20,11,8,19,40.095,200,1084,75,197,35.831
1738,0,1,13.94,13.95,22,14,26,54.252,509,655,147,1328,30.567
1739,0,1,2.74,2.75,17,14,32,75.799,89,453,48,1336,35.358
1740,0,1,0.11,0.11,7,5,20,49.732,243,1047,29,50,40.788
1741,0,1,2.13,2.14,12,9,20,42.612,277,1151,102,385,31.429
1742,0,0,500.01,500.01,0,0,0,0.000,619,865,110,52,38.368
1743,0,1,74.28,74.29,28,18,38,76.577,547,35,555,1273,49.521
1744,0,1,0.34,0.35,17,11,28,66.684,405,1199,65,236,40.850
1745,0,1,0.28,0.29,19,10,30,74.089,546,185,257,1274,45.068
1746,0,1,0.49,0.50,15,12,30,69.090,41,31,399,1149,46.957
1747,0,1,0.49,0.49,16,13,26,57.361,500,1013,375,52,38.764
1748,0,1,12.10,12.11,25,16,31,66.094,298,111,94,1312,48.728
1749,0,1,0.16,0.16,12,9,23,54.918,128,122,283,967,34.364
1750,0,1,0.12,0.13,12,8,21,48.329,125,156,408,1199,43.228
1751,0,1,0.46,0.46,17,11,26,59.333,111,486,385,1194,30.367
1752,0,1,4.66,4.67,16,13,29,59.950,503,114,47,1211,47.520
1753,0,1,0.02,0.02,5,3,16,40.780,361,1253,450,240,40.676
1754,0,1,5.31,5.32,29,22,33,65.922,283,62,109,932,35.489
1755,0,1,0.67,0.68,22,14,37,80.849,292,1294,273,100,47.766
1756,0,1,0.92,0.93,18,15,32,72.741,498,153,395,1016,34.765
1757,0,1,0.41,0.42,10,8,22,47.917,334,913,196,24,35.986
1758,0,1,14.53,14.54,23,14,35,73.621,262,89,585,1147,44.248
1759,0,0,500.02,500.02,0,0,0,0.000,618,221,443,1199,39.741
1760,0,0,500.03,500.03,0,0,0,0.000,249,368,344,1247,35.365
1761,0,1,0.58,0.59,10,9,22,47.420,384,945,398,171,30.965
1762,0,1,50.31,50.32,27,15,22,43.651,94,640,483,1331,31.719
1763,0,1,3.19,3.19,14,10,24,53.890,157,1164,557,414,34.000
1764,0,1,0.32,0.32,8,6,26,65.571,309,1234,614,17,50.185
1765,0,1,0.16,0.17,8,7,23,54.956,614,389,282,1065,30.125
1766,0,1,0.03,0.03,6,4,17,40.940,464,339,195,1168,34.862
1767,0,1,1.46,1.47,17,11,22,49.337,288,99,330,956,34.321
1768,0,0,500.01,500.01,0,0,0,0.000,340,323,514,1195,35.568
1769,0,1,72.11,72.12,21,16,26,42.637,321,45,246,855,32.539
1770,0,1,1.30,1.31,15,11,27,61.307,187,1376,501,393,41.277
1771,0,1,16.57,16.58,11,8,20,45.186,192,345,106,1237,35.845
1772,0,1,0.02,0.03,5,4,14,35.283,420,1049,384,247,32.112
1773,0,1,3.31,3.32,21,15,36,79.856,482,1224,519,32,47.703
1774,0,1,12.66,12.66,15,12,23,44.967,174,325,135,1330,40.230
1775,0,1,0.22,0.23,11,9,31,73.933,529,38,311,1240,48.864
1776,0,1,0.41,0.41,7,5,15,35.599,426,1299,442,468,33.246
1777,0,1,0.05,0.06,9,7,20,47.630,305,180,291,958,31.125
1778,0,1,0.04,0.05,5,4,15,37.082,407,243,392,1146,36.125
1779,0,1,0.02,0.03,9,7,24,56.634,494,159,281,1227,43.561
1780,0,1,0.60,0.61,17,11,27,57.494,222,41,359,916,35.426
1781,0,1,0.10,0.10,9,6,20,47.800,213,158,480,1129,40.282
1782,0,1,0.26,0.26,14,13,27,55.867,36,1320,329,278,43.296
1783,0,1,4.64,4.64,19,14,28,60.528,420,1285,100,416,37.042
1784,0,1,0.03,0.03,5,5,19,43.413,186,324,449,1127,33.799
1785,0,1,1.73,1.74,19,10,24,57.394,529,174,192,1379,50.049
1786,0,1,0.14,0.15,12,9,26,60.514,570,659,57,39,32.189
1787,0,1,2.31,2.32,25,16,43,98.008,136,1327,247,195,45.497
1788,0,1,3.54,3.55,14,9,22,51.758,241,19,535,767,32.148
1789,0,1,0.01,0.02,4,3,13,30.435,198,50,222,807,30.295
1790,0,1,0.16,0.16,10,7,22,52.110,255,1137,141,242,36.089
1791,0,1,2.77,2.78,26,18,35,77.743,407,244,131,1027,33.209
1792,0,1,0.08,0.08,10,8,24,57.794,292,27,313,1118,43.648
1793,0,1,0.38,0.38,13,10,26,61.922,452,1195,352,40,46.373
1794,0,1,40.96,40.97,25,14,26,50.065,52,230,50,1195,38.600
1795,0,0,500.01,500.01,0,0,0,0.000,316,994,398,127,34.835
1796,0,1,0.11,0.12,9,7,20,48.337,487,1158,359,168,39.930
1797,0,1,0.02,0.02,6,4,16,37.321,429,288,433,1221,37.320
1798,0,1,0.14,0.15,11,8,25,58.425,273,1079,546,298,33.094
1799,0,1,12.02,12.03,22,12,31,72.055,47,16,99,1198,47.326
1800,0,1,0.32,0.32,10,9,22,46.507,500,1228,265,511,30.181
1801,0,1,0.10,0.11,9,8,24,55.355,215,123,472,1035,37.901
1802,0,1,10.04,10.05,29,13,28,62.525,139,394,466,1322,39.357
1803,0,1,0.73,0.74,13,10,20,42.296,426,304,505,1244,37.733
1804,0,1,0.07,0.07,6,5,14,31.986,171,394,182,1175,31.243
1805,0,1,11.66,11.67,19,16,34,70.958,457,1317,293,577,30.318
1806,0,1,0.71,0.72,21,15,27,58.594,548,933,111,140,36.218
1807,0,1,0.15,0.16,10,8,20,44.197,231,1312,137,297,40.774
1808,0,1,0.05,0.06,6,6,15,32.635,272,929,172,142,31.733
1809,0,1,0.66,0.67,18,11,30,70.265,273,1238,472,59,47.827
1810,0,1,0.03,0.04,5,3,13,35.509,198,1140,200,257,35.320
1811,0,1,0.88,0.89,16,11,23,53.089,236,244,341,1284,41.811
1812,0,1,0.84,0.85,20,14,35,79.687,69,44,260,1346,52.637
1813,0,1,0.15,0.16,14,11,26,60.474,607,136,263,1262,47.095
1814,0,1,3.10,3.11,19,18,38,77.093,26,1315,501,304,44.681
1815,0,1,32.40,32.41,24,16,35,70.338,497,28,425,1376,53.997
1816,0,1,1.00,1.00,16,16,35,72.012,544,1258,286,32,50.114
1817,0,1,0.06,0.07,6,6,18,40.312,323,266,460,1116,34.439
1818,0,1,11.33,11.34,22,14,32,71.244,263,30,443,1347,53.170
1819,0,1,5.90,5.91,19,12,26,55.961,597,93,421,1373,51.682
1820,0,1,0.05,0.06,10,7,23,55.601,94,379,328,1149,32.191
1821,0,1,1.85,1.86,16,14,28,60.134,558,1014,279,112,37.767
1822,0,1,1.62,1.62,14,10,25,52.190,190,1132,557,255,38.028
1823,0,1,0.02,0.03,5,3,15,39.302,218,1071,355,267,32.624
1824,0,1,5.64,5.65,20,13,25,44.775,91,18,105,928,36.404
1825,0,1,1.15,1.16,19,12,28,64.675,502,440,268,1317,36.307
1826,0,1,0.02,0.02,5,5,16,36.379,455,183,396,1048,34.680
1827,0,1,0.02,0.02,6,4,15,36.781,368,1279,310,491,31.605
1828,0,1,0.13,0.13,9,8,17,35.671,178,287,225,1061,31.017
1829,0,1,24.52,24.53,18,16,28,53.542,57,12,288,787,32.348
1830,0,1,0.97,0.98,19,17,28,50.252,135,951,384,120,34.700
1831,0,0,500.02,500.02,0,0,0,0.000,385,49,329,1003,38.226
1832,0,1,2.21,2.23,16,13,28,58.938,263,1247,308,158,43.597
1833,0,1,0.05,0.06,9,5,18,44.199,442,15,175,883,36.325
1834,0,1,0.16,0.17,13,10,32,78.261,420,60,453,1197,45.499
1835,0,1,2.02,2.03,14,11,28,60.155,313,162,110,1202,42.385
1836,0,1,16.16,16.17,19,15,32,62.331,81,1120,252,204,37.273
1837,0,1,0.02,0.02,5,4,16,38.818,418,258,427,1228,38.802
1838,0,1,0.15,0.15,8,8,24,55.793,433,1062,60,49,43.180
1839,0,1,0.06,0.06,6,6,16,34.253,96,15,192,788,31.158
1840,0,1,0.01,0.01,4,3,14,36.217,206,419,433,1228,33.610
1841,0,1,0.73,0.74,16,11,19,42.587,69,934,266,138,32.801
1842,0,1,1.53,1.53,18,17,26,48.176,105,731,432,38,30.651
1843,0,1,0.74,0.75,13,11,23,51.158,114,1204,83,206,39.939
1844,0,1,3.68,3.69,13,9,20,40.334,222,1327,191,333,39.779
1845,0,0,500.01,500.01,0,0,0,0.000,363,1312,613,221,44.771
1846,0,1,0.15,0.16,7,7,21,47.868,539,313,229,1095,33.648
1847,0,1,47.29,47.30,34,26,45,82.939,575,551,566,1330,31.162
1848,0,1,2.30,2.31,17,11,27,59.672,307,1243,74,210,42.358
1849,0,1,4.34,4.35,21,14,33,71.611,404,1235,367,447,31.555
1850,0,1,0.87,0.88,17,8,29,70.221,567,29,364,1069,42.385
1851,0,1,0.67,0.68,31,20,46,96.704,499,834,267,36,33.242
1852,0,1,102.15,102.17,29,20,37,75.800,344,48,195,1357,52.698
1853,0,1,0.21,0.22,9,6,19,45.999,199,57,142,1003,37.909
1854,0,1,0.03,0.03,7,6,18,41.727,311,1171,176,203,39.095
1855,0,1,0.13,0.13,9,7,19,41.802,192,948,109,100,34.082
1856,0,1,3.02,3.03,21,17,27,50.931,450,821,79,57,33.973
1857,0,1,0.34,0.35,12,10,24,54.501,155,258,180,1013,30.217
1858,0,1,0.11,0.12,12,9,25,58.294,553,462,249,1203,32.037
1859,0,1,0.02,0.03,8,6,21,53.304,518,13,443,780,30.826
1860,0,1,0.06,0.06,10,6,19,45.120,241,1044,323,53,39.775
1861,0,1,0.11,0.13,12,8,23,54.209,388,164,385,1030,34.640
1862,0,1,0.02,0.02,7,5,19,44.349,94,125,228,1202,43.412
1863,0,1,0.03,0.03,6,6,17,37.432,294,1105,465,265,34.289
1864,0,1,6.82,6.83,24,18,31,60.268,411,1334,594,469,35.366
1865,0,1,0.22,0.23,16,12,33,81.622,317,59,442,899,33.970
1866,0,1,2.38,2.38,18,16,31,58.025,593,1191,179,222,42.149
1867,0,1,0.11,0.12,9,8,23,56.253,443,1120,558,356,30.904
1868,0,1,0.02,0.02,6,4,14,32.577,448,399,361,1199,32.189
1869,0,1,1.99,2.00,20,16,28,55.115,91,1256,527,358,39.930
1870,0,1,0.16,0.16,9,7,20,48.532,87,13,450,847,36.383
1871,0,1,0.05,0.06,8,7,28,67.668,444,16,451,1136,44.801
1872,0,1,0.10,0.10,10,6,17,41.340,206,420,380,1322,36.745
1873,0,1,0.06,0.06,11,8,27,64.573,387,40,380,1052,40.481
1874,0,1,0.06,0.06,6,5,19,43.822,354,1174,505,108,43.066
1875,0,1,0.21,0.21,9,8,23,54.288,266,1337,156,51,51.628
1876,0,1,18.78,18.79,12,9,19,38.970,432,518,145,1256,31.674
1877,0,1,0.18,0.19,10,6,20,48.456,334,199,300,1218,40.783
1878,0,1,1.26,1.27,11,5,18,43.885,277,1197,547,384,34.266
1879,0,1,0.07,0.08,8,5,19,45.453,584,1318,470,340,39.385
1880,0,1,2.01,2.02,16,12,28,61.638,199,1187,314,203,39.628
1881,0,1,0.02,0.02,5,4,15,37.202,183,105,238,1016,36.506
1882,0,1,1.79,1.80,12,10,26,60.635,555,1156,542,216,37.604
1883,0,1,0.51,0.51,14,10,25,62.037,431,1101,91,428,30.160
1884,0,1,23.11,23.12,13,11,25,52.445,173,92,180,1387,51.801
1885,0,1,0.25,0.26,15,12,32,71.778,151,1254,81,475,31.286
1886,0,1,3.11,3.12,24,16,27,55.220,580,819,106,128,33.518
1887,0,1,3.48,3.49,17,11,23,45.942,423,1205,505,365,33.760
1888,0,1,16.50,16.51,23,15,36,78.627,77,303,535,1267,42.691
1889,0,1,4.35,4.36,16,11,26,55.787,194,390,110,1271,35.400
1890,0,1,0.27,0.27,8,8,21,47.959,111,227,460,1014,34.436
1891,0,1,0.03,0.04,7,4,17,44.174,200,1166,192,74,43.681
1892,0,1,12.18,12.19,15,13,25,48.229,286,1328,527,317,41.573
1893,0,1,18.53,18.53,11,8,18,39.961,299,531,426,1316,31.808
1894,0,1,0.30,0.31,14,7,24,58.377,608,91,202,895,36.028
1895,0,1,2.99,2.99,21,13,24,52.458,451,200,27,956,34.671
1896,0,1,0.24,0.25,9,7,22,53.428,76,295,344,1189,37.332
1897,0,1,0.09,0.09,11,9,26,60.625,81,33,428,1106,45.109
1898,0,1,0.05,0.06,9,7,23,55.031,182,1316,543,320,42.376
1899,0,1,1.68,1.69,26,21,41,86.644,47,23,93,826,32.173
1900,0,1,1.75,1.76,18,15,28,56.111,77,837,187,12,33.292
1901,0,1,13.09,13.10,15,11,25,51.153,439,176,412,1363,47.492
1902,0,0,500.01,500.01,0,0,0,0.000,239,1213,307,338,35.106
1903,0,1,4.05,4.06,33,24,46,91.823,417,1385,599,62,53.418
1904,0,1,0.03,0.03,7,5,19,45.592,282,188,437,1145,38.779
1905,0,1,0.06,0.06,7,5,19,43.852,474,307,163,1142,35.641
1906,0,1,3.98,3.98,16,13,23,40.284,218,1355,216,427,37.120
1907,0,1,0.17,0.18,12,10,24,58.279,104,453,482,1107,30.215
1908,0,1,0.01,0.02,5,4,19,46.441,190,170,455,1193,42.271
1909,0,1,0.14,0.15,8,7,20,45.645,206,1111,109,46,42.776
1910,0,1,9.78,9.79,30,21,35,70.007,186,184,584,962,34.956
1911,0,1,5.68,5.69,10,7,16,32.565,431,519,420,1292,30.923
1912,0,1,0.47,0.48,11,8,23,54.009,263,1266,302,101,46.626
1913,0,1,4.26,4.26,18,15,24,42.943,360,605,125,1322,30.181
1914,0,1,0.15,0.15,7,6,20,46.717,414,1200,556,255,38.224
1915,0,1,0.63,0.64,17,11,25,54.753,263,60,396,811,30.507
1916,0,1,1.48,1.49,12,6,19,45.290,438,1059,266,201,35.003
1917,0,1,0.48,0.48,15,10,20,47.977,294,1273,506,207,43.475
1918,0,1,0.01,0.02,6,4,17,42.435,272,1228,395,247,39.547
1919,0,1,4.60,4.60,18,16,33,70.413,619,1189,138,152,45.725
1920,0,1,0.06,0.06,9,8,21,49.910,446,968,138,139,35.375
1921,0,1,0.46,0.47,14,12,26,58.203,324,1284,381,185,44.019
1922,0,1,0.05,0.06,7,6,18,44.161,306,1182,493,190,40.379
1923,0,1,0.19,0.20,12,8,26,59.405,135,1091,492,151,40.220
1924,0,1,4.13,4.13,17,11,23,52.624,512,1241,325,281,39.122
1925,0,1,1.53,1.54,19,14,31,65.962,122,36,581,690,31.960
1926,0,1,0.14,0.15,9,8,26,64.456,505,38,425,1233,47.907
1927,0,1,0.11,0.11,8,8,21,49.682,80,897,551,25,39.643
1928,0,1,2.10,2.10,14,10,21,44.066,87,52,552,669,30.904
1929,0,0,500.01,500.01,0,0,0,0.000,304,1236,307,407,33.160
1930,0,1,0.30,0.31,12,7,28,68.562,558,18,357,1080,43.234
1931,0,1,3.13,3.14,15,11,28,66.063,63,21,431,1379,56.279
1932,0,1,13.21,13.22,26,19,32,57.003,182,329,536,1190,37.237
1933,0,1,16.93,16.93,14,12,24,49.923,352,282,114,1214,38.476
1934,0,1,0.30,0.31,15,8,23,57.263,506,124,332,1277,46.642
1935,0,1,0.41,0.42,13,9,22,48.960,134,843,387,33,33.944
1936,0,1,0.36,0.37,11,9,22,47.009,365,174,449,1047,35.081
1937,0,1,9.41,9.42,25,18,32,61.023,28,37,591,813,38.349
1938,0,1,0.65,0.66,14,11,26,59.776,599,140,184,992,37.908
1939,0,1,2.56,2.57,22,15,32,67.928,307,1184,145,160,41.469
1940,0,1,1.75,1.76,10,8,17,34.363,175,1375,210,597,31.151
1941,0,1,18.41,18.42,22,17,36,75.595,286,167,30,1194,42.337
1942,0,1,0.03,0.03,7,6,22,51.109,119,251,269,1165,37.049
1943,0,1,0.03,0.04,9,5,18,43.066,426,286,174,1069,32.902
1944,0,1,3.47,3.48,17,15,31,63.829,201,1363,613,297,45.714
1945,0,1,0.04,0.05,8,5,21,52.307,351,1324,170,237,44.079
1946,0,1,1.35,1.35,15,12,22,45.050,543,1219,529,299,36.804
1947,0,1,1.11,1.11,10,9,22,47.236,225,55,122,1076,41.047
1948,0,1,0.06,0.06,8,8,25,60.117,274,1229,451,18,48.955
1949,0,1,0.63,0.63,11,7,22,54.967,282,1285,259,123,46.489
1950,0,1,0.05,0.06,9,7,19,39.448,309,1150,470,214,37.990
1951,0,1,0.26,0.26,12,9,26,62.159,276,1308,149,15,51.969
1952,0,1,2.36,2.36,22,14,28,60.274,397,94,176,877,32.544
1953,0,1,0.02,0.03,6,5,18,43.946,460,244,381,1336,43.794
1954,0,1,1.50,1.51,22,13,30,66.369,454,1236,307,174,42.885
1955,0,1,1.20,1.20,10,7,17,38.790,200,575,557,1334,33.551
1956,0,1,0.05,0.05,6,4,15,37.511,185,884,102,25,34.520
1957,0,1,1.28,1.28,19,9,27,63.226,416,1216,179,103,45.518
1958,0,1,1.65,1.66,20,17,30,62.289,366,829,606,50,32.605
1959,0,1,0.02,0.02,6,6,16,34.425,266,1334,189,570,30.715
1960,0,0,500.01,500.01,0,0,0,0.000,361,1035,592,210,34.269
1961,0,1,0.17,0.18,10,8,26,65.513,447,37,348,1207,46.967
1962,0,1,8.62,8.63,25,19,31,54.756,126,141,529,836,32.136
1963,0,1,0.14,0.14,9,6,15,33.081,376,1216,206,458,31.073
1964,0,1,0.08,0.08,11,8,25,58.306,59,34,350,1161,46.559
1965,0,1,0.09,0.10,9,8,24,54.019,260,52,167,1149,44.037
1966,0,1,0.01,0.02,5,5,18,41.593,183,383,259,1325,37.802
1967,0,1,0.11,0.11,9,6,19,45.842,286,1280,458,446,34.062
1968,0,1,4.64,4.65,16,12,26,58.191,544,235,432,1352,44.904
1969,0,1,20.07,20.07,19,13,30,62.490,238,1233,94,466,31.216
1970,0,1,1.35,1.35,11,10,23,48.402,21,1319,203,578,30.521
1971,0,1,0.18,0.19,9,6,14,32.500,220,809,153,39,30.916
1972,0,1,0.18,0.18,10,8,25,60.236,37,391,319,1231,35.443
1973,0,1,7.64,7.66,31,24,41,71.268,570,1312,106,486,37.896
1974,0,1,0.30,0.31,11,7,21,53.150,604,106,429,1187,43.803
1975,0,1,0.04,0.05,6,4,17,41.932,118,36,219,1023,39.686
1976,0,1,0.90,0.91,9,7,20,47.452,587,53,116,706,32.206
1977,0,1,1.24,1.24,12,9,22,45.979,233,1027,484,153,36.373
1978,0,1,0.30,0.30,10,8,18,38.600,128,43,439,741,30.566
1979,0,1,0.12,0.12,8,8,20,44.039,303,1273,469,420,34.760
1980,0,1,5.46,5.47,13,10,23,53.802,385,98,416,1367,50.775
1981,0,1,20.77,20.78,24,17,28,50.112,387,400,232,1276,35.584
1982,0,1,0.24,0.25,9,8,27,63.684,318,51,504,1322,51.382
1983,0,1,0.19,0.20,9,7,18,39.615,265,1113,60,294,33.771
1984,0,1,0.56,0.56,14,10,27,60.768,324,1316,299,182,45.371
1985,0,1,0.08,0.09,8,7,21,51.594,266,1332,95,291,42.198
1986,0,1,0.19,0.20,11,7,26,64.269,276,1204,170,65,45.757
1987,0,1,50.17,50.18,22,17,41,84.158,491,13,365,760,30.302
1988,0,1,0.04,0.04,6,5,20,47.961,202,102,381,1257,46.752
1989,0,1,0.11,0.12,9,8,22,48.396,591,150,291,1109,40.193
1990,0,1,1.83,1.84,10,9,21,44.371,107,1265,175,236,41.250
1991,0,1,41.05,41.07,29,22,42,81.324,252,94,362,837,30.044
1992,0,1,0.01,0.02,4,4,14,32.900,448,261,430,1082,32.848
1993,0,1,0.47,0.48,13,9,23,51.838,149,49,111,1070,40.868
1994,0,1,21.65,21.66,18,12,20,38.757,467,633,229,1348,30.143
1995,0,1,5.43,5.44,20,17,36,74.000,439,1292,516,356,37.566
1996,0,1,46.83,46.84,20,17,32,60.325,203,178,538,1204,43.172
1997,0,1,0.35,0.36,19,14,33,73.016,106,1187,327,37,46.842
1998,0,1,0.82,0.83,14,9,18,39.226,194,230,442,986,31.826
1999,0,1,0.08,0.09,10,8,20,49.311,229,1095,377,191,36.641
2000,0,1,0.76,0.77,16,12,30,69.903,536,262,348,1184,37.639
2001,0,1,0.61,0.61,17,12,21,42.460,539,709,157,57,30.227
2002,0,1,2.68,2.69,18,10,20,38.815,301,513,422,1278,30.980
2003,0,1,4.65,4.66,18,10,23,49.748,275,1208,600,376,35.729
2004,0,1,2.35,2.36,19,11,26,57.133,442,1189,354,26,46.653
2005,0,1,0.05,0.05,9,4,18,47.501,342,25,222,1098,43.188
2006,0,1,2.22,2.23,19,11,28,63.721,139,1160,41,299,34.662
2007,0,1,0.05,0.06,9,6,26,65.145,184,1298,596,51,52.532
2008,0,1,0.09,0.09,9,8,23,54.735,210,393,183,1187,31.778
2009,0,1,0.08,0.08,9,7,25,62.566,141,446,286,1203,30.830
2010,0,1,3.34,3.35,13,8,19,42.088,94,1248,374,519,31.237
2011,0,0,500.01,500.01,0,0,0,0.000,392,323,197,1198,35.859
2012,0,1,5.47,5.48,16,13,27,53.978,318,1228,533,262,39.585
2013,0,1,37.33,37.34,18,16,26,42.982,212,1318,387,434,36.046
2014,0,0,500.01,500.01,0,0,0,0.000,263,355,533,1201,35.522
2015,0,1,109.89,109.91,29,24,34,49.899,536,674,23,1276,31.637
2016,0,0,500.02,500.02,0,0,0,0.000,594,1001,580,214,31.485
2017,0,1,53.63,53.65,23,20,34,64.906,75,322,114,1329,40.310
2018,0,1,0.35,0.36,15,12,31,72.781,126,1260,218,135,45.150
2019,0,1,4.23,4.23,10,9,22,47.898,200,300,60,1318,41.103
2020,0,1,0.01,0.02,6,6,18,42.182,212,368,430,1184,33.785
2021,0,1,1.49,1.50,17,12,28,62.576,401,1144,124,401,31.718
2022,0,1,1.53,1.54,18,15,33,67.008,116,1037,295,97,38.276
2023,0,1,0.03,0.03,7,6,22,51.422,162,17,335,1277,50.873
2024,0,1,0.10,0.11,12,9,22,53.527,271,1171,431,414,30.949
2025,0,1,0.36,0.37,12,10,25,54.375,524,219,193,974,32.975
2026,0,1,0.14,0.15,13,7,25,60.787,483,1193,555,319,35.078
2027,0,1,15.61,15.62,24,17,36,79.863,126,201,584,1323,48.475
2028,0,1,0.18,0.19,11,7,24,56.469,276,1188,437,52,45.894
2029,0,1,0.42,0.43,12,10,20,43.002,533,1220,497,300,36.828
2030,0,1,0.64,0.64,12,11,27,58.540,124,1231,459,51,49.065
2031,0,1,2.33,2.33,13,12,29,63.732,151,1190,126,255,37.413
2032,0,1,1.82,1.82,15,14,28,61.467,36,1189,553,166,45.849
2033,0,1,5.76,5.77,14,12,22,42.170,83,221,80,1028,32.280
2034,0,1,3.87,3.88,24,14,23,46.863,426,16,91,903,37.926
2035,0,1,0.36,0.37,16,12,27,57.213,53,1314,467,444,38.539
2036,0,1,0.18,0.19,13,11,26,58.147,124,134,159,1126,39.705
2037,0,0,500.01,500.01,0,0,0,0.000,600,222,202,982,34.316
2038,0,1,1.04,1.05,14,9,19,42.459,102,740,614,163,30.856
2039,0,1,0.08,0.08,9,5,15,36.226,276,285,234,1060,31.045
2040,0,1,0.42,0.43,10,7,21,52.793,178,1364,458,185,48.472
2041,0,1,28.94,28.95,24,19,34,63.076,210,86,519,1326,51.117
2042,0,1,2.35,2.36,19,14,29,65.210,80,1025,571,40,44.024
2043,0,1,0.17,0.17,12,9,28,71.369,184,1114,393,56,43.138
2044,0,1,14.06,14.07,15,11,22,42.065,454,374,514,1212,33.606
2045,0,1,0.09,0.10,8,4,21,54.597,213,1011,578,46,41.269
2046,0,1,0.65,0.65,17,8,25,59.975,138,406,273,1194,31.979
2047,0,1,0.15,0.15,11,8,24,51.130,32,376,309,1284,37.972
2048,0,1,5.91,5.92,23,15,28,55.798,441,1281,104,382,38.404
2049,0,1,2.48,2.50,29,20,39,84.516,308,1251,302,205,41.841
2050,0,1,0.06,0.06,10,8,18,40.279,366,1192,420,362,33.270
2051,0,1,4.20,4.21,24,19,38,76.866,528,1329,97,587,34.324
2052,0,1,1.23,1.24,14,10,22,48.505,227,1157,333,199,38.554
2053,0,1,49.14,49.15,20,19,37,69.811,21,1129,114,166,38.699
2054,0,1,0.02,0.02,5,4,16,39.780,284,1192,174,209,39.565
2055,0,1,3.02,3.03,12,10,25,55.371,460,1383,509,91,51.717
2056,0,1,0.05,0.06,10,8,23,56.571,341,259,351,1180,36.842
2057,0,1,0.17,0.17,9,6,16,33.803,81,865,209,106,30.789
2058,0,1,1.54,1.54,17,15,26,50.767,199,960,351,187,31.512
2059,0,1,0.59,0.60,10,6,19,44.824,502,199,430,1228,41.261
2060,0,1,0.06,0.07,6,6,17,40.033,164,991,172,24,38.681
2061,0,1,0.09,0.09,7,4,19,50.761,223,1099,425,48,42.809
2062,0,1,41.61,41.63,28,21,42,88.988,565,167,525,1222,42.230
2063,0,1,0.36,0.37,16,11,26,58.397,132,1280,440,318,40.404
2064,0,1,0.05,0.05,6,5,16,38.893,381,1063,201,306,31.124
2065,0,1,19.31,19.32,13,12,24,41.473,432,1294,420,321,38.923
2066,0,1,0.08,0.09,11,10,23,50.293,378,1046,103,177,36.459
2067,0,1,0.06,0.07,8,5,22,55.472,76,299,247,1202,36.762
2068,0,1,0.23,0.24,12,9,21,50.162,604,93,79,935,39.691
2069,0,1,0.18,0.19,13,11,22,47.979,54,931,520,158,36.104
2070,0,1,0.23,0.24,14,11,29,66.380,176,945,388,35,37.375
2071,0,1,0.04,0.05,8,7,21,46.992,507,55,126,715,30.483
2072,0,1,0.09,0.09,10,8,23,55.329,315,1347,177,518,33.616
2073,0,1,8.31,8.31,10,9,19,36.771,204,1282,411,519,31.623
2074,0,1,37.27,37.28,18,13,28,55.602,543,184,515,1218,41.375
2075,0,1,0.63,0.64,17,14,28,61.785,359,1188,316,173,40.636
2076,0,1,1.18,1.19,16,13,23,44.292,130,12,45,904,35.842
2077,0,0,500.02,500.02,0,0,0,0.000,145,959,583,219,34.396
2078,0,1,1.34,1.35,22,16,36,76.449,497,1279,514,483,31.847
2079,0,1,1.10,1.11,10,5,17,43.242,335,1183,557,405,32.362
2080,0,0,500.02,500.02,0,0,0,0.000,582,216,32,1140,43.012
2081,0,1,3.06,3.07,13,13,32,67.189,198,1274,616,55,51.547
2082,0,1,0.32,0.32,10,8,19,42.482,423,701,45,41,30.423
2083,0,1,13.43,13.44,41,29,48,90.358,291,809,601,33,33.425
2084,0,1,9.24,9.25,20,15,30,66.137,359,27,508,950,37.398
2085,0,1,82.07,82.08,13,12,23,42.679,466,526,70,1194,31.062
2086,0,1,0.05,0.05,9,8,23,53.814,184,1226,531,169,44.500
2087,0,1,0.03,0.03,6,6,16,37.103,419,1062,399,192,34.809
2088,0,1,0.03,0.04,10,6,27,65.926,372,61,128,1133,43.977
2089,0,1,0.03,0.03,9,6,20,50.382,259,155,407,1231,43.445
2090,0,1,0.14,0.15,9,7,25,60.951,356,1290,418,45,49.862
2091,0,1,2.10,2.11,13,12,21,37.098,447,586,212,1306,30.295
2092,0,1,0.14,0.14,14,11,27,61.626,180,1075,55,244,33.614
2093,0,1,0.73,0.74,14,9,26,60.418,271,1272,70,237,42.173
2094,0,1,0.02,0.02,5,4,14,31.268,300,1316,429,561,30.638
2095,0,1,26.39,26.40,17,15,26,51.135,110,298,211,1376,43.309
2096,0,1,18.54,18.55,23,9,28,62.282,284,152,146,1264,44.821
2097,0,1,0.04,0.05,6,5,14,31.887,453,960,485,175,31.426
2098,0,1,0.30,0.31,10,5,20,50.565,306,1148,119,202,38.572
2099,0,1,3.96,3.97,23,17,31,64.569,445,1361,522,586,31.153
2100,0,1,0.38,0.39,14,10,26,61.057,30,1200,492,192,44.353
2101,0,1,0.09,0.09,7,6,20,45.393,306,1083,234,16,42.777
2102,0,1,0.14,0.14,15,8,33,81.248,586,48,365,1296,50.697
2103,0,1,1.13,1.14,17,12,31,72.207,158,1123,141,84,41.566
2104,0,1,3.82,3.83,12,10,23,47.685,440,325,556,1333,40.586
2105,0,1,90.81,90.82,20,17,36,69.463,140,404,107,1271,34.705
2106,0,0,500.01,500.01,0,0,0,0.000,604,197,377,973,32.341
2107,0,1,0.08,0.08,5,4,14,35.377,185,864,119,24,33.704
2108,0,1,0.15,0.15,11,7,19,43.059,289,520,344,1303,31.397
2109,0,1,11.23,11.24,35,24,39,77.528,127,1223,447,61,48.210
2110,0,1,0.03,0.03,6,5,20,49.280,305,56,318,1131,43.003
2111,0,1,0.09,0.10,11,9,30,71.737,586,55,283,1328,52.343
2112,0,1,0.49,0.50,9,7,21,48.119,209,1299,426,256,42.613
2113,0,1,0.09,0.09,6,6,16,35.237,360,185,448,947,30.683
2114,0,1,0.19,0.20,13,9,28,67.390,345,52,419,1034,39.391
2115,0,1,4.15,4.16,22,15,31,64.346,586,1187,92,329,39.602
2116,0,1,7.58,7.59,17,12,29,62.561,69,47,427,1355,54.244
2117,0,1,9.67,9.68,18,14,26,49.073,411,179,473,1327,45.987
2118,0,1,0.21,0.22,8,5,20,48.276,395,1216,601,155,43.233
2119,0,1,0.05,0.05,5,3,13,30.803,341,1291,444,536,30.480
2120,0,1,0.08,0.09,10,9,28,63.257,486,1168,87,470,32.160
2121,0,1,0.39,0.40,15,8,22,51.600,300,1289,397,157,45.446
2122,0,1,0.23,0.24,11,8,25,58.476,292,1225,253,20,48.225
2123,0,1,0.03,0.03,9,7,19,46.792,251,1042,345,248,31.982
2124,0,1,5.19,5.20,15,12,24,49.875,301,155,510,1096,38.557
2125,0,1,0.02,0.02,5,5,13,30.276,214,90,171,843,30.169
2126,0,1,0.03,0.03,7,7,26,64.378,409,43,306,1268,49.173
2127,0,1,0.33,0.34,17,11,31,75.378,400,26,157,1007,40.426
2128,0,1,40.46,40.47,22,17,36,73.887,126,38,144,1277,49.565
2129,0,1,0.09,0.10,12,11,33,76.616,572,43,455,1112,43.015
2130,0,1,0.04,0.04,8,6,24,56.436,424,52,248,1220,47.247
2131,0,1,0.10,0.11,11,6,22,52.869,286,1280,255,509,30.865
2132,0,1,0.15,0.15,8,6,19,44.575,390,1193,361,163,41.216
2133,0,1,2.41,2.42,25,15,34,81.915,522,1040,131,109,40.391
2134,0,1,0.37,0.37,9,9,28,64.077,575,1139,563,368,30.844
2135,0,1,5.28,5.31,20,14,29,65.120,393,127,226,1281,46.641
2136,0,1,0.03,0.04,6,3,16,42.528,261,1149,195,102,41.963
2137,0,1,0.69,0.70,17,9,26,60.041,298,1198,357,20,47.179
2138,0,1,20.67,20.68,15,14,27,49.986,103,201,148,1258,42.318
2139,0,1,3.60,3.61,26,17,35,71.529,221,1302,32,403,36.746
2140,0,1,1.00,1.00,18,15,26,50.331,595,1193,217,465,32.811
2141,0,1,0.07,0.07,9,7,21,50.626,255,1107,290,205,36.107
2142,0,1,4.64,4.65,22,16,33,70.683,577,481,435,1307,33.525
2143,0,1,1.35,1.36,22,18,31,63.533,59,1204,184,339,34.959
2144,0,1,0.17,0.18,14,8,20,51.006,195,1182,615,169,43.865
2145,0,1,0.14,0.14,15,13,29,65.876,396,1129,390,25,44.161
2146,0,1,0.13,0.13,9,7,16,34.046,174,864,141,33,33.266
2147,0,1,0.03,0.03,7,6,20,43.930,333,1172,422,348,33.152
2148,0,1,12.59,12.60,24,16,32,66.219,614,262,102,1253,44.618
2149,0,1,0.05,0.06,8,7,25,60.062,491,55,249,1174,45.795
2150,0,1,6.06,6.07,23,16,32,65.556,59,642,430,1378,32.969
2151,0,1,1.03,1.04,13,9,23,53.991,308,193,186,1163,39.106
2152,0,1,97.20,97.22,29,21,34,66.575,215,1365,132,560,32.371
2153,0,1,64.68,64.70,27,22,43,82.748,523,293,22,1197,41.342
2154,0,1,0.02,0.02,6,6,18,41.445,344,1302,194,526,31.615
2155,0,1,0.14,0.15,8,7,18,38.098,582,1010,469,174,33.744
2156,0,1,0.06,0.07,9,6,24,58.152,60,34,353,1345,53.734
2157,0,1,0.70,0.70,16,12,27,60.024,503,1001,96,89,39.948
2158,0,1,39.88,39.90,28,23,43,90.499,89,439,20,1199,30.525
2159,0,1,14.55,14.56,32,23,40,80.831,495,1233,533,50,47.344
2160,0,1,0.35,0.36,16,14,34,75.291,422,1318,131,488,35.181
2161,0,1,0.35,0.36,17,11,32,71.366,517,1088,492,186,36.094
2162,0,1,0.25,0.25,13,11,25,54.805,581,814,83,16,37.626
2163,0,1,0.21,0.22,13,10,20,44.390,189,457,255,1209,30.196
2164,0,1,20.08,20.09,13,12,25,52.347,516,1281,199,295,41.428
2165,0,1,0.04,0.05,9,7,24,59.154,403,35,396,1097,42.481
2166,0,1,0.16,0.16,12,9,27,62.049,137,1251,294,188,42.981
2167,0,1,2.00,2.00,16,12,20,44.209,615,143,220,861,32.779
2168,0,1,0.03,0.03,6,6,18,40.429,192,230,317,1205,39.319
2169,0,1,3.67,3.68,15,13,29,62.876,609,43,267,984,40.049
2170,0,1,30.53,30.54,29,21,35,67.747,156,1240,369,377,35.556
2171,0,1,11.27,11.29,29,22,45,92.694,56,1209,275,201,41.261
2172,0,1,0.12,0.13,9,6,23,55.257,197,1132,127,224,36.428
2173,0,1,22.86,22.86,17,13,22,42.357,271,525,605,1215,30.663
2174,0,1,0.02,0.03,6,6,17,37.061,244,1124,260,243,35.246
2175,0,1,0.04,0.05,9,6,23,57.075,299,41,271,1343,52.092
2176,0,1,28.09,28.10,20,16,30,57.190,139,238,455,1378,47.319
2177,0,1,20.21,20.22,25,16,31,61.923,248,279,72,1195,37.310
2178,0,1,0.04,0.05,7,4,22,55.558,146,294,256,1138,34.046
2179,0,1,0.02,0.02,6,4,16,40.584,208,209,309,1176,38.890
2180,0,1,0.08,0.08,6,6,16,37.277,506,1092,394,237,34.492
2181,0,1,1.19,1.20,18,15,28,60.330,274,1348,508,155,48.629
2182,0,1,0.42,0.42,13,8,22,51.612,129,1137,268,145,40.068
2183,0,1,0.11,0.11,13,10,22,50.876,304,147,219,984,33.652
2184,0,1,0.12,0.12,7,6,21,49.238,124,1243,221,61,47.439
2185,0,1,0.02,0.03,8,6,17,42.157,483,1151,442,247,36.197
2186,0,1,0.14,0.15,7,6,18,43.524,116,154,453,889,32.343
2187,0,1,0.26,0.26,11,9,28,66.229,455,30,350,1153,45.116
2188,0,1,0.02,0.02,5,5,16,34.964,187,312,324,1120,32.781
2189,0,1,2.32,2.32,15,11,23,48.911,124,1257,421,462,33.947
2190,0,1,3.24,3.25,15,12,25,56.359,283,18,348,792,31.069
2191,0,1,0.83,0.84,9,8,20,44.810,476,1026,126,209,35.553
2192,0,1,0.04,0.05,9,7,22,53.511,201,1221,117,117,44.288
2193,0,1,0.09,0.10,11,9,27,65.084,253,1225,433,402,33.698
2194,0,1,0.67,0.68,15,12,31,66.127,429,1341,220,42,52.628
2195,0,1,0.03,0.04,9,6,23,56.925,321,33,169,1137,44.577
2196,0,1,0.08,0.09,8,6,17,40.657,378,1142,500,292,34.348
2197,0,1,0.51,0.52,14,12,29,63.638,414,987,129,151,35.330
2198,0,1,0.05,0.05,7,4,17,44.401,257,1295,448,261,42.060
2199,0,1,0.06,0.06,8,7,24,57.960,204,1179,203,374,32.200
2200,0,1,0.05,0.06,11,8,26,65.209,328,55,183,1068,40.933
2201,0,1,0.03,0.03,6,6,17,38.024,197,210,283,1104,35.925
2202,0,1,11.55,11.56,22,17,39,85.168,603,579,108,1213,32.174
2203,0,1,2.46,2.47,12,10,24,55.528,303,1118,399,168,38.194
2204,0,1,0.11,0.12,10,7,19,44.339,286,240,508,1082,34.831
2205,0,1,0.07,0.07,7,7,19,40.482,363,1045,405,153,35.720
2206,0,0,500.01,500.01,0,0,0,0.000,598,213,91,1258,46.460
2207,0,1,0.03,0.04,5,4,15,37.756,370,970,217,124,34.389
2208,0,1,0.33,0.34,9,7,22,51.416,137,128,379,1248,45.834
2209,0,1,10.94,10.95,20,16,32,59.284,138,257,533,1316,45.211
2210,0,1,0.55,0.55,14,9,20,43.495,114,41,210,987,38.034
2211,0,1,0.61,0.61,13,9,22,49.445,72,787,618,45,36.850
2212,0,1,0.03,0.03,8,6,23,57.571,497,304,358,1204,36.427
2213,0,1,14.37,14.38,14,10,23,50.549,195,306,189,1290,39.361
2214,0,1,25.65,25.67,24,20,38,76.148,101,471,117,1326,34.206
2215,0,1,0.35,0.36,11,9,19,36.341,141,881,131,49,33.282
2216,0,1,3.45,3.46,15,14,25,47.464,608,1212,219,375,36.919
2217,0,1,1.02,1.03,16,13,30,64.843,121,1282,258,183,44.300
2218,0,1,0.26,0.27,14,10,21,46.199,502,787,69,26,35.023
2219,0,1,1.03,1.04,17,12,34,83.264,288,1306,612,19,53.086
2220,0,1,8.89,8.89,17,13,33,69.549,213,1352,470,525,34.641
2221,0,1,0.26,0.27,16,14,30,62.965,115,97,283,1083,40.008
2222,0,1,0.43,0.43,13,10,26,57.288,358,59,463,837,31.402
2223,0,1,0.18,0.19,11,7,19,43.656,493,1032,166,288,32.508
2224,0,1,0.73,0.74,20,16,33,74.467,581,259,259,1105,36.208
2225,0,1,1.95,1.95,13,12,31,65.695,50,1132,126,291,33.777
2226,0,1,3.51,3.52,13,7,20,44.534,218,1160,138,349,32.597
2227,0,1,0.76,0.77,17,12,21,42.858,125,1004,145,163,33.650
2228,0,1,0.04,0.04,9,6,27,67.003,73,50,420,935,38.024
2229,0,1,35.79,35.80,32,18,37,80.060,539,372,598,1202,33.284
2230,0,1,0.82,0.83,18,15,32,65.488,20,1231,521,398,38.882
2231,0,1,2.34,2.35,27,20,38,82.463,38,1329,616,390,44.105
2232,0,1,0.63,0.63,7,6,16,36.551,484,206,410,1099,35.842
2233,0,1,2.04,2.05,18,11,29,71.174,216,1206,380,147,42.865
2234,0,1,0.08,0.09,8,6,18,42.432,523,1037,241,241,33.779
2235,0,1,2.65,2.66,21,14,31,62.248,226,1381,378,185,48.225
2236,0,1,0.13,0.14,13,9,32,78.247,616,30,334,1270,50.866
2237,0,1,0.02,0.02,7,3,15,37.775,345,1309,452,381,37.366
2238,0,1,1.08,1.08,17,14,27,66.039,218,1331,357,167,46.891
2239,0,1,0.10,0.10,9,6,21,52.720,225,1214,521,347,36.645
2240,0,1,1.79,1.79,10,7,20,41.807,365,1192,519,347,34.357
2241,0,1,1.62,1.63,22,11,32,77.488,351,1327,471,53,51.186
2242,0,1,14.01,14.02,15,13,23,38.411,442,344,518,1238,35.889
2243,0,1,11.02,11.03,21,13,30,68.943,324,49,122,1236,48.163
2244,0,0,500.01,500.01,0,0,0,0.000,138,1334,391,324,41.648
2245,0,1,28.89,28.90,18,13,27,53.962,494,48,274,781,30.612
2246,0,1,19.84,19.84,15,11,22,42.205,434,382,224,1296,37.513
2247,0,1,1.81,1.81,20,18,37,78.768,178,1327,133,492,33.448
2248,0,1,176.04,176.05,29,23,34,61.577,615,655,22,1137,30.567
2249,0,1,2.07,2.09,25,21,37,77.590,505,1062,539,219,33.747
2250,0,1,0.10,0.10,10,7,19,44.084,338,951,447,191,30.711
2251,0,1,5.21,5.22,12,11,23,44.523,182,48,117,1028,39.286
2252,0,1,27.69,27.70,16,15,29,53.739,95,233,62,1119,35.465
2253,0,1,20.88,20.89,23,20,27,45.168,365,574,157,1335,31.557
2254,0,1,0.02,0.02,6,3,16,40.166,316,1323,459,338,39.813
2255,0,1,8.00,8.02,43,34,50,89.939,615,556,598,1330,30.967
2256,0,1,0.11,0.11,11,10,28,59.253,354,43,361,1123,43.201
2257,0,1,0.26,0.26,17,16,30,60.264,615,923,306,20,38.176
2258,0,1,0.56,0.57,13,10,25,55.232,76,406,370,1143,31.739
2259,0,1,0.02,0.02,7,7,16,35.735,377,1071,388,249,32.883
2260,0,1,0.48,0.48,13,9,24,52.029,158,33,578,1016,42.759
2261,0,1,0.03,0.04,11,9,26,62.785,490,166,490,1156,39.600
2262,0,1,32.00,32.01,19,16,33,63.927,264,164,213,1311,45.925
2263,0,1,38.58,38.59,22,14,30,61.064,308,256,524,1263,41.196
2264,0,1,1.56,1.57,16,11,21,43.865,414,903,50,184,32.236
2265,0,1,0.90,0.91,16,12,30,68.418,57,1121,145,39,43.423
2266,0,1,4.62,4.63,20,14,30,64.344,28,1321,510,410,41.226
2267,0,1,0.31,0.31,13,10,25,56.913,72,403,448,1215,35.793
2268,0,1,1.15,1.16,13,8,27,68.327,529,1220,466,60,46.468
2269,0,1,11.10,11.11,23,15,29,63.064,120,377,193,1339,38.591
2270,0,1,0.73,0.73,13,10,23,51.508,434,1348,574,385,38.925
2271,0,1,0.10,0.10,9,5,17,41.906,301,1232,491,306,37.812
2272,0,1,0.02,0.03,7,6,22,51.424,218,24,487,1042,42.118
2273,0,1,2.96,2.97,20,13,31,66.823,163,1315,208,168,45.915
2274,0,1,0.90,0.91,11,10,30,71.668,200,149,599,1149,43.066
2275,0,1,0.65,0.65,17,14,34,78.370,144,1332,250,17,52.771
2276,0,1,4.42,4.43,23,16,30,59.731,421,1337,565,479,34.800
2277,0,1,9.99,10.00,16,14,27,55.478,138,193,561,1143,41.597
2278,0,1,0.51,0.52,14,11,28,67.203,111,1337,372,156,48.380
2279,0,1,0.20,0.21,11,6,19,47.349,249,144,422,1151,40.870
2280,0,1,4.77,4.77,14,12,22,43.283,32,1337,502,668,32.704
2281,0,1,9.20,9.21,22,12,28,58.134,23,647,485,1243,30.164
2282,0,1,0.03,0.04,8,4,23,58.079,504,24,237,1173,47.185
2283,0,1,32.98,32.99,23,18,33,65.158,421,254,64,1027,34.058
2284,0,1,2.20,2.21,14,12,30,64.463,446,40,488,1045,40.235
2285,0,1,1.25,1.26,17,12,31,73.781,491,1162,122,217,40.580
2286,0,1,0.21,0.21,15,10,26,62.080,598,1327,209,400,40.212
2287,0,1,0.19,0.19,7,6,16,38.165,217,875,298,48,33.238
2288,0,1,2.27,2.28,15,10,24,49.988,399,136,432,1305,46.779
2289,0,1,14.93,14.94,21,16,31,61.039,440,204,63,1332,47.573
2290,0,1,4.58,4.59,21,14,28,62.051,155,1219,108,289,37.247
2291,0,0,500.01,500.01,0,0,0,0.000,339,314,432,1267,38.301
2292,0,1,0.69,0.71,18,14,33,73.186,70,999,200,37,38.830
2293,0,1,21.52,21.53,16,8,21,44.484,441,268,428,1362,43.763
2294,0,1,0.72,0.73,14,7,19,45.140,415,41,204,837,32.940
2295,0,1,0.87,0.87,9,7,18,38.678,359,499,181,1317,33.486
2296,0,1,0.48,0.49,16,10,22,49.057,521,1316,207,427,37.713
2297,0,1,2.61,2.62,14,7,15,34.164,422,895,491,100,31.920
2298,0,1,23.54,23.55,16,15,28,52.405,169,42,88,1195,46.234
2299,0,1,1.45,1.46,18,11,23,48.436,514,1237,220,217,42.461
2300,0,1,0.02,0.02,6,4,17,41.977,197,284,325,1313,41.477
2301,0,1,39.56,39.57,13,11,25,50.825,510,1330,316,261,43.458
2302,0,1,0.45,0.46,15,11,31,72.996,116,1029,212,157,35.091
2303,0,1,1.41,1.41,18,13,33,67.943,520,1233,71,298,41.489
2304,0,1,26.24,26.26,29,24,39,79.155,128,427,24,1194,30.961
2305,0,1,0.18,0.18,8,5,17,40.655,362,1063,229,244,33.189
2306,0,1,9.31,9.31,18,14,30,63.214,419,1356,304,269,43.723
2307,0,1,1.57,1.59,17,10,24,56.788,531,1086,389,24,42.858
2308,0,1,2.46,2.47,19,11,24,49.113,361,1168,104,298,36.287
2309,0,1,1.41,1.42,20,14,30,65.179,147,1269,298,99,47.188
2310,0,1,12.17,12.18,19,14,28,55.059,411,1343,539,550,32.131
2311,0,1,45.58,45.59,21,17,26,50.624,174,78,363,820,30.628
2312,0,1,2.43,2.44,12,9,26,55.781,513,1246,203,257,41.458
2313,0,1,0.85,0.86,17,14,30,64.389,141,111,362,902,32.852
2314,0,1,2.00,2.01,14,12,27,56.368,58,1019,432,211,35.614
2315,0,1,0.35,0.36,17,11,27,59.713,357,209,346,1076,34.683
2316,0,1,4.43,4.43,13,9,18,34.695,347,1166,377,379,31.503
2317,0,1,0.39,0.40,12,11,26,63.776,147,1123,535,426,31.909
2318,0,1,6.07,6.08,26,17,38,82.530,43,1192,433,27,49.142
2319,0,1,0.04,0.05,8,5,24,63.066,129,109,223,1226,44.838
2320,0,1,0.02,0.03,6,6,19,43.829,184,390,463,1122,31.335
2321,0,1,0.03,0.04,6,4,18,44.240,218,1030,131,71,38.518
2322,0,1,1.24,1.24,16,13,29,59.011,410,1095,314,181,36.761
2323,0,1,0.41,0.42,16,9,28,69.522,276,51,519,1154,45.178
2324,0,1,0.06,0.06,12,9,26,61.794,193,1074,164,19,42.216
2325,0,1,2.29,2.30,12,8,22,50.315,283,1283,78,428,35.169
2326,0,1,0.13,0.14,10,8,25,55.402,366,974,120,208,32.181
2327,0,1,0.60,0.60,12,7,17,41.209,490,1318,439,366,38.135
2328,0,1,0.02,0.03,7,6,19,45.468,407,204,365,1270,42.673
2329,0,1,0.18,0.19,12,9,25,57.691,148,1336,316,55,51.679
2330,0,1,0.36,0.37,12,8,24,57.798,248,76,190,982,36.314
2331,0,1,2.34,2.35,11,8,25,60.637,194,953,593,165,35.330
2332,0,1,0.04,0.05,8,7,20,45.356,220,38,185,1105,42.703
2333,0,1,0.90,0.91,13,10,26,54.770,59,1196,438,267,40.133
2334,0,1,0.04,0.05,9,7,26,63.682,620,150,189,1176,44.514
2335,0,1,1.39,1.40,26,16,36,81.313,501,432,177,1150,31.509
2336,0,1,0.63,0.63,11,9,19,40.052,111,809,597,171,32.081
2337,0,1,4.71,4.72,23,17,32,65.088,220,1269,90,493,31.473
2338,0,1,0.06,0.07,6,5,19,44.287,190,1155,441,390,32.205
2339,0,1,1.63,1.63,16,12,24,49.540,316,1043,329,195,33.924
2340,0,1,0.74,0.75,10,7,23,58.150,567,260,225,1062,34.875
2341,0,1,0.02,0.02,6,5,19,45.237,461,183,261,1212,41.930
2342,0,1,6.85,6.86,18,12,30,68.236,320,18,43,1335,53.833
2343,0,1,0.52,0.53,12,7,21,52.164,543,1284,425,392,35.991
2344,0,1,0.06,0.06,7,7,20,47.727,583,16,142,784,35.424
2345,0,1,0.04,0.05,9,5,18,44.639,469,314,101,1154,36.683
2346,0,1,0.46,0.47,13,10,29,67.299,208,1331,102,125,48.426
2347,0,1,0.16,0.16,10,8,19,42.867,426,1357,425,391,38.640
2348,0,1,2.48,2.49,21,13,29,66.245,301,192,123,1236,42.363
2349,0,1,1.33,1.34,21,15,34,74.976,371,41,545,783,30.485
2350,0,1,0.80,0.80,11,9,23,51.583,137,332,281,1148,33.144
2351,0,1,0.18,0.19,13,10,24,55.143,143,1221,530,355,37.942
2352,0,1,0.01,0.02,5,5,16,35.612,448,420,289,1229,32.979
2353,0,1,18.03,18.04,18,11,25,50.980,207,82,90,1236,46.397
2354,0,1,0.01,0.02,6,5,19,45.804,343,23,198,1004,39.666
2355,0,1,1.01,1.01,15,11,25,55.495,424,869,548,15,34.518
2356,0,1,0.27,0.28,15,10,25,56.454,143,47,350,1117,43.594
2357,0,1,0.19,0.20,15,12,29,63.418,146,30,369,1342,53.233
2358,0,1,5.88,5.89,12,11,24,49.623,279,1287,22,157,46.354
2359,0,1,0.83,0.84,19,18,29,54.685,247,109,533,803,30.025
2360,0,1,0.64,0.64,15,9,22,47.684,361,1054,97,145,37.862
2361,0,1,0.08,0.08,10,5,20,49.007,154,1107,359,285,33.887
2362,0,1,0.05,0.06,9,8,21,48.486,289,1245,524,177,43.742
2363,0,1,0.20,0.21,10,8,24,57.207,229,1291,107,27,50.795
2364,0,1,1.19,1.19,9,7,19,39.663,317,1198,122,326,35.741
2365,0,1,0.15,0.15,12,9,23,54.196,360,1136,278,197,37.703
2366,0,1,1.08,1.08,13,10,23,51.396,355,944,381,62,35.295
2367,0,1,0.33,0.34,15,8,22,49.332,329,180,235,1156,39.221
2368,0,1,0.75,0.76,12,11,20,41.874,499,1273,197,501,33.159
2369,0,1,0.58,0.58,9,7,18,40.854,290,1047,399,179,34.993
2370,0,1,3.08,3.09,12,10,21,47.613,444,1156,599,125,41.703
2371,0,1,0.14,0.15,10,7,17,39.300,337,168,334,922,30.160
2372,0,1,0.29,0.30,10,10,25,57.670,367,1268,352,273,39.805
2373,0,0,500.01,500.01,0,0,0,0.000,595,211,194,1326,47.397
2374,0,1,0.70,0.71,11,7,21,51.989,138,354,380,1159,33.624
2375,0,1,0.03,0.04,8,7,23,56.458,511,322,456,1173,34.111
2376,0,1,0.01,0.02,4,3,13,33.222,384,1082,453,264,32.836
2377,0,1,11.68,11.69,21,16,35,74.995,79,585,426,1305,31.970
2378,0,1,1.04,1.05,17,12,22,49.751,336,1103,291,263,33.648
2379,0,1,33.82,33.82,19,14,27,51.801,263,260,495,1240,40.283
2380,0,1,0.05,0.05,7,6,18,44.919,139,1021,132,54,38.681
2381,0,1,0.03,0.03,7,7,27,62.945,505,12,363,1223,48.772
2382,0,1,1.28,1.29,15,9,21,48.691,256,1176,574,462,31.265
2383,0,1,49.28,49.29,29,23,43,78.512,550,475,573,1323,33.932
2384,0,1,0.04,0.04,6,5,19,46.699,380,262,194,1132,35.586
2385,0,1,0.32,0.33,15,11,31,71.102,538,45,518,990,37.808
2386,0,1,0.25,0.26,9,6,20,46.397,490,155,302,1205,42.668
2387,0,1,0.08,0.08,9,6,23,59.246,178,937,382,197,30.704
2388,0,1,0.02,0.02,6,6,22,51.149,340,1300,190,332,39.182
2389,0,1,0.16,0.16,10,8,20,50.617,325,1112,385,150,38.555
2390,0,1,0.39,0.39,10,8,18,37.671,409,1068,514,172,36.085
2391,0,1,0.48,0.49,14,8,24,58.523,298,99,187,1052,38.378
2392,0,1,0.07,0.07,8,7,21,46.754,209,29,434,979,39.051
2393,0,1,0.22,0.23,14,11,26,59.937,489,1319,216,133,48.681
2394,0,1,0.04,0.04,9,8,27,64.035,104,374,371,1220,35.485
2395,0,1,0.04,0.04,8,6,18,39.942,343,1230,148,289,38.440
2396,0,1,0.74,0.75,11,9,20,44.151,432,809,335,50,30.607
2397,0,0,500.01,500.01,0,0,0,0.000,597,1199,262,348,36.583
2398,0,0,500.03,500.03,0,0,0,0.000,337,1172,395,317,34.279
2399,0,1,0.17,0.17,11,10,28,62.919,385,1155,81,45,46.035
2400,0,1,4.11,4.12,15,11,22,45.750,233,257,169,1318,42.517
2401,0,1,0.08,0.08,8,8,20,44.821,77,26,175,1011,39.595
2402,0,1,0.27,0.27,11,8,24,56.726,262,188,190,1162,39.066
2403,0,1,2.72,2.73,16,9,24,57.728,208,1123,108,288,33.639
2404,0,1,0.58,0.58,15,10,25,59.406,68,995,499,47,41.655
2405,0,1,0.02,0.02,6,6,19,45.476,438,321,185,1115,33.333
2406,0,1,0.36,0.37,7,4,15,38.709,442,816,173,85,31.157
2407,0,1,0.56,0.57,14,8,22,50.970,315,1252,254,70,47.343
2408,0,0,500.01,500.01,0,0,0,0.000,611,194,612,1199,40.200
2409,0,1,0.68,0.69,13,13,26,47.082,438,1295,501,317,39.201
2410,0,1,0.22,0.23,12,9,30,72.416,545,19,415,991,39.226
2411,0,1,0.37,0.38,13,11,30,68.854,214,1111,135,38,43.036
2412,0,1,0.04,0.04,9,7,18,41.171,457,420,314,1289,35.227
2413,0,1,0.01,0.02,5,3,16,41.103,185,58,219,1085,41.103
2414,0,1,5.15,5.16,26,17,25,50.507,26,577,568,26,30.916
2415,0,1,3.26,3.27,20,17,27,50.790,548,1195,475,157,41.623
2416,0,1,0.20,0.21,11,9,19,44.738,107,12,434,782,33.462
2417,0,1,0.06,0.07,7,6,17,39.567,216,319,455,1039,30.345
2418,0,1,0.03,0.03,7,6,25,60.124,325,37,326,1086,41.960
2419,0,1,0.10,0.11,10,10,24,53.209,271,1173,295,194,39.172
2420,0,1,42.27,42.28,30,17,32,60.853,309,187,50,1192,41.513
2421,0,1,0.33,0.34,13,11,31,75.023,141,1087,212,64,41.018
2422,0,1,1.12,1.13,14,13,28,57.312,565,1132,498,168,38.653
2423,0,1,15.14,15.15,27,19,32,62.090,196,1331,23,546,32.153
2424,0,1,0.88,0.89,12,9,30,70.197,123,1149,79,237,36.522
2425,0,1,10.22,10.23,18,16,29,58.505,108,30,96,1267,49.482
2426,0,1,0.05,0.06,8,8,24,55.460,376,1113,73,301,34.668
2427,0,1,3.00,3.01,24,13,34,76.850,460,232,33,956,33.622
2428,0,1,46.56,46.57,30,18,31,58.672,59,399,146,1276,35.252
2429,0,1,0.26,0.27,13,9,28,66.062,524,988,198,280,31.178
2430,0,1,0.10,0.10,8,7,19,42.941,398,180,357,1192,40.513
2431,0,1,0.01,0.01,4,4,14,33.848,212,319,240,1164,33.819
2432,0,1,0.02,0.02,7,7,24,55.760,222,54,395,1060,40.831
2433,0,1,0.02,0.03,8,6,26,63.513,425,45,377,1127,43.323
2434,0,1,0.06,0.07,9,8,27,63.544,506,46,143,1130,45.727
2435,0,1,47.83,47.84,20,18,33,58.796,374,241,523,1044,32.668
2436,0,1,0.14,0.15,9,7,23,55.248,21,160,393,1145,42.116
2437,0,1,0.59,0.60,10,8,19,43.706,355,177,469,1099,37.161
2438,0,1,0.11,0.12,10,6,20,50.697,440,1051,248,52,40.691
2439,0,1,7.57,7.58,14,10,28,64.302,369,18,305,811,31.823
2440,0,1,0.03,0.03,8,8,25,58.635,471,45,229,1162,45.717
2441,0,1,0.05,0.05,7,6,20,48.149,320,21,263,1126,44.259
2442,0,1,82.79,82.80,23,22,39,72.170,267,101,133,1224,45.239
2443,0,1,0.65,0.66,15,12,23,46.842,523,739,262,12,30.897
2444,0,1,61.13,61.14,26,21,36,60.074,484,197,21,1322,48.662
2445,0,1,0.20,0.20,5,5,16,38.104,201,794,402,48,30.904
2446,0,1,0.07,0.07,6,6,16,33.407,408,902,495,141,30.638
2447,0,1,0.02,0.02,9,7,22,53.364,334,257,368,1350,43.741
2448,0,1,42.67,42.68,17,15,27,47.628,192,79,266,842,30.663
2449,0,1,0.02,0.02,8,5,23,59.023,348,1108,429,41,42.803
2450,0,1,0.77,0.78,17,17,31,62.522,598,1011,269,29,41.426
2451,0,1,2.36,2.37,19,11,21,43.022,534,329,433,1073,30.033
2452,0,1,0.11,0.12,10,7,19,47.486,415,1040,193,45,40.779
2453,0,1,8.40,8.41,19,14,27,52.307,95,192,604,1147,43.287
2454,0,1,0.94,0.94,11,8,18,41.384,253,188,462,911,30.104
2455,0,1,0.32,0.32,12,10,25,57.635,372,1159,124,65,44.870
2456,0,1,0.03,0.04,10,9,25,60.059,250,104,400,1212,44.724
2457,0,1,0.13,0.14,11,10,25,54.749,362,61,281,1170,44.478
2458,0,1,0.83,0.85,22,16,35,70.898,388,90,379,1034,37.762
2459,0,1,1.13,1.13,15,12,22,47.508,442,58,89,856,34.904
2460,0,0,500.01,500.01,0,0,0,0.000,355,1191,299,323,34.792
2461,0,1,0.04,0.05,8,4,18,47.780,139,1107,455,421,30.211
2462,0,1,3.05,3.06,20,16,35,72.105,532,1072,585,154,36.781
2463,0,1,0.07,0.08,9,6,22,52.687,54,30,299,1212,48.285
2464,0,1,2.76,2.77,31,22,40,82.057,21,1320,599,815,30.701
2465,0,1,0.03,0.03,6,5,22,53.068,112,1156,275,270,36.035
2466,0,1,0.09,0.09,9,6,18,38.649,387,923,331,173,30.084
2467,0,1,2.39,2.41,25,13,31,69.307,299,1275,120,457,33.494
2468,0,1,0.28,0.29,12,6,24,57.329,39,192,344,1227,43.160
2469,0,1,0.79,0.79,14,12,29,62.571,100,372,291,1117,30.764
2470,0,1,0.25,0.25,13,11,25,52.908,610,827,244,43,34.609
2471,0,1,1.76,1.77,15,10,26,55.756,468,206,102,1193,42.107
2472,0,1,0.84,0.85,16,12,26,56.487,357,210,496,1278,43.080
2473,0,1,0.83,0.84,14,11,28,65.521,465,1102,387,211,35.776
2474,0,1,0.31,0.32,16,14,30,64.856,367,13,367,1225,48.480
2475,0,1,12.37,12.38,34,20,42,88.644,612,602,156,1263,32.121
2476,0,1,7.71,7.72,21,18,33,65.005,439,1146,91,355,34.567
2477,0,1,4.48,4.49,21,17,32,67.581,110,1278,241,536,30.139
2478,0,1,0.04,0.04,9,5,18,45.047,332,265,248,1218,38.268
2479,0,1,0.07,0.08,7,6,21,50.383,237,46,381,1067,41.244
2480,0,1,0.04,0.05,7,6,17,39.835,189,309,361,1245,38.067
2481,0,1,69.27,69.28,18,15,31,58.381,44,1126,527,185,42.309
2482,0,1,0.46,0.47,11,10,27,63.793,394,1165,98,23,47.189
2483,0,1,0.04,0.04,8,7,24,57.958,292,1250,385,45,48.343
2484,0,1,0.12,0.13,11,7,23,54.705,269,47,357,1251,48.288
2485,0,1,0.02,0.03,7,6,23,54.412,402,271,440,1135,34.593
2486,0,1,1.58,1.59,10,10,19,37.309,263,1147,94,313,34.038
2487,0,1,10.32,10.33,17,11,27,56.417,256,257,524,1273,42.030
2488,0,1,0.29,0.30,11,8,22,50.469,246,66,321,1143,43.184
2489,0,1,10.93,10.94,17,13,24,43.810,382,402,101,1216,34.445
2490,0,1,28.95,28.95,19,12,27,54.085,500,189,117,1220,43.994
2491,0,1,0.03,0.03,7,5,16,37.387,186,155,374,968,33.378
2492,0,1,0.56,0.57,23,13,31,70.404,55,12,519,1153,49.269
2493,0,1,0.03,0.03,5,3,13,33.179,199,220,218,1049,33.169
2494,0,1,0.02,0.03,10,8,26,63.008,286,39,361,1280,49.731
2495,0,1,0.02,0.02,5,4,14,34.258,314,266,467,1014,30.539
2496,0,1,2.28,2.29,21,17,33,69.042,131,95,134,1227,45.280
2497,0,1,15.35,15.35,15,12,30,62.595,102,313,422,1262,40.060
2498,0,1,2.79,2.80,21,16,34,73.916,437,1350,501,36,52.622
2499,0,1,0.63,0.63,14,10,24,49.641,601,1218,178,405,36.658
2500,0,1,1.78,1.79,16,10,18,36.959,500,164,547,933,30.817
2501,0,1,0.20,0.20,9,7,17,40.059,181,235,439,995,32.104
2502,0,1,0.49,0.50,12,8,26,58.416,172,1148,207,234,36.587
2503,0,1,1.29,1.30,20,15,30,68.311,531,43,430,791,30.192
2504,0,1,16.12,16.13,26,19,34,71.789,91,1202,273,453,30.832
2505,0,1,2.79,2.80,21,14,31,65.128,109,1241,398,127,46.035
2506,0,1,26.68,26.69,30,19,31,52.796,457,554,616,1324,31.450
2507,0,1,51.17,51.19,32,23,38,65.620,602,119,613,1335,48.642
2508,0,1,2.58,2.59,21,18,36,75.533,417,1377,497,49,53.216
2509,0,1,0.16,0.17,13,12,26,58.239,521,224,458,1140,36.727
2510,0,1,0.03,0.04,9,6,23,59.024,371,1293,180,425,35.551
2511,0,1,12.03,12.04,27,23,43,86.671,154,1268,269,110,46.548
2512,0,1,0.14,0.14,13,11,25,55.840,96,929,557,162,35.795
2513,0,1,0.16,0.17,13,11,32,72.967,481,1162,594,24,45.744
2514,0,1,0.14,0.15,9,8,25,58.068,257,1184,90,361,33.591
2515,0,1,0.36,0.36,8,7,19,42.629,196,929,27,42,36.118
2516,0,1,7.28,7.29,20,12,23,51.548,251,165,585,908,32.585
2517,0,1,2.73,2.74,20,12,29,57.624,205,1321,540,523,34.619
2518,0,1,0.78,0.79,12,11,30,65.065,587,1191,276,34,47.923
2519,0,1,2.88,2.89,27,24,42,77.213,300,828,537,22,33.605
2520,0,1,0.17,0.17,7,7,21,44.556,503,1195,505,127,42.720
2521,0,1,0.06,0.06,7,7,25,59.029,87,185,286,1262,43.809
2522,0,1,1.55,1.56,12,9,24,56.407,51,200,409,1382,49.401
2523,0,1,0.02,0.02,6,6,18,41.358,218,997,415,272,30.052
2524,0,1,4.53,4.54,23,19,39,74.718,213,1313,429,176,46.293
2525,0,1,15.28,15.29,24,13,33,70.879,483,28,518,1252,48.980
2526,0,1,0.91,0.92,15,8,26,60.423,620,154,351,964,34.140
2527,0,1,0.26,0.26,12,10,22,45.955,103,802,477,20,34.673
2528,0,1,0.08,0.09,8,7,20,49.459,71,953,452,38,39.646
2529,0,1,2.15,2.15,14,10,19,39.212,452,885,52,212,31.316
2530,0,1,1.58,1.59,23,13,28,61.678,420,1126,416,54,42.880
2531,0,1,0.02,0.02,5,4,16,39.114,216,213,196,1188,39.008
2532,0,1,0.04,0.05,8,7,22,50.824,370,202,169,1147,38.646
2533,0,1,0.13,0.13,10,8,26,60.198,95,188,230,1120,37.669
2534,0,1,0.19,0.20,9,7,19,49.381,140,81,305,1213,45.758
2535,0,1,11.24,11.25,15,13,28,60.028,289,269,599,1004,31.908
2536,0,1,1.99,2.00,23,15,31,66.617,287,1322,543,496,34.590
2537,0,1,0.02,0.03,7,5,15,37.548,356,242,435,1032,31.758
2538,0,1,0.02,0.02,7,6,20,48.594,461,252,349,1144,35.960
2539,0,1,0.20,0.21,13,11,32,71.264,72,13,452,958,40.742
2540,0,1,20.51,20.52,31,20,32,62.083,497,1193,143,456,32.704
2541,0,0,500.02,500.02,0,0,0,0.000,290,328,357,1130,32.192
2542,0,1,0.05,0.06,12,11,27,64.760,199,214,290,1275,42.596
2543,0,1,0.55,0.56,13,8,23,51.231,253,1148,121,319,33.578
2544,0,1,0.54,0.55,15,11,26,58.828,421,179,268,960,31.834
2545,0,1,2.48,2.49,17,11,31,77.843,130,1136,119,221,36.603
2546,0,1,0.17,0.18,8,8,23,50.405,183,259,383,1076,33.645
2547,0,1,0.45,0.46,16,12,29,65.006,583,38,275,938,38.050
2548,0,0,500.01,500.01,0,0,0,0.000,236,1181,247,356,33.003
2549,0,1,7.13,7.15,23,14,24,48.464,176,76,547,925,37.061
2550,0,1,0.57,0.58,9,8,24,55.148,458,192,181,981,33.448
2551,0,1,2.95,2.96,17,12,26,58.939,329,181,425,1379,48.074
2552,0,1,0.10,0.10,11,8,24,56.215,265,127,364,1217,43.779
2553,0,1,7.17,7.18,20,12,24,50.430,280,191,115,948,30.991
2554,0,1,0.07,0.07,10,7,26,63.374,182,1277,533,48,51.126
2555,0,1,3.43,3.45,38,28,46,92.113,292,785,596,25,32.742
2556,0,1,0.08,0.08,8,8,21,47.264,173,447,463,1140,30.049
2557,0,1,4.37,4.38,16,12,21,41.262,232,21,132,950,37.375
2558,0,1,0.09,0.10,10,7,24,58.163,276,30,350,1327,51.964
2559,0,1,2.24,2.24,16,13,23,46.934,81,208,615,952,36.632
2560,0,1,0.11,0.12,12,10,25,55.342,323,47,455,927,35.594
2561,0,1,0.02,0.02,6,4,16,40.038,449,379,300,1257,35.622
2562,0,1,1.18,1.19,22,20,42,85.917,541,1335,387,55,51.569
2563,0,1,0.57,0.58,20,12,28,59.121,55,1208,137,261,38.022
2564,0,1,1.44,1.44,13,9,23,48.755,407,1065,75,374,30.665
2565,0,1,56.27,56.28,12,10,23,44.359,453,216,549,1237,41.020
2566,0,1,0.06,0.07,10,8,26,61.836,289,1304,219,79,49.080
2567,0,1,0.77,0.78,18,14,30,62.432,578,390,423,1160,31.418
2568,0,1,14.40,14.41,16,13,31,66.262,570,13,99,1240,52.572
2569,0,1,8.15,8.16,14,12,26,53.129,195,350,615,1337,42.906
2570,0,1,24.79,24.80,21,18,35,64.201,346,60,425,1330,50.898
2571,0,1,0.85,0.86,10,7,17,39.394,200,775,608,121,30.833
2572,0,1,1.20,1.21,18,16,35,71.588,70,1202,507,448,34.859
2573,0,1,0.57,0.58,16,13,30,67.734,104,1230,90,406,32.965
2574,0,1,0.03,0.03,7,6,23,56.543,377,246,420,1097,34.083
2575,0,1,22.06,22.07,23,16,32,65.402,348,197,209,1298,44.390
2576,0,1,1.95,1.95,18,16,31,61.389,537,1323,174,316,42.817
2577,0,1,1.47,1.48,12,9,23,53.049,357,1321,130,378,38.797
2578,0,1,0.46,0.47,10,9,20,41.134,429,1073,548,170,36.432
2579,0,1,0.08,0.08,9,8,26,61.789,190,1254,233,38,48.670
2580,0,1,0.09,0.09,11,10,24,53.362,366,1128,30,288,36.188
2581,0,1,0.21,0.21,9,8,22,48.134,452,1199,537,226,39.068
2582,0,1,2.39,2.40,19,11,27,62.533,594,1138,100,475,33.072
2583,0,1,0.05,0.05,7,7,19,41.496,245,887,349,52,33.658
2584,0,1,8.35,8.36,22,16,37,80.332,311,20,525,1268,50.649
2585,0,1,0.50,0.51,11,11,29,63.781,53,1132,283,147,40.460
2586,0,1,19.25,19.26,21,17,32,60.629,196,271,620,1205,41.029
2587,0,1,0.09,0.10,11,7,23,54.700,394,1181,206,405,31.938
2588,0,1,0.03,0.03,5,5,17,38.240,202,374,378,1271,36.564
2589,0,1,5.79,5.80,27,20,39,76.906,607,1142,551,22,44.856
2590,0,1,0.09,0.09,11,8,25,59.128,131,302,270,1154,34.531
2591,0,1,2.55,2.55,8,7,18,39.805,466,342,439,1281,37.576
2592,0,1,22.65,22.65,17,16,31,58.874,76,1137,593,259,40.756
2593,0,1,2.19,2.20,18,11,26,59.909,521,1212,102,525,32.188
2594,0,1,0.03,0.04,9,6,19,45.397,261,275,324,1266,39.720
2595,0,1,0.24,0.24,9,7,19,43.475,433,1039,200,207,34.560
2596,0,1,2.93,2.93,16,12,25,47.345,537,1331,216,650,30.115
2597,0,0,500.01,500.01,0,0,0,0.000,611,881,132,153,34.858
2598,0,1,7.95,7.96,15,13,31,66.896,203,1301,216,235,42.643
2599,0,1,0.72,0.73,18,15,29,58.485,600,250,215,1208,41.299
2600,0,1,0.13,0.13,9,9,22,51.449,465,674,28,50,30.472
2601,0,1,9.23,9.24,17,11,23,52.551,474,302,20,1224,41.109
2602,0,1,0.76,0.77,16,13,31,68.646,250,1086,477,23,43.479
2603,0,1,1.46,1.47,14,13,29,70.114,124,38,491,1038,42.609
2604,0,1,2.04,2.04,12,12,25,50.604,486,1329,371,391,37.801
2605,0,1,0.46,0.47,13,9,26,63.093,148,1015,187,74,37.672
2606,0,1,7.09,7.10,27,16,33,73.949,114,410,42,1329,36.873
2607,0,1,0.74,0.75,22,13,28,60.953,370,989,406,121,34.750
2608,0,1,4.52,4.53,14,8,22,46.626,431,1220,561,288,37.641
2609,0,1,1.26,1.27,16,11,29,66.999,257,1133,398,96,41.862
2610,0,1,0.02,0.02,5,5,20,46.198,458,239,131,1113,37.327
2611,0,1,0.14,0.15,10,8,22,52.088,538,310,304,1206,37.042
2612,0,1,5.82,5.83,14,13,25,48.761,374,1302,360,373,37.164
2613,0,1,41.14,41.15,17,9,27,64.772,129,119,139,1260,45.642
2614,0,1,0.22,0.23,12,7,21,51.845,140,878,554,19,38.142
2615,0,1,1.07,1.08,27,20,38,71.952,485,144,392,908,30.786
2616,0,1,2.81,2.82,26,22,36,70.081,239,22,584,912,38.181
2617,0,1,0.12,0.12,11,9,30,72.587,468,14,429,1006,39.711
2618,0,1,3.03,3.04,12,10,22,48.825,211,1277,107,148,45.351
2619,0,1,0.08,0.08,6,4,17,43.745,544,288,219,1010,31.671
2620,0,1,0.18,0.19,11,9,25,56.009,254,94,251,907,32.520
2621,0,1,0.59,0.59,14,11,29,64.801,118,325,89,1235,36.418
2622,0,1,3.21,3.21,15,8,17,36.621,211,649,596,1326,31.153
2623,0,1,2.92,2.93,16,13,26,54.253,502,1225,620,122,44.372
2624,0,1,0.10,0.10,9,8,19,39.831,98,51,430,744,30.737
2625,0,1,0.54,0.55,13,8,22,52.543,298,251,482,1241,40.278
2626,0,1,5.62,5.63,22,15,34,71.800,137,143,150,1320,47.083
2627,0,1,0.30,0.30,9,9,24,53.362,607,107,167,1151,45.317
2628,0,1,1.45,1.46,12,9,23,53.255,21,1205,327,490,31.109
2629,0,1,1.76,1.77,18,14,27,59.092,156,1148,71,229,36.917
2630,0,1,0.22,0.22,7,7,18,37.931,85,89,203,987,36.229
2631,0,1,5.09,5.09,15,9,23,52.301,461,1160,128,167,41.894
2632,0,1,9.53,9.54,20,12,28,57.979,184,112,552,1279,48.946
2633,0,1,10.79,10.80,23,16,29,61.148,114,336,503,1271,40.508
2634,0,1,0.09,0.10,11,10,23,53.415,254,12,185,832,32.916
2635,0,1,23.01,23.02,21,20,33,62.876,332,199,529,1041,34.590
2636,0,1,0.02,0.02,6,4,18,45.303,194,180,342,1282,44.476
2637,0,1,0.08,0.08,8,7,19,44.192,95,22,302,919,36.823
2638,0,1,0.31,0.31,16,14,33,74.908,270,1155,137,85,43.129
2639,0,1,0.24,0.24,12,10,25,59.504,256,912,51,26,36.376
2640,0,1,0.02,0.03,7,6,19,43.869,342,1340,160,297,42.350
2641,0,1,0.61,0.62,14,9,26,62.533,400,1027,555,59,39.213
2642,0,1,1.80,1.81,21,10,22,48.546,235,931,619,135,35.351
2643,0,1,0.10,0.11,12,10,29,63.579,78,450,301,1296,34.996
2644,0,1,6.59,6.60,26,22,34,64.293,261,170,563,934,32.861
2645,0,1,5.93,5.94,14,12,21,39.511,426,1031,572,289,30.249
2646,0,1,0.80,0.80,11,10,22,50.736,395,1215,111,382,35.203
2647,0,1,0.15,0.16,11,10,19,43.064,541,666,93,19,31.479
2648,0,1,0.24,0.24,11,9,24,58.445,83,995,582,45,42.923
2649,0,1,1.80,1.81,13,9,23,50.728,150,1244,452,238,42.014
2650,0,1,0.02,0.02,8,5,20,48.585,285,1321,574,301,42.406
2651,0,1,0.09,0.09,11,8,26,64.213,438,1177,436,182,39.800
2652,0,1,8.79,8.80,12,8,19,41.165,177,435,456,1358,38.570
2653,0,1,0.80,0.81,13,8,26,59.808,168,1145,327,32,44.972
2654,0,1,0.16,0.17,9,7,20,47.948,384,56,199,944,36.283
2655,0,1,0.23,0.23,10,9,26,60.886,381,1211,324,50,46.496
2656,0,1,3.86,3.87,21,14,30,63.564,284,142,616,1136,41.919
2657,0,1,0.16,0.17,13,7,25,60.011,322,927,246,42,35.530
2658,0,0,500.01,500.01,0,0,0,0.000,265,96,576,868,33.292
2659,0,1,0.08,0.10,16,10,28,67.155,449,1075,102,290,34.331
2660,0,1,0.01,0.03,6,4,19,47.753,234,1218,168,65,46.195
2661,0,1,0.02,0.02,5,4,16,38.598,464,490,362,1331,33.887
2662,0,1,0.13,0.14,10,8,23,55.979,159,1140,490,196,40.014
2663,0,1,0.56,0.56,14,12,29,66.730,230,1154,547,183,40.857
2664,0,1,0.04,0.05,10,7,21,51.347,177,191,290,1225,41.606
2665,0,1,0.58,0.59,13,9,26,60.069,432,1007,183,82,38.317
2666,0,1,19.69,19.70,33,26,38,67.454,129,430,473,1317,38.055
2667,0,1,0.02,0.03,6,5,23,56.057,166,12,391,1199,48.325
2668,0,1,4.65,4.66,23,20,34,64.537,619,1018,74,476,30.745
2669,0,1,0.06,0.06,10,9,21,49.266,431,1154,183,207,39.157
2670,0,1,0.04,0.05,9,8,25,56.438,556,47,219,1061,42.741
2671,0,1,50.37,50.38,20,15,30,60.451,496,462,188,1278,34.888
2672,0,1,1.26,1.27,15,12,23,50.669,21,1236,136,311,37.285
2673,0,1,6.42,6.43,17,15,32,63.839,124,1237,286,156,43.723
2674,0,1,2.10,2.11,18,17,32,68.046,575,1187,137,238,41.808
2675,0,1,0.32,0.33,14,10,21,47.172,139,953,392,30,38.282
2676,0,1,0.32,0.32,11,6,20,50.542,544,304,156,1078,34.632
2677,0,1,0.60,0.61,14,13,32,76.565,276,1290,410,167,45.239
2678,0,1,3.67,3.68,21,19,34,61.732,423,1339,283,37,52.380
2679,0,1,0.20,0.21,9,7,23,56.307,401,1168,421,190,39.128
2680,0,1,0.80,0.81,25,19,43,95.812,149,1259,108,42,48.708
2681,0,1,2.00,2.01,22,14,33,75.532,497,1233,571,52,47.333
2682,0,1,25.95,25.95,24,20,29,44.426,368,389,501,1210,33.268
2683,0,1,0.04,0.05,9,5,17,43.025,320,1348,210,362,39.685
2684,0,1,9.43,9.44,20,17,29,52.518,201,1381,251,615,30.705
2685,0,1,0.16,0.16,10,7,20,48.285,223,1054,449,211,34.911
2686,0,1,0.26,0.27,12,9,21,45.512,38,212,590,725,30.143
2687,0,1,9.38,9.39,13,8,25,57.455,194,20,221,1328,52.331
2688,0,1,0.03,0.04,10,6,26,65.302,474,60,433,1054,39.794
2689,0,1,2.59,2.60,20,13,23,50.039,304,915,277,120,31.818
2690,0,1,0.24,0.25,14,9,29,67.672,91,58,268,946,36.219
2691,0,0,500.01,500.01,0,0,0,0.000,292,1340,296,326,40.560
2692,0,1,0.99,1.00,17,14,27,56.646,534,336,235,1159,35.025
2693,0,1,4.15,4.17,14,11,28,65.276,196,88,568,1017,40.028
2694,0,1,6.80,6.81,25,17,31,66.173,510,1259,74,468,36.128
2695,0,1,1.17,1.18,21,11,30,72.144,499,460,302,1259,32.917
2696,0,1,0.11,0.12,14,10,26,61.963,178,939,260,121,32.884
2697,0,1,7.31,7.32,19,10,21,44.845,86,62,554,725,32.461
2698,0,1,0.26,0.27,10,8,20,44.379,547,178,359,1171,40.426
2699,0,1,1.11,1.11,19,16,31,60.943,98,190,81,942,30.088
2700,0,1,0.44,0.45,15,11,23,48.046,600,916,123,220,33.751
2701,0,1,13.00,13.01,15,14,29,55.827,421,1360,568,254,44.629
2702,0,1,59.86,59.87,20,15,28,48.489,43,1139,361,371,33.249
2703,0,1,0.57,0.58,16,12,26,58.902,36,935,593,25,42.677
2704,0,1,0.01,0.02,5,4,15,34.438,464,387,296,1190,32.815
2705,0,1,0.02,0.02,6,4,20,50.026,177,1322,197,78,49.766
2706,0,1,0.02,0.02,7,6,23,55.974,252,246,150,1131,35.634
2707,0,1,0.34,0.35,14,9,27,63.637,450,1243,452,52,47.640
2708,0,1,0.04,0.04,11,9,29,69.290,391,51,432,821,30.844
2709,0,1,4.56,4.57,22,16,24,38.605,84,195,128,951,30.291
2710,0,1,0.16,0.16,8,5,17,44.738,438,288,219,1141,35.227
2711,0,1,0.15,0.15,12,10,20,43.401,427,806,292,60,30.325
2712,0,1,1.36,1.36,11,11,22,49.882,139,1031,407,179,35.726
2713,0,1,1.93,1.93,14,7,22,51.050,378,1274,539,460,33.191
2714,0,1,20.47,20.48,33,26,45,80.873,509,1333,30,556,36.511
2715,0,1,0.05,0.05,6,5,16,40.690,201,143,453,908,32.217
2716,0,1,0.21,0.21,10,8,21,45.760,43,29,290,891,35.868
2717,0,1,11.41,11.42,25,20,32,59.294,539,700,31,1320,32.062
2718,0,1,0.12,0.12,9,8,18,39.928,101,800,295,50,30.987
2719,0,1,0.68,0.68,19,11,29,66.372,170,93,102,1205,44.563
2720,0,1,0.60,0.61,14,9,25,57.661,349,47,226,1310,50.759
2721,0,1,16.89,16.90,20,15,34,72.141,571,12,487,1175,46.641
2722,0,1,7.13,7.14,17,15,31,66.634,96,1199,133,47,46.104
2723,0,1,0.98,0.99,20,16,24,50.253,30,607,592,58,31.426
2724,0,1,79.08,79.09,28,23,36,64.707,98,308,581,1197,40.469
2725,0,1,0.12,0.12,9,7,26,64.824,422,1172,65,36,47.631
2726,0,1,0.89,0.90,11,9,23,48.852,195,1204,357,161,42.220
2727,0,1,0.08,0.08,9,8,21,48.308,433,203,186,1103,37.331
2728,0,1,0.29,0.30,12,11,30,70.687,154,1265,120,111,46.180
2729,0,1,1.32,1.33,10,8,20,43.186,386,1156,116,308,35.598
2730,0,1,9.59,9.60,30,19,35,68.181,116,1270,620,569,34.535
2731,0,1,0.83,0.83,18,13,32,76.873,581,1219,126,346,39.378
2732,0,1,0.30,0.30,11,9,26,58.206,115,206,225,1210,40.400
2733,0,1,2.56,2.57,20,15,32,70.566,218,1360,570,460,38.655
2734,0,1,2.25,2.26,8,8,19,38.718,365,447,276,1345,36.096
2735,0,1,0.28,0.29,7,7,18,40.972,556,806,170,103,32.080
2736,0,1,3.84,3.84,19,15,26,46.538,273,533,518,1322,33.047
2737,0,1,2.98,2.99,23,10,28,65.577,269,202,153,1280,43.369
2738,0,1,3.07,3.07,19,16,27,51.535,573,1213,408,184,41.686
2739,0,1,0.05,0.05,8,6,18,43.172,342,285,197,1194,36.820
2740,0,1,2.63,2.64,25,14,24,54.745,72,923,296,127,33.077
2741,0,1,1.43,1.44,26,15,30,66.083,108,419,508,1103,31.695
2742,0,1,35.06,35.07,32,21,34,62.222,132,345,148,1199,34.166
2743,0,1,90.27,90.29,30,21,40,81.597,538,425,112,1268,37.781
2744,0,1,0.03,0.04,6,3,13,33.018,461,493,204,1226,31.070
2745,0,1,0.05,0.05,11,10,24,50.797,441,19,341,892,35.148
2746,0,1,0.74,0.75,17,13,27,58.209,296,186,78,950,31.780
2747,0,1,0.23,0.23,9,7,16,37.268,66,925,194,67,34.700
2748,0,1,0.03,0.03,7,7,20,45.197,306,269,343,1175,36.270
2749,0,1,10.99,11.00,19,15,23,39.119,489,141,554,925,31.468
2750,0,1,0.01,0.01,4,4,15,35.606,276,1299,188,416,35.495
2751,0,1,0.45,0.45,9,8,19,43.277,183,258,530,990,32.403
2752,0,1,6.17,6.18,25,18,29,58.939,597,380,182,1341,41.871
2753,0,1,0.28,0.29,18,12,24,55.103,118,331,453,1035,31.186
2754,0,1,0.68,0.69,15,10,22,44.029,315,960,607,101,36.291
2755,0,1,0.94,0.95,12,9,22,50.192,246,191,477,1006,33.884
2756,0,1,0.14,0.15,13,12,28,62.119,30,1212,469,257,42.043
2757,0,1,12.62,12.63,22,20,36,68.385,142,354,69,1328,39.069
2758,0,1,0.21,0.21,15,11,28,65.770,203,1121,54,185,37.911
2759,0,1,3.10,3.11,18,14,32,68.431,528,483,49,1327,38.818
2760,0,1,1.94,1.95,12,9,20,42.338,136,1153,93,294,34.403
2761,0,1,0.40,0.41,12,11,26,57.628,485,1035,267,238,33.051
2762,0,1,6.87,6.88,18,16,28,55.152,137,242,24,1221,39.420
2763,0,1,0.09,0.10,12,11,26,59.819,561,367,318,1324,39.495
2764,0,1,0.01,0.02,5,4,16,37.586,459,410,203,1211,33.637
2765,0,1,0.01,0.01,4,3,13,32.087,453,373,320,1143,31.256
2766,0,1,0.21,0.21,10,7,17,44.429,436,755,32,47,32.606
2767,0,1,0.35,0.35,8,7,20,46.644,513,43,79,759,33.491
2768,0,1,1.28,1.29,21,18,32,65.562,617,927,610,115,32.481
2769,0,1,67.88,67.89,17,11,28,62.317,596,136,84,1199,47.195
2770,0,1,3.80,3.81,21,18,35,70.642,392,1075,583,38,42.178
2771,0,0,500.01,500.01,0,0,0,0.000,314,1128,269,356,30.932
2772,0,1,0.04,0.04,6,4,15,38.268,170,168,206,1121,38.147
2773,0,1,5.45,5.46,18,16,34,72.299,203,1385,505,26,55.686
2774,0,1,0.18,0.19,17,10,34,84.005,524,44,297,956,37.593
2775,0,0,500.01,500.01,0,0,0,0.000,609,868,183,199,31.725
2776,0,1,0.49,0.50,13,11,25,54.516,327,1133,457,327,32.657
2777,0,1,25.75,25.76,19,17,27,46.377,607,1321,360,443,36.483
2778,0,1,23.95,23.96,19,13,32,71.859,418,23,495,1261,49.616
2779,0,1,0.37,0.37,14,9,29,69.617,550,431,361,1278,34.713
2780,0,1,53.65,53.67,27,19,39,75.719,609,54,39,1208,51.484
2781,0,1,0.11,0.11,9,7,20,43.279,171,317,501,1144,35.616
2782,0,1,0.53,0.53,13,11,22,43.171,171,162,602,818,31.397
2783,0,1,4.92,4.93,12,6,16,38.591,173,418,190,1338,36.806
2784,0,1,4.57,4.58,16,14,22,48.142,89,658,434,1333,30.322
2785,0,1,1.04,1.05,21,14,28,58.153,533,893,330,46,34.839
2786,0,1,0.20,0.20,13,10,24,52.340,431,288,514,1084,32.013
2787,0,1,15.04,15.05,31,23,36,69.517,228,1325,606,571,33.738
2788,0,1,0.01,0.02,5,4,14,32.114,434,515,353,1301,31.607
2789,0,1,0.12,0.13,9,5,17,38.822,565,160,298,895,31.280
2790,0,1,0.09,0.10,7,5,15,36.458,352,1271,276,501,30.950
2791,0,1,9.22,9.23,29,24,39,73.845,501,1146,24,528,31.227
2792,0,1,8.49,8.50,16,12,26,54.503,144,1207,615,381,38.034
2793,0,1,0.99,0.99,11,9,19,42.390,375,407,263,1155,30.254
2794,0,1,8.78,8.79,26,19,33,61.793,410,1383,42,402,41.910
2795,0,1,10.42,10.43,18,15,30,58.524,537,222,529,1275,42.121
2796,0,1,0.96,0.97,21,17,36,76.957,74,1209,537,389,37.667
2797,0,1,30.71,30.72,20,15,29,57.227,214,273,414,1317,42.519
2798,0,1,2.03,2.03,19,11,28,68.140,507,341,427,1384,41.843
2799,0,1,0.06,0.06,9,6,19,48.010,432,1065,143,312,32.262
2800,0,1,1.96,1.97,20,15,33,73.025,554,505,529,1268,30.536
2801,0,1,11.37,11.37,17,13,21,42.006,176,649,424,1374,30.650
2802,0,1,0.04,0.04,6,3,15,40.545,58,240,428,928,31.247
2803,0,1,1.21,1.22,20,15,31,69.902,369,1305,364,44,50.440
2804,0,0,500.01,500.01,0,0,0,0.000,321,1002,250,86,36.750
2805,0,1,0.07,0.08,8,7,23,54.749,258,1205,560,383,35.029
2806,0,1,0.22,0.22,8,7,17,37.044,212,273,470,985,30.292
2807,0,1,43.21,43.22,21,13,25,46.334,315,1321,371,440,35.311
2808,0,1,8.30,8.31,20,16,23,38.007,331,1237,288,461,31.088
2809,0,1,0.55,0.55,15,11,28,62.359,610,1129,77,493,33.192
2810,0,1,6.80,6.81,20,14,31,68.719,52,495,436,1326,36.617
2811,0,1,79.69,79.70,26,18,31,53.414,65,56,332,784,31.017
2812,0,1,0.14,0.14,12,9,25,55.364,134,991,219,92,36.120
2813,0,1,2.76,2.77,11,10,24,48.274,297,1297,505,299,40.778
2814,0,0,500.01,500.01,0,0,0,0.000,348,1171,572,201,39.821
2815,0,1,0.68,0.69,12,10,22,51.267,104,107,284,1220,45.098
2816,0,1,0.10,0.10,9,6,29,73.474,533,16,450,983,38.822
2817,0,1,1.04,1.05,16,13,25,50.008,329,1078,282,93,39.445
2818,0,1,1.76,1.77,22,16,33,78.880,96,1215,111,92,44.924
2819,0,1,0.11,0.12,13,11,30,72.082,210,1129,27,18,45.039
2820,0,1,1.57,1.58,13,10,26,57.913,288,1212,304,201,40.445
2821,0,1,1.73,1.74,20,19,34,70.496,367,1087,403,122,38.627
2822,0,1,0.05,0.06,9,6,22,54.193,402,47,236,1171,45.448
2823,0,1,0.03,0.03,7,6,22,53.257,416,278,328,1103,33.187
2824,0,1,0.48,0.49,21,11,35,85.176,605,1132,34,177,44.507
2825,0,1,0.10,0.10,9,8,21,49.891,298,16,181,792,31.391
2826,0,1,2.67,2.67,11,9,22,48.641,516,1235,205,285,39.984
2827,0,1,0.02,0.02,6,4,14,33.816,304,1101,438,330,31.302
2828,0,1,2.54,2.54,16,10,24,48.578,463,1376,431,195,47.257
2829,0,1,0.12,0.13,11,8,24,57.853,128,1130,135,220,36.401
2830,0,1,0.82,0.83,21,15,37,87.961,519,187,302,1280,44.573
2831,0,1,0.11,0.12,8,5,22,54.185,213,1085,535,29,44.160
2832,0,1,5.00,5.01,15,9,23,51.534,331,256,527,1213,39.075
2833,0,1,32.87,32.88,18,16,30,57.054,397,28,344,798,30.873
2834,0,1,0.05,0.06,8,4,17,43.211,408,252,214,1233,40.000
2835,0,1,5.65,5.66,19,15,31,61.148,141,99,148,1033,37.361
2836,0,1,3.76,3.77,15,14,25,50.173,370,974,560,161,33.396
2837,0,1,0.90,0.90,10,8,22,47.923,265,1256,82,469,32.320
2838,0,1,0.79,0.80,14,11,22,46.366,441,324,73,1007,31.033
2839,0,1,0.22,0.23,17,10,27,67.089,264,55,425,1214,46.805
2840,0,1,0.88,0.89,15,12,22,49.125,327,28,545,750,30.168
2841,0,1,0.10,0.10,8,8,23,52.166,519,1159,215,276,37.355
2842,0,1,0.01,0.01,4,2,12,31.964,211,1055,199,256,31.964
2843,0,1,1.17,1.18,11,9,20,43.381,543,230,326,1110,36.254
2844,0,1,0.16,0.17,10,7,20,46.541,403,162,350,1190,41.175
2845,0,1,0.02,0.03,6,4,14,34.674,176,220,275,1050,33.435
2846,0,1,1.11,1.11,19,15,34,77.554,211,1281,119,194,43.635
2847,0,1,3.80,3.80,21,20,33,58.169,587,1011,25,170,40.460
2848,0,1,0.20,0.21,12,10,28,66.153,156,1110,136,351,30.371
2849,0,1,0.43,0.44,11,9,24,51.955,437,21,466,827,32.261
2850,0,1,2.24,2.25,18,10,26,60.202,300,133,190,1295,46.688
2851,0,1,0.86,0.87,22,17,33,70.162,333,207,358,1140,37.333
2852,0,1,4.08,4.09,24,19,29,57.916,43,944,596,115,39.861
2853,0,1,0.05,0.06,8,7,23,55.656,465,1156,330,255,36.442
2854,0,1,3.39,3.39,11,9,18,36.059,375,1080,526,334,30.445
2855,0,1,22.87,22.88,28,18,39,84.457,331,60,617,1215,47.595
2856,0,1,0.17,0.18,10,4,18,48.012,426,1180,158,254,38.560
2857,0,1,1.21,1.21,14,12,23,48.119,591,158,93,937,36.983
2858,0,1,0.32,0.32,11,8,19,42.055,83,885,318,56,34.467
2859,0,1,0.40,0.40,12,9,25,59.307,372,1247,103,375,36.502
2860,0,1,0.15,0.16,9,6,24,58.333,369,1261,381,55,48.242
2861,0,1,0.17,0.18,14,10,29,68.997,410,1225,414,33,47.680
2862,0,1,0.03,0.03,7,6,20,48.482,198,1215,276,265,38.128
2863,0,1,5.18,5.19,18,14,32,65.930,229,1369,486,25,54.734
2864,0,0,500.01,500.01,0,0,0,0.000,391,316,353,1077,30.478
2865,0,1,6.61,6.62,22,17,32,65.713,570,1188,102,453,34.854
2866,0,1,36.02,36.03,15,10,28,64.509,492,46,201,1296,51.337
2867,0,1,0.89,0.90,15,13,32,70.857,350,1302,71,494,34.193
2868,0,1,0.09,0.10,7,6,19,44.013,230,1137,140,170,38.847
2869,0,1,0.20,0.21,11,9,21,49.407,136,1212,546,340,38.543
2870,0,1,0.03,0.04,6,4,13,33.467,223,492,306,1248,30.422
2871,0,1,0.53,0.53,15,9,22,48.193,504,789,383,40,30.348
2872,0,1,0.01,0.01,6,4,17,41.429,218,261,280,1074,32.614
2873,0,1,2.19,2.20,14,11,23,48.734,110,140,139,1033,35.739
2874,0,1,3.66,3.67,16,10,27,61.693,110,205,196,1332,45.211
2875,0,1,0.10,0.10,9,8,20,45.631,393,1036,194,187,34.880
2876,0,1,9.39,9.39,16,10,24,54.525,115,1223,270,267,38.739
2877,0,1,105.22,105.23,20,14,28,53.945,132,221,73,1133,36.556
2878,0,1,0.03,0.03,6,6,19,45.135,550,30,67,661,31.786
2879,0,1,37.44,37.45,23,18,37,70.208,38,1141,271,42,44.937
2880,0,1,19.69,19.69,19,11,22,41.664,173,518,554,1276,33.935
2881,0,1,0.20,0.21,12,9,25,60.733,266,1324,553,447,36.911
2882,0,1,1.45,1.46,10,9,20,38.790,191,31,177,882,34.045
2883,0,1,0.30,0.30,10,8,23,52.572,323,1253,216,138,44.805
2884,0,1,4.12,4.13,20,16,29,54.726,204,1034,587,257,34.651
2885,0,1,9.93,9.94,17,14,30,69.192,94,323,38,1189,34.712
2886,0,1,0.25,0.26,13,9,27,66.508,318,194,137,1018,33.746
2887,0,1,0.28,0.29,19,12,24,54.455,142,289,193,1153,34.620
2888,0,1,0.04,0.04,6,5,16,35.917,457,372,231,1119,31.218
2889,0,1,0.04,0.05,8,6,22,55.588,354,1247,212,381,35.103
2890,0,1,0.84,0.84,16,12,29,62.509,131,149,518,1139,42.518
2891,0,1,13.26,13.26,18,15,27,50.533,524,1216,608,385,33.409
2892,0,1,0.03,0.04,10,9,26,59.758,185,1110,180,78,41.280
2893,0,1,0.34,0.34,10,9,21,46.570,399,122,449,1136,40.609
2894,0,1,0.04,0.05,11,7,22,54.460,170,336,153,1141,32.207
2895,0,1,1.39,1.40,16,13,26,62.857,297,1327,315,171,46.246
2896,0,1,1.49,1.50,12,9,21,49.666,261,1114,523,387,30.911
2897,0,1,6.59,6.59,21,19,29,50.005,210,251,551,950,31.110
2898,0,1,0.07,0.08,9,6,21,51.612,270,251,125,1158,36.741
2899,0,1,0.25,0.26,9,8,19,44.261,263,1093,51,216,36.090
2900,0,1,0.46,0.47,12,8,19,42.074,138,77,260,1026,38.272
2901,0,1,1.92,1.93,14,9,21,44.056,234,273,182,1327,42.211
2902,0,1,0.34,0.34,11,11,25,53.831,354,56,22,953,38.259
2903,0,1,0.73,0.73,12,8,23,54.320,297,1174,70,290,36.507
2904,0,1,24.76,24.77,23,18,34,64.423,608,1322,82,647,34.230
2905,0,1,0.24,0.25,13,9,25,57.002,240,1047,569,48,42.071
2906,0,1,9.02,9.02,15,13,30,61.565,230,1290,436,175,45.355
2907,0,1,4.51,4.52,21,12,29,60.996,545,1204,142,422,35.189
2908,0,1,0.06,0.07,9,4,18,47.629,349,1081,105,238,35.104
2909,0,0,500.01,500.01,0,0,0,0.000,191,857,608,219,30.488
2910,0,1,0.06,0.07,9,9,25,56.806,339,1140,197,172,39.134
2911,0,1,0.21,0.22,12,9,23,50.216,538,215,268,1152,39.005
2912,0,1,0.07,0.08,10,5,21,51.745,298,163,306,1281,44.721
2913,0,0,500.01,500.01,0,0,0,0.000,382,1135,594,204,38.193
2914,0,1,0.05,0.06,7,5,18,43.473,200,251,332,1087,33.854
2915,0,1,0.05,0.06,7,7,19,41.969,499,1142,190,453,30.205
2916,0,0,500.01,500.01,0,0,0,0.000,315,1248,601,206,43.221
2917,0,1,0.26,0.27,12,9,22,48.085,375,966,254,14,38.386
2918,0,1,0.32,0.33,10,7,22,49.419,413,1215,401,90,45.003
2919,0,1,0.21,0.22,10,8,25,66.487,226,1207,99,55,46.359
2920,0,1,0.58,0.58,12,8,22,50.352,252,86,426,1087,40.640
2921,0,1,0.91,0.92,9,7,18,42.712,528,1250,462,322,37.214
2922,0,1,0.22,0.23,10,9,20,44.013,260,1238,529,323,38.149
2923,0,1,4.66,4.67,19,17,36,67.770,265,1308,285,190,44.727
2924,0,0,500.01,500.01,0,0,0,0.000,584,854,559,14,33.615
2925,0,1,0.14,0.15,13,11,32,71.771,585,1337,169,259,46.219
2926,0,0,500.01,500.01,0,0,0,0.000,385,312,366,1251,37.568
2927,0,1,10.77,10.78,17,15,31,54.746,216,264,26,1330,43.312
2928,0,1,0.04,0.04,6,3,15,38.683,209,344,314,1293,38.192
2929,0,1,14.14,14.15,34,29,45,79.958,518,1316,23,606,34.621
2930,0,1,15.98,15.99,31,23,44,85.662,597,1315,600,22,51.720
2931,0,1,0.69,0.70,12,9,23,52.344,298,1196,608,248,39.896
2932,0,1,0.05,0.06,9,7,19,43.406,493,1108,467,213,35.815
2933,0,1,15.87,15.88,18,13,29,55.801,473,197,109,1203,42.793
2934,0,1,0.05,0.05,6,5,16,35.656,200,314,200,1190,35.040
2935,0,1,1.01,1.01,9,8,21,44.843,360,1122,552,341,32.170
2936,0,1,1.57,1.59,14,11,25,56.111,544,1255,486,92,46.578
2937,0,1,67.19,67.20,20,13,23,45.595,393,516,21,1315,35.254
2938,0,0,500.01,500.01,0,0,0,0.000,366,321,157,1131,33.461
2939,0,1,1.26,1.27,12,9,24,56.048,371,1284,91,366,38.390
2940,0,1,1.00,1.02,21,13,32,72.080,138,58,237,1063,40.395
2941,0,1,0.60,0.60,14,10,23,52.547,350,1046,130,210,34.579
2942,0,1,2.16,2.17,12,7,16,33.019,224,49,101,801,30.480
2943,0,1,0.39,0.40,11,7,22,52.366,284,1323,426,458,35.063
2944,0,1,2.03,2.04,14,9,23,52.474,418,1116,30,294,36.359
2945,0,1,0.03,0.04,7,6,24,57.270,501,53,286,1119,43.499
2946,0,1,155.61,155.62,27,23,36,60.109,270,96,133,911,33.057
2947,0,1,0.21,0.22,10,5,17,42.779,406,1136,267,237,36.387
2948,0,1,4.30,4.31,9,8,22,48.595,370,188,419,1320,45.322
2949,0,1,3.14,3.14,15,9,25,58.635,323,1315,126,427,36.384
2950,0,1,12.56,12.57,13,10,23,47.880,444,268,533,1238,38.963
2951,0,1,17.89,17.90,21,17,37,75.754,524,51,581,1011,38.468
2952,0,1,9.45,9.45,14,11,24,49.659,427,1264,186,351,37.771
2953,0,1,1.09,1.10,10,10,24,49.743,524,180,201,1204,42.949
2954,0,1,1.29,1.30,15,10,22,46.994,187,725,564,32,31.556
2955,0,1,0.42,0.43,13,10,27,63.519,26,29,325,1334,53.553
2956,0,1,0.06,0.07,7,5,18,44.661,192,219,486,1141,38.710
2957,0,1,4.89,4.90,19,14,33,69.729,538,1331,105,44,54.315
2958,0,1,0.02,0.02,6,5,20,50.227,227,1128,310,42,43.567
2959,0,1,0.01,0.01,4,3,14,33.544,323,1266,200,449,33.048
2960,0,1,0.02,0.03,12,8,29,67.712,23,56,360,1111,44.301
2961,0,1,1.22,1.23,10,7,16,36.637,392,461,380,1299,33.523
2962,0,1,0.04,0.05,9,6,18,43.611,266,1085,523,345,31.334
2963,0,1,28.19,28.20,24,18,39,77.865,294,106,232,1331,49.063
2964,0,1,0.02,0.02,5,5,18,41.395,180,166,119,1079,36.601
2965,0,1,0.12,0.13,12,10,32,75.579,344,1214,110,57,47.217
2966,0,1,0.14,0.14,11,10,25,51.279,101,16,542,672,31.618
2967,0,1,0.03,0.04,7,3,15,40.916,188,424,504,1162,32.112
2968,0,1,16.38,16.39,21,16,35,73.041,576,591,209,1349,33.687
2969,0,1,0.06,0.06,7,6,19,44.944,240,1087,97,44,42.110
2970,0,1,0.56,0.56,15,12,22,46.108,235,914,506,173,31.560
2971,0,1,0.47,0.47,12,9,25,56.219,325,1193,283,59,45.391
2972,0,1,0.12,0.13,12,11,31,74.152,261,83,290,1244,46.454
2973,0,1,0.03,0.04,9,6,25,58.945,196,1143,585,45,46.595
2974,0,1,0.48,0.49,13,10,25,56.625,503,348,338,1094,30.561
2975,0,1,35.59,35.60,28,22,38,73.325,168,62,24,1131,43.146
2976,0,1,8.22,8.23,20,15,33,70.919,410,1300,112,463,35.539
2977,0,1,2.85,2.86,21,14,28,61.580,290,1331,506,449,36.323
2978,0,1,0.12,0.13,12,8,24,56.636,288,113,322,1346,49.339
2979,0,1,4.64,4.65,14,13,28,58.449,494,1205,187,448,32.675
2980,0,1,0.04,0.04,8,7,24,59.296,555,417,325,1259,34.914
2981,0,1,4.85,4.85,22,16,33,67.327,292,1245,92,495,31.048
2982,0,1,5.86,5.87,28,20,39,82.733,181,1346,535,559,34.518
2983,0,1,4.87,4.88,25,20,43,90.404,455,56,80,1006,40.853
2984,0,1,1.65,1.66,22,18,33,66.928,513,939,416,21,36.924
2985,0,1,10.08,10.09,13,9,18,33.972,458,464,445,1296,33.284
2986,0,1,15.89,15.89,15,12,26,56.420,576,25,280,771,32.103
2987,0,1,0.02,0.02,5,3,13,30.892,439,449,382,1214,30.685
2988,0,1,0.45,0.46,16,13,29,68.035,541,373,315,1112,30.911
2989,0,1,19.72,19.73,23,19,34,69.651,111,133,461,1318,49.424
2990,0,1,2.30,2.31,16,11,24,52.910,413,1146,124,159,41.138
2991,0,1,0.03,0.04,8,7,22,53.552,507,338,323,1212,35.726
2992,0,1,0.08,0.08,8,4,18,44.666,107,42,273,1060,41.258
2993,0,1,0.46,0.47,15,12,27,62.455,337,951,472,54,36.284
2994,0,1,0.13,0.13,10,6,19,44.729,252,200,455,1078,36.046
2995,0,1,0.06,0.07,8,5,17,40.205,173,1138,452,436,30.216
2996,0,1,0.28,0.29,14,10,19,40.043,93,847,220,60,31.887
2997,0,1,3.57,3.58,15,11,25,50.036,191,1328,83,443,35.663
2998,0,1,7.47,7.48,15,9,22,45.014,444,358,507,1213,34.293
2999,0,1,8.08,8.09,12,9,20,42.060,466,522,49,1312,35.732
3000,0,1,0.46,0.47,10,7,20,47.358,196,1355,136,221,45.423
3001,0,1,0.08,0.08,12,8,23,52.160,574,171,360,1122,38.991
3002,0,1,15.97,15.99,25,17,34,67.083,534,398,38,1323,41.984
3003,0,1,5.90,5.91,16,15,25,46.543,421,293,610,1207,37.333
3004,0,1,0.35,0.35,9,8,18,40.465,84,754,499,98,31.050
3005,0,1,4.47,4.48,19,13,26,55.450,180,1075,518,22,44.237
3006,0,1,7.43,7.44,13,10,27,56.896,187,84,448,1285,49.161
3007,0,1,3.35,3.36,25,15,34,76.960,304,1081,394,113,38.887
3008,0,1,0.08,0.08,8,7,22,55.363,154,1077,210,219,34.393
3009,0,1,15.62,15.63,17,13,35,81.182,408,57,550,1243,47.779
3010,0,1,0.35,0.35,12,9,20,48.052,541,781,282,24,32.003
3011,0,1,29.81,29.82,22,16,30,59.970,134,387,428,1269,37.188
3012,0,1,0.06,0.07,10,6,18,42.414,437,929,37,200,33.261
3013,0,1,0.16,0.17,12,8,21,46.915,308,198,472,1142,38.326
3014,0,1,1.59,1.60,19,12,27,58.126,52,1204,307,35,47.860
3015,0,1,0.33,0.34,18,13,35,83.717,258,1243,516,15,50.192
3016,0,1,0.15,0.15,11,10,22,51.999,462,304,188,1233,38.743
3017,0,1,0.42,0.43,13,10,22,47.795,251,61,142,994,37.574
3018,0,1,1.71,1.72,16,10,22,50.376,410,1140,280,206,37.720
3019,0,0,500.01,500.01,0,0,0,0.000,458,1135,252,320,33.625
3020,0,1,3.04,3.04,12,8,20,45.118,536,21,141,752,33.236
3021,0,1,2.69,2.69,11,9,19,39.200,554,1223,183,498,32.576
3022,0,1,27.19,27.19,20,11,23,44.183,212,544,548,1266,31.854
3023,0,1,0.82,0.83,16,13,28,65.062,33,960,148,56,36.451
3024,0,1,2.84,2.85,16,13,24,45.272,399,1128,543,354,31.491
3025,0,1,4.49,4.51,28,23,46,96.743,412,162,460,1364,48.118
3026,0,1,0.66,0.67,17,12,26,61.569,139,481,359,1333,35.198
3027,0,1,33.08,33.09,21,18,29,52.571,360,181,575,1196,41.501
3028,0,1,0.03,0.04,6,4,15,36.777,342,20,181,834,33.191
3029,0,1,10.52,10.52,21,19,26,48.273,125,43,46,960,36.816
3030,0,1,0.18,0.19,13,10,25,55.614,565,388,302,1107,30.624
3031,0,1,2.55,2.56,8,8,17,34.784,188,262,56,1012,30.461
3032,0,1,0.05,0.05,9,7,27,65.876,469,12,206,1080,43.996
3033,0,1,10.21,10.22,24,19,32,62.580,152,48,35,1201,46.357
3034,0,1,2.87,2.88,18,11,28,64.916,515,488,146,1250,33.866
3035,0,1,0.13,0.13,8,7,20,48.036,295,268,455,1085,33.301
3036,0,1,0.30,0.31,10,7,20,47.163,258,1168,378,164,40.446
3037,0,1,124.68,124.70,25,21,37,68.428,201,163,61,1127,38.965
3038,0,1,2.66,2.67,19,12,23,43.152,411,995,295,209,31.781
3039,0,1,61.77,61.78,15,13,23,42.286,268,1218,364,430,31.753
3040,0,1,0.14,0.14,12,8,20,46.833,209,1228,67,225,40.520
3041,0,1,0.02,0.02,5,5,17,37.983,395,1234,212,370,35.327
3042,0,1,0.11,0.12,9,5,14,34.845,262,269,269,1060,31.641
3043,0,1,0.02,0.02,7,6,23,54.027,427,38,243,1110,43.507
3044,0,1,34.63,34.64,19,12,28,57.611,176,119,590,1199,46.265
3045,0,1,1.00,1.01,19,14,28,58.610,33,952,134,156,32.095
3046,0,1,0.07,0.07,7,5,15,35.772,493,1009,436,172,33.558
3047,0,1,0.35,0.36,12,10,22,45.492,501,215,317,1125,37.137
3048,0,1,0.08,0.08,9,8,22,49.057,281,1341,430,249,44.085
3049,0,1,0.09,0.10,12,11,29,63.824,126,133,330,1328,48.492
3050,0,1,2.65,2.66,12,9,22,49.410,400,1116,278,146,39.106
3051,0,1,0.01,0.01,5,3,16,39.436,362,1280,441,301,39.287
3052,0,1,0.06,0.06,9,8,26,61.033,455,1171,332,24,46.143
3053,0,1,1.41,1.42,20,11,29,66.321,266,112,464,1094,40.070
3054,0,1,0.24,0.25,18,12,33,76.308,493,157,352,1224,43.051
3055,0,1,0.08,0.09,11,9,25,61.793,550,169,165,1071,39.229
3056,0,1,6.71,6.72,26,18,30,63.273,141,309,119,1325,40.650
3057,0,1,0.26,0.27,15,14,28,61.010,363,32,412,911,35.215
3058,0,1,6.73,6.74,23,15,37,78.951,32,485,572,1287,38.674
3059,0,1,9.38,9.39,15,14,24,45.041,390,250,64,1009,33.042
3060,0,1,23.23,23.24,30,19,39,82.903,79,589,527,1248,31.874
3061,0,1,0.02,0.03,6,4,19,47.868,284,20,316,1135,44.618
3062,0,1,40.40,40.40,18,11,22,45.080,469,352,588,1218,34.966
3063,0,1,0.38,0.39,16,11,28,59.076,423,1045,138,70,40.632
3064,0,1,6.22,6.22,10,9,23,50.263,403,247,581,1014,31.495
3065,0,1,0.11,0.11,11,10,27,59.656,127,117,378,1045,38.454
3066,0,1,0.33,0.34,11,9,24,51.774,604,91,224,1117,43.764
3067,0,1,7.50,7.51,17,13,22,43.685,251,437,487,1184,31.336
3068,0,1,0.06,0.07,7,7,19,43.946,197,485,327,1285,32.420
3069,0,1,88.74,88.75,19,12,25,46.225,426,304,151,1241,39.061
3070,0,1,42.01,42.02,22,14,32,69.762,60,235,56,1128,35.720
3071,0,1,0.21,0.21,13,11,27,62.274,255,1064,122,166,36.312
3072,0,1,5.05,5.06,21,16,31,65.908,505,1225,103,462,34.497
3073,0,1,0.11,0.12,10,9,28,65.323,345,36,393,1211,47.039
3074,0,1,5.75,5.76,25,15,33,69.583,602,1215,490,142,43.153
3075,0,1,20.18,20.19,33,23,39,71.381,298,120,59,1318,48.864
3076,0,1,0.03,0.03,7,5,17,44.784,442,1114,179,195,38.236
3077,0,1,0.07,0.07,11,6,17,38.748,334,160,406,1018,34.441
3078,0,1,0.15,0.16,7,6,16,35.996,148,1200,190,355,33.842
3079,0,1,0.21,0.22,16,12,27,59.861,528,1042,295,19,41.968
3080,0,1,1.13,1.13,19,10,23,54.796,354,1289,28,492,34.444
3081,0,1,0.20,0.21,16,16,31,63.596,298,99,468,1116,41.244
3082,0,1,1.02,1.03,17,13,23,49.752,485,1147,268,164,40.267
3083,0,1,1.62,1.63,11,10,19,41.936,326,1081,397,121,38.505
3084,0,1,7.79,7.80,19,13,23,47.355,497,1189,616,302,35.798
3085,0,1,0.02,0.03,7,5,19,49.058,410,1215,209,74,46.343
3086,0,1,10.05,10.06,19,13,28,53.671,183,185,532,1209,43.274
3087,0,1,1.35,1.36,21,13,35,80.337,212,1348,604,569,34.883
3088,0,1,1.64,1.64,15,7,19,46.612,61,389,249,1193,33.028
3089,0,1,0.05,0.05,9,7,18,41.073,470,924,196,115,34.166
3090,0,1,6.04,6.05,19,18,35,69.308,20,1138,145,199,37.891
3091,0,1,40.23,40.24,20,16,35,77.579,414,52,576,994,38.233
3092,0,1,1.49,1.50,16,10,25,57.560,422,1161,411,14,45.882
3093,0,1,0.14,0.14,9,8,24,55.533,258,182,229,1146,38.577
3094,0,1,0.68,0.68,13,12,27,61.474,142,101,484,1247,47.838
3095,0,1,0.50,0.50,11,11,24,53.266,211,1266,517,369,37.910
3096,0,1,26.42,26.43,15,13,26,47.501,77,216,145,1199,39.414
3097,0,1,0.71,0.72,15,13,28,59.295,430,1356,100,195,48.280
3098,0,1,0.14,0.15,14,10,27,68.402,264,1078,83,24,42.777
3099,0,0,500.01,500.01,0,0,0,0.000,602,868,74,298,31.079
3100,0,0,500.03,500.03,0,0,0,0.000,609,211,215,855,30.199
3101,0,1,3.11,3.12,15,12,30,68.426,509,385,112,1317,40.521
3102,0,1,0.22,0.23,10,10,24,51.619,36,933,540,166,36.711
3103,0,1,86.15,86.16,19,14,25,48.583,446,388,118,1234,36.294
3104,0,1,0.11,0.12,12,8,22,51.652,266,287,166,1075,31.773
3105,0,1,0.12,0.12,7,6,20,48.803,352,1131,145,249,36.239
3106,0,1,0.21,0.22,14,8,24,61.553,27,24,357,1076,44.102
3107,0,1,1.63,1.64,16,13,31,69.175,284,188,293,941,30.122
3108,0,0,500.01,500.01,0,0,0,0.000,310,1005,111,141,35.465
3109,0,1,0.12,0.13,11,8,27,64.381,530,1011,272,283,30.895
3110,0,1,0.36,0.36,10,9,23,50.984,256,905,243,58,33.884
3111,0,1,50.32,50.33,27,13,26,54.163,512,188,575,1329,45.710
3112,0,1,0.02,0.02,4,3,13,32.202,404,1075,459,273,32.155
3113,0,1,47.19,47.20,20,19,28,52.565,99,728,612,1329,31.607
3114,0,1,1.00,1.00,11,8,19,41.131,196,1319,396,537,32.287
3115,0,1,0.03,0.03,6,5,20,48.668,221,1024,418,18,41.004
3116,0,1,14.57,14.58,23,15,32,67.150,538,296,540,1218,36.880
3117,0,1,0.25,0.26,9,8,23,51.483,416,1194,171,194,41.183
3118,0,1,0.60,0.61,14,9,20,44.468,376,279,240,1235,38.625
3119,0,1,0.52,0.53,13,10,26,64.913,412,1302,414,53,49.960
3120,0,1,10.65,10.66,23,19,34,66.708,612,1337,611,583,30.160
3121,0,1,0.20,0.21,13,11,23,49.902,125,961,475,291,30.236
3122,0,1,5.28,5.29,18,13,27,53.429,556,1323,393,200,45.391
3123,0,1,0.17,0.18,9,6,21,51.608,422,1234,97,242,41.755
3124,0,1,0.32,0.32,13,10,24,54.771,504,340,331,1138,32.661
3125,0,1,34.19,34.20,23,16,33,62.122,32,583,523,1201,31.572
3126,0,1,0.20,0.21,9,6,20,50.274,332,1291,183,379,36.964
3127,0,1,0.07,0.07,11,6,20,48.792,138,19,179,1138,44.790
3128,0,1,1.29,1.30,22,15,32,68.197,440,1280,401,26,50.184
3129,0,1,1.45,1.46,24,17,36,76.913,549,455,618,1326,34.949
3130,0,1,33.80,33.81,20,16,33,66.286,530,290,210,1380,45.440
3131,0,1,6.67,6.68,19,17,38,81.286,105,1313,76,426,35.499
3132,0,1,0.32,0.33,12,9,21,47.411,82,1206,120,428,31.157
3133,0,1,2.92,2.93,15,14,33,68.119,35,1139,84,206,37.371
3134,0,1,0.19,0.20,9,9,20,43.836,534,886,219,181,30.887
3135,0,1,1.66,1.67,16,9,24,52.957,175,1127,294,203,37.265
3136,0,1,11.74,11.75,15,11,22,44.854,250,650,607,1331,30.756
3137,0,1,20.20,20.21,16,12,28,56.376,43,1314,84,408,36.277
3138,0,1,1.61,1.62,11,7,20,46.212,213,1289,434,317,39.872
3139,0,0,500.01,500.01,0,0,0,0.000,437,1298,382,318,39.262
3140,0,1,0.07,0.08,10,8,21,50.577,286,913,190,80,33.541
3141,0,1,0.34,0.35,15,7,20,47.217,233,994,566,289,31.188
3142,0,1,2.53,2.54,14,9,23,48.826,128,1237,51,190,41.993
3143,0,1,0.13,0.14,8,7,24,57.815,573,47,183,995,41.003
3144,0,1,0.44,0.45,12,10,27,64.599,599,61,246,1213,48.195
3145,0,1,0.85,0.86,13,9,21,47.158,326,1107,596,93,41.973
3146,0,1,0.05,0.05,8,8,22,49.805,310,246,459,1150,36.648
3147,0,1,0.05,0.06,11,9,27,63.919,389,209,317,1239,41.301
3148,0,1,0.57,0.57,15,9,25,55.375,275,20,300,906,35.454
3149,0,1,0.92,0.93,16,14,28,62.946,199,1233,386,189,42.425
3150,0,1,0.23,0.24,10,9,25,55.570,366,1338,191,419,37.421
3151,0,1,0.05,0.05,7,5,19,46.552,353,253,298,1260,40.340
3152,0,1,0.02,0.02,6,4,18,43.353,376,1245,481,187,42.528
3153,0,1,4.64,4.65,19,14,37,87.216,524,12,561,1187,47.023
3154,0,1,0.23,0.24,11,10,27,63.971,603,465,352,1322,35.720
3155,0,1,0.80,0.81,12,11,30,67.090,379,1220,61,41,48.845
3156,0,1,0.09,0.10,12,11,28,64.658,174,29,468,865,35.448
3157,0,1,2.71,2.72,18,16,34,70.897,566,1200,255,146,43.957
3158,0,1,0.35,0.36,15,10,24,57.054,202,1107,486,188,38.475
3159,0,1,0.40,0.41,13,9,23,52.046,286,1143,142,289,34.642
3160,0,1,0.09,0.10,11,7,24,56.320,530,339,399,1179,34.006
3161,0,1,0.21,0.22,13,10,27,62.332,482,1122,48,54,46.113
3162,0,1,0.01,0.02,6,5,19,45.154,206,199,378,1089,36.259
3163,0,1,0.03,0.03,8,7,27,64.514,105,239,186,1175,37.580
3164,0,1,1.53,1.54,17,10,29,72.071,246,158,305,928,30.890
3165,0,1,1.02,1.03,20,12,29,63.811,134,361,376,1254,37.008
3166,0,1,0.07,0.07,9,7,21,47.883,329,1121,83,337,32.868
3167,0,1,0.05,0.06,10,10,26,58.735,118,231,259,1116,35.846
3168,0,1,77.24,77.25,16,10,23,49.349,466,175,513,1286,44.480
3169,0,1,1.75,1.76,17,15,30,63.775,534,262,114,1068,36.355
3170,0,1,0.28,0.29,16,11,35,87.111,342,800,576,24,32.421
3171,0,1,0.12,0.13,12,7,23,55.673,260,101,455,1189,44.213
3172,0,1,11.36,11.38,27,17,34,70.557,548,44,133,889,37.656
3173,0,1,0.20,0.20,7,5,17,38.010,220,1276,185,350,37.066
3174,0,1,0.31,0.32,8,5,15,36.231,493,174,411,1055,35.392
3175,0,1,5.50,5.51,24,14,23,42.454,600,93,582,923,33.208
3176,0,1,20.47,20.48,19,14,30,65.313,614,16,340,781,32.504
3177,0,1,2.12,2.13,16,13,32,74.885,196,1384,186,112,50.882
3178,0,1,0.08,0.09,8,6,22,54.201,373,245,394,1157,36.490
3179,0,1,0.08,0.09,10,7,23,56.652,279,122,436,1177,42.665
3180,0,1,3.85,3.86,14,10,27,64.450,457,18,104,1283,52.533
3181,0,1,0.02,0.03,4,2,13,35.963,216,1112,204,213,35.963
3182,0,1,1.14,1.15,19,11,27,59.993,531,1073,104,399,31.915
3183,0,1,1.12,1.12,13,10,24,53.175,249,1229,362,390,33.863
3184,0,1,4.59,4.59,13,11,25,55.579,23,294,419,1375,46.050
3185,0,1,3.13,3.14,20,15,30,64.746,528,299,70,1334,45.272
3186,0,1,0.14,0.15,7,6,22,54.347,366,1228,65,186,43.384
3187,0,1,0.02,0.02,5,5,15,32.305,194,812,165,22,31.621
3188,0,1,0.04,0.05,9,6,16,33.676,440,565,364,1341,31.189
3189,0,1,0.35,0.35,11,7,20,47.914,190,1151,518,308,36.182
3190,0,1,0.21,0.22,13,11,23,52.972,348,1114,78,200,38.122
3191,0,1,0.16,0.17,11,7,22,52.637,124,103,492,1118,43.186
3192,0,1,0.88,0.88,17,14,25,53.759,20,943,588,382,31.934
3193,0,1,80.37,80.39,23,16,32,64.507,135,35,605,1326,54.956
3194,0,1,0.22,0.23,11,10,19,38.985,414,279,189,1010,30.594
3195,0,1,2.11,2.12,23,16,33,67.869,398,178,74,923,32.496
3196,0,1,0.08,0.09,9,6,20,48.183,301,1133,438,327,32.702
3197,0,1,1.09,1.09,13,9,21,49.799,260,1277,345,192,43.533
3198,0,1,2.05,2.06,9,6,15,36.467,434,1100,497,323,31.182
3199,0,1,0.60,0.60,13,9,24,57.191,229,1301,112,34,50.896
3200,0,1,0.14,0.15,6,6,19,42.909,409,1164,521,196,38.978
3201,0,1,0.02,0.03,6,5,16,41.286,201,1141,405,252,36.484
3202,0,1,0.11,0.11,13,8,22,52.507,172,1144,513,374,33.685
3203,0,1,0.04,0.04,9,7,26,68.183,554,37,391,1117,43.689
3204,0,1,0.47,0.48,11,6,16,39.405,432,1098,263,262,34.116
3205,0,1,3.56,3.57,20,16,34,73.406,217,1274,620,606,31.206
3206,0,1,0.20,0.21,13,9,25,57.720,465,959,110,185,34.061
3207,0,1,1.13,1.14,18,13,33,79.138,515,1282,36,289,44.100
3208,0,1,2.41,2.42,27,18,30,60.536,611,913,286,169,32.475
3209,0,1,0.21,0.22,14,8,21,53.032,144,1233,587,380,38.447
3210,0,1,1.09,1.10,14,9,27,63.619,199,28,469,1050,42.283
3211,0,1,0.94,0.95,14,9,25,61.281,188,1315,513,445,37.149
3212,0,1,0.10,0.10,8,7,21,47.070,358,1219,300,265,38.230
3213,0,0,500.01,500.01,0,0,0,0.000,608,214,372,1347,46.293
3214,0,1,0.12,0.13,8,8,27,61.317,268,1310,443,499,33.187
3215,0,1,0.05,0.05,7,5,22,54.070,191,12,447,1215,49.197
3216,0,1,0.03,0.04,6,5,17,36.843,363,487,320,1325,33.564
3217,0,1,5.93,5.94,13,11,25,49.819,441,1386,442,186,48.000
3218,0,0,500.01,500.01,0,0,0,0.000,248,335,156,1316,39.412
3219,0,1,0.30,0.31,14,11,25,53.987,477,1115,267,59,43.067
3220,0,1,0.04,0.05,8,8,26,59.805,401,33,283,1211,47.356
3221,0,1,5.35,5.36,16,12,24,46.568,353,1134,67,288,35.721
3222,0,1,1.01,1.02,17,10,26,60.409,150,1144,143,173,38.841
3223,0,1,0.09,0.10,11,8,26,63.821,510,335,403,1160,33.276
3224,0,1,2.97,2.98,12,8,20,42.831,420,329,504,1282,38.268
3225,0,1,0.28,0.28,9,8,21,46.357,377,200,263,1159,38.630
3226,0,1,2.95,2.96,14,12,30,67.955,60,35,453,1075,44.471
3227,0,1,0.06,0.06,8,5,15,34.272,217,406,118,1153,30.141
3228,0,1,0.12,0.13,14,9,29,69.609,461,19,302,1341,53.261
3229,0,1,0.03,0.03,6,3,16,40.807,113,15,212,994,39.360
3230,0,1,0.19,0.19,11,9,27,62.917,272,1326,458,22,52.688
3231,0,1,4.46,4.47,22,15,28,50.073,352,385,30,1328,39.858
3232,0,1,0.04,0.05,6,5,17,44.098,500,141,367,1103,38.846
3233,0,1,12.04,12.04,13,11,22,39.571,418,1351,458,566,31.441
3234,0,1,0.11,0.12,10,8,21,47.169,402,1072,127,239,35.089
3235,0,1,0.51,0.52,17,14,26,53.320,601,814,207,146,31.022
3236,0,1,1.05,1.06,16,7,21,50.875,351,25,447,941,36.841
3237,0,1,0.09,0.09,7,5,15,35.685,381,534,364,1294,30.408
3238,0,1,3.49,3.50,14,8,23,54.830,203,47,231,1382,53.412
3239,0,1,23.68,23.69,32,17,32,68.488,95,562,518,1230,31.627
3240,0,1,0.26,0.27,12,9,24,60.190,615,394,302,1312,38.796
3241,0,1,0.03,0.04,8,7,18,41.207,337,261,387,1162,36.095
3242,0,1,0.03,0.03,8,4,17,44.102,268,975,291,161,32.573
3243,0,1,0.05,0.05,8,5,17,40.633,309,1240,421,281,38.621
3244,0,1,0.20,0.20,8,6,20,47.565,352,900,213,24,35.478
3245,0,1,0.04,0.05,6,4,18,43.994,112,1084,414,287,34.092
3246,0,1,0.13,0.13,11,8,27,65.168,71,1320,386,54,52.184
3247,0,1,0.09,0.10,13,10,33,79.488,488,52,423,810,30.431
3248,0,1,0.42,0.43,13,11,23,45.860,564,809,155,13,35.797
3249,0,1,30.32,30.33,15,13,28,52.751,322,41,362,817,31.081
3250,0,1,0.03,0.04,7,6,16,38.856,197,411,512,1139,31.729
3251,0,1,0.69,0.70,16,12,22,41.917,606,125,421,957,34.093
3252,0,1,2.08,2.08,11,8,15,32.657,445,589,453,1373,31.362
3253,0,1,0.07,0.08,8,7,19,42.913,259,1048,398,260,32.007
3254,0,1,1.32,1.33,22,17,35,76.229,416,1359,258,195,46.987
3255,0,1,0.83,0.83,19,15,30,67.142,571,1324,84,290,45.718
3256,0,1,2.05,2.05,14,12,24,47.069,482,50,105,839,34.978
3257,0,0,500.01,500.01,0,0,0,0.000,511,206,329,1001,32.623
3258,0,1,2.06,2.07,16,13,21,45.936,490,1209,539,346,34.576
3259,0,1,0.26,0.26,13,11,25,60.396,100,28,431,1163,47.291
3260,0,1,0.06,0.06,5,4,14,36.240,195,164,356,930,31.309
3261,0,1,0.20,0.20,14,9,29,72.924,577,58,277,1337,52.549
3262,0,1,0.28,0.29,12,9,20,46.188,433,1038,59,386,30.066
3263,0,1,0.87,0.87,15,12,25,49.812,404,1072,87,237,35.726
3264,0,1,0.86,0.87,14,10,26,56.784,557,1207,197,211,42.363
3265,0,1,0.58,0.58,13,10,22,47.787,277,120,589,812,30.363
3266,0,1,0.18,0.18,15,9,25,56.788,117,40,404,1029,41.192
3267,0,1,0.11,0.11,9,7,23,53.680,605,821,28,27,39.260
3268,0,1,0.01,0.02,5,3,14,35.596,202,119,181,998,35.170
3269,0,1,0.27,0.28,11,8,24,57.901,463,1015,440,57,38.331
3270,0,1,1.31,1.32,17,10,28,62.506,550,958,450,30,37.335
3271,0,1,0.27,0.27,11,8,24,59.467,238,1146,584,55,45.782
3272,0,1,0.04,0.05,12,8,22,51.769,54,239,436,1136,38.998
3273,0,1,24.37,24.38,17,10,23,47.097,200,407,491,1245,35.484
3274,0,1,6.55,6.56,22,18,34,73.840,589,1192,534,390,32.155
3275,0,1,0.69,0.70,10,9,24,53.099,210,147,613,1142,42.941
3276,0,1,0.34,0.34,14,10,28,62.301,282,171,174,954,31.617
3277,0,1,2.12,2.13,13,11,24,49.273,122,1241,527,324,40.098
3278,0,1,0.04,0.04,8,8,23,52.991,35,56,203,1178,45.380
3279,0,1,0.05,0.05,10,10,23,48.791,204,1078,356,243,33.949
3280,0,1,3.96,3.96,13,10,21,46.018,425,465,123,1256,33.868
3281,0,1,0.05,0.05,7,6,20,48.903,338,1234,218,320,36.874
3282,0,1,0.21,0.21,8,6,16,38.844,247,54,186,866,32.572
3283,0,1,5.62,5.63,15,15,34,72.541,353,53,356,807,30.160
3284,0,1,0.14,0.14,8,6,19,44.225,125,185,373,1191,41.445
3285,0,1,0.36,0.37,14,8,23,57.737,269,130,341,1318,47.607
3286,0,1,0.26,0.27,12,10,21,47.645,228,497,290,1349,34.170
3287,0,1,0.21,0.21,8,8,20,46.337,141,111,426,878,32.730
3288,0,1,0.06,0.07,7,5,19,45.650,194,293,407,1174,36.255
3289,0,1,11.19,11.20,21,12,27,56.605,470,295,424,1371,43.079
3290,0,1,1.82,1.83,28,18,38,81.230,562,445,304,1303,35.838
3291,0,1,0.12,0.12,9,8,21,51.959,561,55,185,953,38.942
3292,0,1,0.77,0.78,18,14,31,62.476,420,1370,99,231,47.335
3293,0,1,2.37,2.37,17,13,28,65.275,99,1312,551,372,41.721
3294,0,1,0.14,0.15,13,10,28,67.676,417,211,359,1330,44.820
3295,0,1,0.17,0.18,11,8,28,65.550,288,1182,490,21,47.138
3296,0,1,7.94,7.96,23,16,32,69.864,565,1205,498,334,34.943
3297,0,1,0.30,0.31,9,8,20,43.827,458,972,270,49,37.678
3298,0,1,4.77,4.78,20,15,28,56.743,80,47,79,1003,38.240
3299,0,1,15.50,15.51,20,14,22,45.871,609,288,539,1195,36.388
3300,0,1,0.95,0.96,13,11,29,66.752,539,438,309,1209,32.183
3301,0,1,0.49,0.50,17,14,35,75.100,254,192,133,1144,38.386
3302,0,1,7.73,7.75,36,27,43,78.632,389,93,43,961,37.377
3303,0,1,1.56,1.56,10,9,20,42.953,240,896,600,124,34.072
3304,0,1,2.53,2.54,17,13,30,64.954,522,1193,32,496,34.080
3305,0,1,0.01,0.02,6,4,15,38.258,197,318,277,1165,34.031
3306,0,1,6.48,6.49,20,15,31,61.280,489,1321,104,435,38.641
3307,0,1,0.16,0.16,9,7,19,43.186,183,365,456,1084,30.763
3308,0,1,0.03,0.04,7,4,20,49.628,178,154,444,1112,39.770
3309,0,1,0.56,0.57,18,11,30,70.522,341,1222,39,38,48.876
3310,0,1,1.04,1.05,19,14,30,67.479,220,1341,272,148,47.765
3311,0,1,3.52,3.52,12,10,21,47.942,433,1267,192,331,38.661
3312,0,1,0.05,0.06,8,7,21,47.689,276,1228,201,434,31.901
3313,0,1,0.24,0.24,9,7,21,51.969,101,180,483,1151,41.738
3314,0,1,1.38,1.39,21,15,34,73.226,446,12,398,1114,44.122
3315,0,1,0.09,0.09,13,11,26,61.029,445,1351,281,281,43.300
3316,0,1,0.05,0.06,6,3,15,36.578,404,1153,432,241,36.497
3317,0,1,3.24,3.25,21,15,37,85.258,232,62,528,941,37.100
3318,0,0,500.01,500.01,0,0,0,0.000,605,868,138,21,38.688
3319,0,1,1.96,1.97,14,11,25,55.029,470,876,521,17,34.421
3320,0,1,0.20,0.21,13,11,33,78.438,430,61,137,1000,39.346
3321,0,1,2.87,2.87,13,8,18,41.313,270,528,414,1283,30.744
3322,0,1,0.03,0.03,5,5,14,30.838,193,1180,172,414,30.652
3323,0,1,0.04,0.04,6,5,19,43.433,504,29,117,726,31.889
3324,0,1,0.98,0.99,30,19,43,91.882,154,1264,266,101,46.735
3325,0,1,31.67,31.68,16,15,29,52.955,207,71,102,1201,45.395
3326,0,1,2.88,2.89,29,19,30,58.169,579,815,441,26,32.039
3327,0,1,0.03,0.03,9,6,22,56.256,292,49,418,909,34.767
3328,0,1,0.01,0.02,5,4,14,32.884,184,15,81,795,31.471
3329,0,1,1.42,1.42,19,11,26,57.749,120,409,532,1147,33.809
3330,0,1,10.06,10.07,19,16,28,55.729,448,1327,409,192,45.427
3331,0,1,0.09,0.09,8,7,22,53.361,351,27,425,941,36.680
3332,0,1,0.25,0.26,16,9,30,74.939,200,1346,190,474,34.882
3333,0,1,1.41,1.42,11,10,22,47.703,141,1250,435,407,35.712
3334,0,1,6.59,6.60,25,20,30,60.357,144,764,599,95,32.363
3335,0,1,0.08,0.09,10,8,24,61.119,131,51,438,963,38.491
3336,0,1,0.65,0.66,17,13,34,77.179,615,258,105,999,35.982
3337,0,1,0.53,0.54,18,15,34,74.241,353,770,602,19,31.648
3338,0,1,0.24,0.25,8,7,17,35.934,206,850,244,55,31.836
3339,0,1,8.99,9.00,10,9,23,46.762,211,316,589,1139,36.226
3340,0,1,2.56,2.57,11,9,23,51.986,612,157,437,1303,46.371
3341,0,1,0.20,0.20,9,7,23,52.182,144,303,269,1122,33.139
3342,0,1,1.13,1.14,19,14,22,48.405,83,864,603,99,37.000
3343,0,1,28.97,28.98,15,13,28,54.318,209,148,458,1344,48.866
3344,0,1,0.05,0.05,6,6,16,36.635,497,1008,534,207,32.074
3345,0,1,2.28,2.29,16,13,28,58.548,365,1157,124,170,40.640
3346,0,1,0.10,0.11,12,9,26,60.678,269,152,229,990,33.558
3347,0,1,0.92,0.93,16,10,27,59.085,509,209,224,1093,37.152
3348,0,1,0.06,0.07,8,5,22,55.138,282,1212,87,233,39.929
3349,0,1,8.95,8.96,21,10,23,45.715,466,349,51,1189,37.477
3350,0,1,0.05,0.05,9,5,19,46.423,424,1129,272,103,41.488
3351,0,1,14.60,14.60,15,14,30,62.704,276,114,37,1196,44.323
3352,0,1,4.52,4.53,25,20,29,48.754,452,227,59,923,31.972
3353,0,1,0.84,0.84,14,11,23,49.179,578,1009,251,71,39.735
3354,0,1,0.46,0.46,13,10,25,58.346,72,233,498,1249,44.068
3355,0,1,0.10,0.10,11,10,26,56.537,97,333,332,1233,37.207
3356,0,0,500.01,500.01,0,0,0,0.000,444,1305,590,219,43.831
3357,0,1,1.35,1.37,12,8,18,41.986,220,335,131,1324,39.720
3358,0,1,0.05,0.05,6,5,16,35.634,423,457,298,1274,33.060
3359,0,1,2.15,2.16,21,11,34,77.651,477,55,544,842,31.594
3360,0,1,0.07,0.07,8,5,17,41.418,285,141,417,1047,36.623
3361,0,1,0.17,0.18,12,9,28,68.287,43,480,332,1306,35.004
3362,0,1,0.12,0.13,8,8,22,50.698,434,1235,226,280,39.096
3363,0,1,0.35,0.36,10,7,20,43.660,315,27,345,944,36.700
3364,0,1,0.43,0.43,13,9,27,63.080,153,1269,145,255,40.561
3365,0,1,86.92,86.93,20,13,33,68.414,125,399,101,1250,34.054
3366,0,1,0.03,0.03,6,5,17,40.649,228,1229,184,231,39.959
3367,0,1,4.45,4.46,22,17,35,72.745,161,1336,620,262,46.719
3368,0,1,7.90,7.91,24,20,27,48.591,268,46,608,943,38.371
3369,0,1,0.18,0.18,12,9,24,57.517,125,94,416,1092,41.582
3370,0,1,18.85,18.86,31,23,40,80.013,507,1274,64,601,32.229
3371,0,1,3.43,3.44,24,14,32,72.495,263,1231,48,210,41.736
3372,0,1,3.59,3.60,16,13,26,58.162,302,256,37,961,30.126
3373,0,1,0.05,0.05,9,6,23,59.178,52,56,379,1314,51.992
3374,0,1,0.04,0.04,6,5,19,46.635,97,180,293,1135,38.996
3375,0,1,11.38,11.39,22,18,29,57.544,361,431,577,1327,36.867
3376,0,1,2.45,2.45,17,15,26,56.011,396,1075,119,375,30.113
3377,0,1,0.84,0.85,16,11,24,51.272,606,1130,259,251,37.801
3378,0,1,0.05,0.06,9,7,29,69.421,598,60,441,1191,45.674
3379,0,1,7.97,7.98,20,14,26,45.780,449,527,230,1300,32.137
3380,0,1,0.02,0.02,4,4,14,31.019,423,250,466,1022,30.928
3381,0,1,0.07,0.08,10,8,23,52.004,277,274,296,1172,35.928
3382,0,1,0.11,0.11,10,7,24,56.948,273,280,384,1188,36.590
3383,0,1,0.61,0.62,12,11,23,52.086,486,1182,491,165,40.680
3384,0,1,14.89,14.90,23,15,25,46.304,159,1328,597,640,32.624
3385,0,1,7.58,7.59,23,19,37,82.970,302,139,208,1369,49.343
3386,0,1,2.11,2.12,24,18,34,69.729,305,772,614,26,32.299
3387,0,1,0.40,0.40,12,7,19,45.796,310,1286,115,206,43.899
3388,0,1,0.53,0.53,12,11,26,60.397,192,1113,204,41,42.883
3389,0,1,6.60,6.60,17,15,27,53.352,188,1336,93,473,34.729
3390,0,1,0.16,0.16,13,9,28,67.558,406,1151,356,48,44.165
3391,0,1,0.49,0.49,16,12,20,41.878,526,711,96,36,32.013
3392,0,1,0.43,0.44,11,8,19,43.667,432,190,528,1161,39.029
3393,0,1,1.44,1.44,14,11,27,60.236,452,1357,332,240,44.937
3394,0,1,0.09,0.10,9,8,20,47.030,306,1265,188,398,35.000
3395,0,1,0.03,0.03,7,7,20,43.393,323,15,231,990,39.173
3396,0,1,0.31,0.32,11,7,21,50.338,594,167,434,954,32.124
3397,0,1,4.03,4.04,14,9,26,60.119,133,249,203,1342,43.810
3398,0,1,0.50,0.50,8,6,19,44.030,342,1206,521,167,42.172
3399,0,1,0.63,0.64,18,14,28,59.539,516,328,211,1020,30.249
3400,0,1,0.29,0.30,13,10,23,53.406,109,1091,406,32,43.994
3401,0,1,0.09,0.09,10,7,23,57.651,420,1369,192,176,48.584
3402,0,1,0.48,0.48,12,6,16,36.930,291,99,440,864,31.175
3403,0,1,10.78,10.79,20,15,36,78.928,37,47,440,1337,54.059
3404,0,1,19.73,19.74,14,11,26,55.948,77,1125,176,258,34.905
3405,0,1,0.02,0.02,5,3,16,42.059,467,275,262,1107,34.275
3406,0,1,0.07,0.08,14,9,24,58.042,256,57,295,1275,48.745
3407,0,1,0.14,0.15,12,9,29,70.527,199,42,205,1067,41.001
3408,0,1,0.04,0.04,7,7,23,52.454,549,351,297,1122,32.446
3409,0,1,2.51,2.52,21,18,38,79.966,115,1254,190,443,32.578
3410,0,1,0.70,0.70,20,16,28,54.812,601,108,344,956,35.444
3411,0,1,0.02,0.03,7,5,18,45.583,232,1171,425,238,38.110
3412,0,1,0.10,0.11,10,8,19,40.959,211,941,262,35,36.297
3413,0,1,0.11,0.11,9,8,22,49.783,535,20,82,924,40.446
3414,0,1,0.09,0.10,10,6,20,50.169,540,249,330,1273,41.812
3415,0,1,0.11,0.12,10,9,17,37.211,453,1375,452,481,35.760
3416,0,1,1.73,1.74,22,17,34,76.184,567,1193,512,344,34.031
3417,0,1,22.98,22.99,18,16,26,44.802,382,421,566,1285,35.335
3418,0,1,0.05,0.05,8,6,22,52.936,88,412,455,1131,32.290
3419,0,1,1.56,1.57,16,13,28,64.430,507,1119,616,133,39.680
3420,0,1,0.19,0.19,10,9,29,67.930,607,1125,202,218,39.733
3421,0,1,2.04,2.04,17,10,26,60.159,208,1220,82,337,35.678
3422,0,1,4.82,4.82,15,14,28,53.672,533,213,415,1269,42.503
3423,0,1,0.04,0.05,7,6,17,40.746,348,896,176,18,35.788
3424,0,1,1.99,2.00,14,11,25,54.181,535,1274,442,174,44.157
3425,0,1,0.32,0.32,15,12,27,62.258,389,1163,545,189,39.457
3426,0,1,2.87,2.88,27,20,30,63.468,388,147,53,927,33.956
3427,0,1,0.28,0.29,17,13,34,76.119,205,1028,70,234,32.216
3428,0,1,0.45,0.45,15,10,24,54.637,163,1153,538,486,30.608
3429,0,1,16.69,16.70,13,11,22,45.200,431,626,426,1383,30.281
3430,0,1,0.07,0.08,10,6,21,53.000,272,92,270,1291,47.960
3431,0,1,0.23,0.23,10,7,18,41.240,381,269,279,1045,31.307
3432,0,1,1.07,1.10,19,13,29,61.037,276,1134,589,52,45.055
3433,0,1,0.02,0.02,5,4,17,40.633,193,78,228,1091,40.544
3434,0,1,1.36,1.36,21,14,29,63.723,556,1206,96,424,36.290
3435,0,1,0.07,0.07,7,6,21,49.672,24,42,215,843,32.938
3436,0,1,0.05,0.05,8,7,23,53.331,428,908,132,129,33.334
3437,0,1,56.29,56.30,15,11,22,45.040,194,454,506,1234,33.603
3438,0,1,0.07,0.08,8,6,23,56.360,474,53,384,898,33.991
3439,0,1,0.03,0.03,8,6,17,40.761,473,300,273,1223,37.777
3440,0,1,0.28,0.28,18,16,36,80.568,176,1054,474,30,42.659
3441,0,1,0.80,0.80,18,14,28,63.922,32,37,212,1299,50.991
3442,0,1,1.38,1.38,11,8,25,56.056,377,189,229,1378,47.927
3443,0,1,0.02,0.03,6,5,15,36.565,128,71,200,936,34.720
3444,0,1,0.07,0.07,10,6,18,42.939,579,168,422,1093,37.529
3445,0,1,9.41,9.42,11,8,21,49.310,173,147,209,1349,48.102
3446,0,1,0.04,0.04,7,5,15,35.130,497,184,329,936,30.821
3447,0,1,0.27,0.28,11,9,26,64.929,118,1153,172,72,43.294
3448,0,1,0.02,0.03,6,5,24,59.177,475,23,315,1193,47.236
3449,0,1,2.09,2.10,19,16,35,77.188,41,1206,501,49,49.804
3450,0,1,0.38,0.38,11,7,18,43.647,98,171,176,1103,37.410
3451,0,1,0.02,0.02,5,3,17,45.140,179,184,414,1192,41.401
3452,0,1,0.02,0.03,7,5,19,46.135,518,29,204,882,36.358
3453,0,1,0.32,0.33,12,8,23,55.996,118,382,339,1225,34.859
3454,0,1,0.13,0.13,9,9,24,55.297,260,1171,418,162,40.852
3455,0,1,0.17,0.18,9,7,20,47.174,277,1059,332,54,40.260
3456,0,1,0.21,0.22,14,12,31,70.139,265,1308,177,13,51.919
3457,0,1,29.16,29.18,17,14,29,61.549,78,20,103,1187,46.691
3458,0,1,0.38,0.38,13,7,25,61.535,201,71,568,1149,45.550
3459,0,1,12.44,12.45,18,14,25,45.304,498,173,603,1014,33.901
3460,0,1,0.19,0.20,10,8,24,55.147,417,1232,110,360,36.979
3461,0,1,4.85,4.86,16,8,21,51.892,169,266,437,1350,44.666
3462,0,1,6.78,6.79,13,12,30,66.657,34,404,427,1362,41.419
3463,0,1,0.02,0.02,6,4,20,51.173,365,1217,203,171,42.339
3464,0,1,0.12,0.12,10,9,16,33.015,146,1267,223,510,30.436
3465,0,1,5.71,5.73,25,17,34,71.853,506,183,45,928,35.044
3466,0,0,500.01,500.01,0,0,0,0.000,301,1158,580,211,39.490
3467,0,1,5.73,5.75,24,20,34,60.851,599,1332,497,430,36.310
3468,0,1,0.18,0.18,9,6,17,38.296,318,1086,481,297,32.226
3469,0,1,0.05,0.06,9,5,22,55.616,49,12,311,1276,51.635
3470,0,1,9.22,9.23,23,18,34,63.927,98,332,552,1318,43.420
3471,0,1,0.04,0.05,7,7,23,53.575,162,20,446,1162,47.071
3472,0,1,0.84,0.85,10,7,18,41.968,207,964,256,75,35.614
3473,0,1,0.05,0.06,8,6,24,61.551,62,61,142,1152,43.757
3474,0,1,0.08,0.08,10,9,20,46.181,303,896,350,20,35.090
3475,0,1,0.31,0.32,16,13,31,68.138,97,1277,541,293,43.181
3476,0,1,10.53,10.54,18,14,28,56.429,205,1319,284,49,50.898
3477,0,1,2.90,2.90,11,8,18,36.699,438,954,391,132,32.934
3478,0,1,19.42,19.43,13,12,25,49.027,440,1332,607,293,42.093
3479,0,1,0.09,0.10,11,9,25,59.315,215,1196,211,140,42.240
3480,0,1,1.53,1.53,17,12,28,66.746,515,1229,105,496,33.595
3481,0,1,1.94,1.95,16,9,22,50.467,325,1190,248,237,38.244
3482,0,1,0.11,0.11,10,8,18,41.067,545,1327,186,611,32.038
3483,0,1,1.97,1.98,17,13,31,68.914,395,1184,316,207,39.208
3484,0,1,6.99,7.00,24,17,35,68.797,199,1281,257,127,46.218
3485,0,1,0.03,0.03,6,4,16,41.524,273,141,318,890,30.014
3486,0,1,0.06,0.07,8,6,19,49.204,174,45,178,933,35.520
3487,0,1,0.67,0.68,10,8,27,65.395,305,1194,117,192,40.779
3488,0,1,0.12,0.12,11,7,20,46.958,441,842,342,47,32.046
3489,0,1,0.04,0.05,9,9,25,59.771,453,1140,454,280,34.400
3490,0,1,0.10,0.11,8,6,22,52.623,516,16,438,840,33.107
3491,0,1,0.64,0.65,16,12,35,79.751,101,134,299,1220,44.156
3492,0,1,0.02,0.02,5,4,14,35.121,196,437,276,1306,34.907
3493,0,1,0.37,0.38,14,9,27,66.416,229,1224,257,77,45.894
3494,0,1,12.33,12.34,12,11,25,55.266,175,520,55,1318,32.279
3495,0,1,0.58,0.59,11,9,22,50.631,406,895,429,53,33.693
3496,0,1,0.11,0.12,11,9,21,49.708,79,293,322,1051,31.840
3497,0,1,0.08,0.09,10,6,19,47.928,412,169,416,1227,42.320
3498,0,1,0.05,0.06,8,6,21,49.768,185,1260,430,271,40.756
3499,0,1,0.11,0.12,11,7,24,59.515,348,1325,184,406,37.341
3500,0,1,0.08,0.09,7,6,19,44.294,455,1302,214,472,34.571
3501,0,1,0.07,0.07,8,6,24,59.240,487,1005,167,289,31.370
3502,0,1,1.49,1.49,11,9,19,40.426,447,1384,143,664,31.262
3503,0,1,0.38,0.38,12,9,26,58.068,319,251,120,999,30.961
3504,0,1,0.83,0.84,10,7,24,57.357,138,298,422,1309,42.005
3505,0,1,0.09,0.10,9,4,19,47.563,558,167,356,1274,45.011
3506,0,1,0.53,0.53,14,11,30,68.470,202,1284,549,308,41.434
3507,0,1,1.50,1.50,21,15,33,71.382,290,1122,526,24,44.923
3508,0,1,0.35,0.35,10,9,23,50.939,496,1001,160,52,40.269
3509,0,1,1.54,1.54,21,15,29,59.295,300,115,33,962,35.523
3510,0,1,0.18,0.19,10,8,19,43.597,616,663,134,70,30.567
3511,0,1,1.09,1.10,19,15,36,74.809,106,1323,104,480,33.720
3512,0,1,0.15,0.16,12,8,23,52.062,67,237,420,1162,39.603
3513,0,1,0.55,0.55,15,10,29,71.849,139,1117,264,266,34.405
3514,0,1,0.25,0.25,9,6,14,32.715,402,932,507,155,31.362
3515,0,1,0.75,0.76,12,10,29,67.194,357,1337,306,60,51.121
3516,0,1,15.95,15.96,16,12,23,46.061,21,1262,204,328,38.070
3517,0,1,0.02,0.03,7,6,19,43.912,385,1185,491,195,39.826
3518,0,1,0.09,0.10,12,9,28,63.446,129,169,268,1036,35.123
3519,0,1,5.53,5.54,13,10,21,41.199,347,503,548,1263,31.445
3520,0,1,0.05,0.06,8,7,28,66.903,530,54,375,1237,47.724
3521,0,1,0.03,0.03,7,5,19,46.503,211,52,346,1118,42.981
3522,0,0,500.01,500.01,0,0,0,0.000,593,870,106,229,32.201
3523,0,1,7.46,7.48,29,17,29,62.398,550,1243,80,390,38.957
3524,0,1,0.31,0.31,11,8,21,50.638,196,1108,372,169,38.214
3525,0,1,0.25,0.25,9,6,20,49.721,442,918,298,37,35.708
3526,0,1,0.09,0.10,10,7,23,56.858,338,1177,414,41,45.542
3527,0,1,0.17,0.17,10,5,14,36.221,419,167,329,926,30.573
3528,0,1,2.22,2.23,16,13,25,47.811,355,839,257,19,33.033
3529,0,1,0.19,0.20,11,7,18,42.160,203,143,382,925,32.089
3530,0,1,0.19,0.19,11,7,21,49.274,603,137,300,1225,45.176
3531,0,1,0.92,0.92,12,8,21,50.509,197,1127,308,149,39.371
3532,0,1,0.01,0.02,4,4,14,33.240,462,1069,465,238,33.240
3533,0,1,0.03,0.04,6,6,21,49.748,444,1203,201,308,37.096
3534,0,1,0.03,0.03,7,6,22,51.903,530,44,242,1026,40.934
3535,0,1,0.47,0.47,11,6,20,48.136,211,1295,462,382,37.875
3536,0,1,0.86,0.87,16,12,31,71.340,448,1362,81,426,40.215
3537,0,1,0.03,0.03,7,5,25,62.394,526,29,370,1084,42.659
3538,0,1,1.12,1.12,15,8,21,50.278,447,1311,584,373,37.918
3539,0,1,0.23,0.23,12,9,18,38.565,563,1337,266,640,30.306
3540,0,1,0.13,0.13,9,7,19,47.264,264,961,463,42,37.612
3541,0,1,0.32,0.33,14,11,30,73.956,555,1197,603,298,36.011
3542,0,1,2.73,2.74,24,15,30,63.632,272,905,141,156,30.415
3543,0,1,0.51,0.51,9,8,20,40.957,430,172,308,962,31.975
3544,0,1,22.17,22.18,26,14,30,69.310,426,36,499,1318,51.363
3545,0,1,0.63,0.63,13,10,26,59.701,231,1269,542,368,38.127
3546,0,1,3.73,3.75,25,15,34,71.433,37,1209,573,581,33.026
3547,0,1,0.83,0.83,9,9,22,48.961,508,128,501,1157,41.161
3548,0,1,0.08,0.09,9,6,25,63.008,538,44,310,1254,49.252
3549,0,0,500.01,500.01,0,0,0,0.000,304,1194,600,225,40.528
3550,0,0,500.03,500.03,0,0,0,0.000,332,1277,304,377,36.017
3551,0,1,0.20,0.21,9,7,25,62.666,109,1153,195,44,44.493
3552,0,0,500.01,500.01,0,0,0,0.000,584,198,162,1035,37.495
3553,0,1,5.01,5.02,23,15,31,71.989,534,446,510,1328,35.293
3554,0,1,1.75,1.76,20,11,20,43.990,141,98,20,956,34.660
3555,0,1,0.15,0.16,11,8,23,51.783,102,117,191,1217,44.144
3556,0,1,3.30,3.31,34,24,41,76.027,338,779,571,23,31.644
3557,0,1,3.27,3.28,27,22,31,46.380,20,882,96,93,31.706
3558,0,1,0.06,0.07,7,6,18,40.564,264,1212,468,484,30.242
3559,0,1,1.04,1.04,16,13,23,46.622,529,1221,186,297,39.424
3560,0,1,0.05,0.05,8,6,18,42.792,276,151,412,1031,35.618
3561,0,0,500.01,500.01,0,0,0,0.000,372,318,525,1202,35.886
3562,0,1,2.39,2.41,24,14,30,63.229,143,317,118,1147,33.215
3563,0,1,3.35,3.36,18,14,31,66.293,446,1346,166,61,52.606
3564,0,1,0.58,0.59,8,5,19,46.328,377,1285,41,296,41.781
3565,0,1,0.65,0.66,19,14,32,69.361,249,1044,86,15,41.673
3566,0,1,0.06,0.07,6,4,17,42.418,183,1277,188,245,41.280
3567,0,1,0.07,0.07,6,5,15,33.213,324,14,189,773,30.836
3568,0,0,500.01,500.01,0,0,0,0.000,153,1181,589,203,42.831
3569,0,1,0.09,0.10,9,6,22,55.381,617,105,331,1336,50.551
3570,0,1,0.05,0.06,9,4,19,47.979,274,282,209,1187,36.293
3571,0,1,8.41,8.42,17,13,27,53.296,332,177,452,1359,47.523
3572,0,1,0.22,0.23,14,10,24,54.737,81,54,467,1154,46.630
3573,0,1,0.30,0.31,9,7,21,47.977,139,160,318,1319,46.910
3574,0,1,0.13,0.15,10,9,22,50.874,106,227,414,1128,38.088
3575,0,1,0.29,0.30,11,6,19,46.002,318,1156,524,202,39.040
3576,0,0,500.01,500.01,0,0,0,0.000,353,1219,617,217,41.448
3577,0,1,21.00,21.02,15,10,20,36.449,457,510,530,1285,31.137
3578,0,1,0.04,0.05,7,7,23,54.769,421,1138,62,289,36.871
3579,0,1,0.18,0.19,11,7,20,45.722,128,180,385,1084,37.593
3580,0,1,0.01,0.02,5,3,17,43.213,458,261,308,1314,42.545
3581,0,1,22.73,22.74,18,12,26,50.124,207,98,199,1271,46.921
3582,0,1,11.50,11.52,27,20,42,93.741,153,22,550,918,39.201
3583,0,1,2.56,2.57,15,9,23,51.583,492,1034,23,160,39.675
3584,0,1,0.13,0.14,13,9,25,58.640,152,290,380,1318,42.119
3585,0,1,9.31,9.32,27,18,34,73.677,244,1208,611,111,46.270
3586,0,1,0.05,0.06,10,7,23,54.654,337,20,284,1039,40.815
3587,0,1,0.09,0.10,12,8,21,46.741,108,167,270,1116,38.509
3588,0,1,78.87,78.89,18,14,33,70.391,279,100,516,1269,47.711
3589,0,1,0.02,0.03,5,3,13,31.160,306,1283,462,537,30.485
3590,0,1,0.20,0.21,17,14,29,65.430,316,1101,169,13,43.915
3591,0,1,0.02,0.02,7,4,15,38.348,446,272,409,1227,38.229
3592,0,1,0.05,0.05,9,4,14,32.596,352,1141,446,350,31.863
3593,0,1,0.79,0.79,13,9,23,53.214,387,1181,195,143,42.224
3594,0,1,1.99,1.99,11,7,16,35.572,261,500,220,1323,32.961
3595,0,0,500.02,500.02,0,0,0,0.000,411,1296,394,323,38.926
3596,0,1,1.40,1.41,17,14,26,51.327,387,57,100,892,35.318
3597,0,1,2.24,2.25,23,20,35,70.648,613,111,478,1028,37.075
3598,0,1,0.21,0.21,11,6,20,49.367,394,1163,426,273,35.623
3599,0,1,0.64,0.64,22,16,33,71.654,355,183,366,950,30.683
3600,0,1,0.22,0.23,15,12,26,62.436,288,948,343,60,35.588
3601,0,1,0.12,0.13,12,8,22,53.621,261,1289,173,40,50.084
3602,0,1,0.07,0.07,9,8,24,57.818,620,301,410,1178,36.072
3603,0,1,3.69,3.69,13,10,19,36.134,416,890,604,133,31.200
3604,0,1,0.07,0.08,8,4,17,40.641,460,1163,175,329,35.254
3605,0,1,0.73,0.74,19,14,30,68.686,450,1151,288,209,38.233
3606,0,1,0.02,0.02,4,2,12,30.134,218,832,195,79,30.134
3607,0,1,0.25,0.26,15,12,36,85.786,193,1157,364,28,45.675
3608,0,1,0.66,0.66,16,13,32,67.375,28,375,360,1332,40.518
3609,0,1,0.01,0.02,5,4,17,40.214,454,320,365,1314,39.919
3610,0,1,0.13,0.13,12,9,25,57.925,517,338,325,1348,41.124
3611,0,1,0.87,0.88,15,9,21,47.505,205,804,618,16,35.587
3612,0,1,0.18,0.19,9,8,20,44.911,343,1157,606,289,36.279
3613,0,1,0.03,0.03,6,6,21,48.585,469,186,170,952,32.892
3614,0,1,15.68,15.70,26,17,36,73.296,375,27,143,1273,50.697
3615,0,1,0.24,0.25,11,7,25,61.842,451,917,594,31,35.899
3616,0,1,2.11,2.12,15,12,27,57.621,146,1219,527,399,36.168
3617,0,1,0.18,0.19,10,7,24,58.538,406,34,226,1232,48.458
3618,0,1,0.02,0.02,5,5,15,32.510,239,1208,206,434,30.988
3619,0,1,0.30,0.31,10,6,17,38.061,509,132,301,937,33.258
3620,0,1,21.99,22.00,15,8,22,49.468,198,332,500,1232,37.973
3621,0,1,18.98,18.99,18,15,25,41.855,335,606,103,1322,30.106
3622,0,0,500.01,500.01,0,0,0,0.000,606,225,460,992,31.231
3623,0,1,0.04,0.05,8,4,19,46.059,470,369,441,1144,31.022
3624,0,1,1.44,1.45,15,11,23,52.228,353,1263,615,120,46.906
3625,0,1,0.41,0.42,11,8,22,50.400,414,27,185,787,31.750
3626,0,1,0.02,0.02,5,3,13,31.850,213,795,146,26,30.877
3627,0,1,11.19,11.20,18,11,26,57.093,382,126,215,1339,48.978
3628,0,1,3.16,3.17,22,12,27,62.823,202,1290,521,417,37.178
3629,0,0,500.01,500.01,0,0,0,0.000,206,1349,356,323,41.476
3630,0,1,28.75,28.76,25,19,39,78.099,52,489,499,1282,36.412
3631,0,1,25.31,25.32,19,14,30,57.527,178,103,542,1204,46.384
3632,0,1,0.04,0.05,7,5,21,50.342,339,238,248,1018,31.412
3633,0,1,0.21,0.22,17,11,26,61.651,51,21,386,1230,50.182
3634,0,1,0.41,0.42,16,10,27,64.306,445,36,462,1017,39.246
3635,0,1,0.24,0.25,14,9,22,49.563,548,254,507,1106,34.119
3636,0,1,0.51,0.52,10,7,18,39.045,444,1121,565,300,33.195
3637,0,1,2.70,2.71,24,18,30,63.699,389,856,598,15,34.663
3638,0,1,2.06,2.08,15,9,22,51.632,520,1160,263,140,42.075
3639,0,1,11.23,11.24,17,15,33,67.194,609,1196,85,22,51.425
3640,0,1,1.76,1.77,16,8,20,47.810,397,1190,617,470,30.114
3641,0,1,5.12,5.13,15,13,29,61.915,445,1335,264,64,51.353
3642,0,1,64.40,64.41,17,9,22,46.769,305,207,489,1214,40.947
3643,0,1,5.15,5.16,19,15,38,82.254,444,1301,575,61,49.876
3644,0,1,0.64,0.65,13,9,25,56.430,457,1156,78,181,41.843
3645,0,1,0.14,0.14,8,7,22,50.911,258,1128,348,41,43.629
3646,0,1,0.02,0.02,4,3,13,32.480,430,408,400,1219,32.462
3647,0,1,2.92,2.94,31,20,44,91.358,154,1239,586,30,51.355
3648,0,1,0.04,0.04,9,6,20,47.711,192,1127,483,166,40.164
3649,0,1,0.61,0.61,10,9,21,47.103,132,1239,366,522,30.169
3650,0,1,0.03,0.04,6,3,13,31.372,467,565,293,1314,30.758
3651,0,1,0.65,0.65,10,8,17,35.914,394,425,340,1240,32.671
3652,0,1,8.26,8.27,17,10,27,62.466,521,321,460,1361,41.671
3653,0,1,118.32,118.33,18,13,22,35.810,188,581,464,1314,31.330
3654,0,1,1.35,1.36,18,12,28,60.582,260,1184,390,165,41.090
3655,0,1,18.49,18.50,20,12,31,70.338,266,141,93,1190,42.527
3656,0,1,60.55,60.55,20,20,34,61.796,95,1316,194,463,34.349
3657,0,1,0.04,0.05,12,8,26,62.389,205,1137,246,58,43.191
3658,0,1,0.03,0.04,9,6,17,38.194,507,189,415,980,31.853
3659,0,1,0.08,0.09,9,7,18,40.790,295,946,337,197,30.007
3660,0,1,0.03,0.04,5,4,16,39.519,464,185,417,1170,39.445
3661,0,1,1.23,1.24,14,7,20,47.475,347,785,199,36,30.539
3662,0,1,0.02,0.02,6,5,17,41.135,414,158,357,1142,39.426
3663,0,1,0.18,0.19,17,12,37,90.024,601,17,558,1125,44.353
3664,0,1,0.06,0.06,8,6,17,43.462,272,1074,443,300,31.707
3665,0,1,0.07,0.07,11,8,23,55.986,198,1323,457,220,45.320
3666,0,0,500.02,500.02,0,0,0,0.000,30,1287,616,222,48.623
3667,0,1,0.50,0.52,10,7,20,47.670,204,1140,591,287,37.467
3668,0,1,0.37,0.38,14,12,26,57.483,452,1349,426,446,36.135
3669,0,1,0.90,0.91,16,10,27,65.802,321,1139,304,55,43.365
3670,0,1,1.25,1.25,15,10,29,66.243,547,27,212,1332,53.892
3671,0,1,0.58,0.58,12,8,22,52.050,290,268,176,1064,32.165
3672,0,1,45.00,45.02,34,23,46,86.428,365,183,517,1246,42.952
3673,0,1,0.69,0.70,15,10,29,70.282,396,162,333,1078,36.727
3674,0,1,2.80,2.81,13,13,30,59.369,146,1264,498,209,44.487
3675,0,1,0.05,0.06,9,8,23,53.056,243,1198,380,30,47.040
3676,0,1,0.06,0.06,9,4,19,47.687,204,97,373,1119,41.435
3677,0,1,14.74,14.75,21,13,30,68.318,277,41,110,1187,46.324
3678,0,1,0.10,0.11,8,7,25,59.771,194,16,248,1189,46.970
3679,0,1,0.21,0.22,13,9,26,60.104,262,132,226,1114,39.306
3680,0,1,0.53,0.53,17,14,33,69.261,618,1199,241,34,48.979
3681,0,1,9.21,9.22,23,17,33,61.975,540,1245,133,602,30.439
3682,0,1,0.15,0.16,11,8,21,48.022,104,215,424,1010,34.279
3683,0,1,0.34,0.35,13,9,27,67.094,145,1226,175,214,40.498
3684,0,1,0.82,0.83,20,13,31,74.352,524,1004,256,201,33.862
3685,0,1,13.00,13.01,20,14,24,47.981,509,292,48,930,31.485
3686,0,1,0.02,0.02,7,5,20,48.696,167,34,200,1238,48.178
3687,0,1,0.47,0.47,16,9,25,61.980,495,788,371,46,30.092
3688,0,1,0.26,0.27,13,9,29,71.087,84,50,281,1061,41.201
3689,0,1,0.48,0.49,16,13,33,79.725,70,54,286,909,35.274
3690,0,1,5.25,5.26,13,10,24,49.108,222,1386,394,493,36.377
3691,0,1,0.03,0.04,8,6,20,48.284,153,1172,394,248,38.196
3692,0,1,4.22,4.23,25,17,38,85.604,28,51,562,666,32.579
3693,0,1,0.26,0.27,11,8,21,44.940,454,1146,270,285,35.218
3694,0,1,0.09,0.11,7,7,24,55.223,48,1325,218,70,50.658
3695,0,1,1.38,1.39,20,13,30,69.346,483,62,102,992,40.201
3696,0,1,1.40,1.40,16,14,34,76.693,176,1370,166,15,54.201
3697,0,1,0.05,0.05,6,5,15,35.603,188,955,211,72,35.332
3698,0,1,0.10,0.11,14,9,28,66.083,201,1076,205,41,41.400
3699,0,1,1.68,1.69,21,13,29,65.446,93,1214,335,253,39.640
3700,0,1,1.06,1.07,13,8,25,60.100,327,1192,119,104,44.308
3701,0,1,0.23,0.24,14,11,32,77.442,474,1152,618,24,45.486
3702,0,1,7.79,7.80,24,19,36,70.852,608,167,79,911,36.516
3703,0,1,188.17,188.18,25,16,33,62.165,301,146,47,1146,41.270
3704,0,1,0.21,0.22,12,7,20,49.687,371,1152,181,156,40.558
3705,0,1,4.13,4.14,25,16,32,69.001,90,417,216,1322,36.549
3706,0,1,0.04,0.05,9,8,25,56.688,378,1190,108,140,43.366
3707,0,1,1.11,1.12,21,12,24,54.459,405,1030,297,267,30.824
3708,0,1,0.11,0.11,7,6,18,42.860,374,179,462,1027,34.102
3709,0,1,1.76,1.77,13,10,27,62.545,92,224,192,1380,46.413
3710,0,1,3.03,3.04,18,16,30,59.640,558,1207,194,186,43.358
3711,0,1,0.02,0.03,6,5,18,45.004,196,73,180,1152,43.165
3712,0,1,0.09,0.09,10,6,20,50.592,311,1087,353,16,42.873
3713,0,1,2.10,2.11,19,11,21,42.971,578,376,418,1186,33.026
3714,0,1,12.31,12.31,15,8,21,46.747,173,69,156,1203,45.365
3715,0,1,0.85,0.86,13,9,17,37.681,461,1030,387,163,34.806
3716,0,1,1.17,1.18,17,14,30,64.924,60,1315,519,486,37.903
3717,0,1,6.42,6.43,17,11,22,44.705,102,99,372,837,31.434
3718,0,1,1.40,1.41,14,12,24,46.540,272,460,516,1317,35.642
3719,0,1,0.33,0.34,16,14,38,87.442,368,1295,542,42,50.601
3720,0,1,7.04,7.04,19,13,30,60.898,119,192,611,1196,44.723
3721,0,1,0.13,0.14,14,10,29,68.271,513,457,132,1153,31.738
3722,0,1,0.23,0.23,9,6,15,34.296,445,1087,388,275,32.560
3723,0,1,8.73,8.74,26,16,34,69.354,103,1282,609,482,37.864
3724,0,1,1.90,1.90,15,10,23,50.593,186,1348,111,162,47.535
3725,0,1,0.57,0.58,19,16,28,61.771,517,362,126,1145,35.008
3726,0,1,0.22,0.23,16,13,32,73.301,385,42,259,944,36.430
3727,0,1,1.30,1.30,9,7,19,45.986,207,857,597,99,34.098
3728,0,1,0.45,0.45,12,11,29,66.020,609,153,398,926,32.051
3729,0,1,0.02,0.03,7,6,22,50.960,383,1219,148,260,39.495
3730,0,1,2.53,2.54,20,14,28,62.273,73,402,379,1194,33.962
3731,0,1,0.26,0.27,17,11,25,59.378,590,43,174,766,33.365
3732,0,1,8.78,8.79,15,12,31,69.719,139,387,455,1327,39.668
3733,0,1,1.27,1.28,17,13,28,62.611,426,1264,48,291,41.754
3734,0,1,0.32,0.33,12,11,28,63.902,513,426,262,1303,36.488
3735,0,1,3.52,3.53,28,22,43,87.607,532,259,403,1173,36.922
3736,0,1,14.11,14.11,19,17,36,67.917,536,1282,375,14,51.127
3737,0,1,0.21,0.22,16,13,28,65.673,363,37,402,1058,40.870
3738,0,1,0.25,0.26,10,5,16,37.375,245,810,367,55,30.592
3739,0,1,0.40,0.41,12,8,21,47.489,301,1262,516,423,34.644
3740,0,1,1.07,1.08,20,12,31,70.528,582,169,102,996,38.248
3741,0,0,500.01,500.01,0,0,0,0.000,135,163,318,990,33.880
3742,0,1,0.27,0.28,12,9,24,52.462,545,255,129,1131,38.790
3743,0,1,4.27,4.28,16,11,29,65.864,485,179,220,1316,46.699
3744,0,0,500.02,500.02,0,0,0,0.000,591,1004,618,198,32.258
3745,0,1,0.38,0.39,10,10,25,57.683,338,893,421,21,35.038
3746,0,1,0.31,0.32,11,8,23,54.980,145,1124,611,157,42.937
3747,0,1,1.22,1.23,19,14,31,68.306,264,1344,74,27,53.225
3748,0,1,6.54,6.55,16,14,29,55.583,66,1331,537,290,45.704
3749,0,1,13.81,13.82,15,8,17,33.182,318,1327,360,578,30.007
3750,0,1,1.83,1.83,15,11,25,55.512,448,1368,545,468,36.208
3751,0,1,0.18,0.18,15,13,27,56.409,274,88,280,1224,45.441
3752,0,1,0.73,0.73,8,4,17,42.948,483,183,333,1224,42.070
3753,0,1,0.28,0.29,19,14,34,81.090,182,934,276,21,36.713
3754,0,1,1.10,1.11,17,10,29,71.134,516,1153,266,168,40.649
3755,0,1,1.37,1.37,17,14,26,50.154,357,12,544,890,35.908
3756,0,1,0.07,0.07,10,10,30,69.549,362,40,453,1126,43.592
3757,0,1,2.22,2.22,16,10,29,66.939,556,30,207,1270,51.527
3758,0,1,0.07,0.07,12,7,19,44.871,319,1235,176,421,33.059
3759,0,1,0.30,0.31,22,12,36,85.209,190,1361,356,54,52.700
3760,0,1,0.11,0.11,10,6,22,55.170,106,990,356,243,31.509
3761,0,1,0.03,0.04,7,6,21,49.509,291,247,194,1199,38.277
3762,0,1,0.13,0.14,10,8,22,50.617,327,1327,404,189,45.624
3763,0,1,1.41,1.42,21,13,30,66.869,180,184,512,1275,45.616
3764,0,1,0.04,0.04,7,6,23,56.411,127,171,278,1233,42.907
3765,0,1,0.02,0.02,4,4,15,35.503,448,395,261,1220,33.837
3766,0,1,1.36,1.36,20,15,32,69.870,488,1327,300,122,48.783
3767,0,1,1.07,1.07,16,12,27,58.951,574,369,178,1163,35.491
3768,0,1,0.39,0.39,13,10,26,60.197,190,136,314,907,31.236
3769,0,1,9.67,9.68,22,19,37,74.553,101,424,230,1269,34.192
3770,0,1,0.57,0.57,10,8,18,37.453,234,1150,253,277,34.928
3771,0,1,0.11,0.12,12,11,32,73.392,50,26,468,1095,45.913
3772,0,1,0.43,0.43,13,9,26,60.403,285,168,356,1327,46.447
3773,0,1,2.96,2.97,23,15,31,71.151,121,428,110,1318,35.603
3774,0,1,2.89,2.90,17,13,31,67.940,376,1251,131,288,39.747
3775,0,1,0.05,0.06,11,6,26,64.233,356,59,373,1051,39.686
3776,0,1,0.40,0.41,13,9,27,65.812,345,1148,352,38,44.401
3777,0,1,9.46,9.47,24,10,26,58.026,551,348,204,1297,40.418
3778,0,1,0.48,0.49,15,12,24,52.818,234,1046,390,191,34.765
3779,0,1,2.73,2.74,16,13,29,60.332,97,1312,180,350,38.623
3780,0,1,0.82,0.82,18,12,32,73.529,449,1273,546,42,49.393
3781,0,1,37.64,37.65,20,13,24,44.407,186,314,51,1208,36.165
3782,0,1,1.23,1.24,15,12,29,62.359,572,1017,182,125,38.941
3783,0,1,0.05,0.05,10,5,21,55.139,184,114,339,1230,45.068
3784,0,1,0.01,0.02,6,5,18,43.666,193,1120,217,59,42.451
3785,0,1,1.91,1.94,13,8,24,56.253,238,1176,611,161,43.255
3786,0,1,1.47,1.48,14,8,19,48.055,396,162,398,1107,37.800
3787,0,1,3.18,3.18,9,8,23,53.954,197,1269,446,255,41.765
3788,0,1,38.46,38.47,15,11,20,36.414,455,1227,361,390,33.690
3789,0,1,0.08,0.09,8,6,19,46.341,91,39,357,951,38.000
3790,0,1,0.41,0.41,15,12,26,58.634,620,164,100,902,36.112
3791,0,1,0.22,0.23,15,9,24,56.560,55,478,439,1134,30.405
3792,0,1,0.07,0.07,7,7,19,43.710,441,856,190,27,34.647
3793,0,1,9.32,9.34,26,20,41,91.783,608,612,119,1268,32.728
3794,0,1,5.19,5.20,26,13,32,75.295,484,20,532,872,34.134
3795,0,1,0.21,0.22,12,7,24,58.584,352,908,607,29,36.610
3796,0,1,2.32,2.33,24,18,34,75.407,453,1334,110,611,32.009
3797,0,1,0.06,0.06,8,7,22,49.877,124,151,340,1297,46.647
3798,0,1,1.40,1.42,21,15,37,83.846,607,87,599,1129,41.681
3799,0,1,0.12,0.13,9,6,18,43.186,417,196,402,1220,40.964
3800,0,1,0.06,0.06,6,5,17,39.519,375,1107,514,178,37.574
3801,0,1,239.91,239.92,21,16,27,41.504,204,299,62,1123,33.446
3802,0,1,0.09,0.10,8,8,22,50.249,277,191,509,1096,37.371
3803,0,1,0.19,0.20,8,6,16,37.883,442,1140,541,324,32.879
3804,0,1,10.36,10.37,16,14,23,40.012,375,462,448,1344,35.401
3805,0,1,25.71,25.72,25,19,30,56.399,128,704,565,1323,30.309
3806,0,1,0.05,0.06,8,5,21,50.601,336,1327,352,173,46.164
3807,0,1,0.09,0.09,8,7,26,61.751,547,21,229,1187,48.343
3808,0,1,1.23,1.24,16,14,26,59.468,387,406,306,1333,37.221
3809,0,1,1.58,1.59,17,14,29,65.113,147,1212,606,92,48.416
3810,0,1,0.20,0.21,10,9,21,48.271,260,121,465,996,35.948
3811,0,1,2.25,2.26,20,17,32,67.064,123,217,137,1205,39.524
3812,0,1,0.07,0.07,9,8,24,56.709,389,1112,116,203,37.964
3813,0,1,1.97,1.98,17,11,25,56.937,446,927,419,22,36.216
3814,0,1,1.26,1.27,19,12,29,68.553,355,1341,30,499,36.102
3815,0,1,0.04,0.06,6,6,18,41.153,55,231,440,916,31.431
3816,0,1,5.08,5.09,15,10,26,56.432,194,1281,277,117,46.678
3817,0,1,0.55,0.56,17,16,31,75.435,508,1148,79,460,32.432
3818,0,1,3.07,3.08,25,17,36,78.740,440,1312,72,190,47.232
3819,0,1,9.02,9.03,22,16,25,44.786,375,368,208,1278,37.008
3820,0,1,0.28,0.29,11,10,25,59.180,201,85,517,1049,40.579
3821,0,1,0.17,0.17,14,10,29,69.403,262,13,113,1155,46.067
3822,0,1,48.60,48.61,16,12,26,53.249,218,324,526,1271,39.833
3823,0,1,1.10,1.11,11,8,19,39.316,182,455,79,1330,35.242
3824,0,0,500.02,500.02,0,0,0,0.000,258,330,192,1359,41.245
3825,0,1,86.25,86.26,20,16,29,57.299,124,173,98,1203,41.213
3826,0,1,1.71,1.73,20,14,31,71.560,348,28,261,958,37.362
3827,0,1,0.05,0.05,10,8,28,70.364,291,45,310,1324,51.166
3828,0,1,0.11,0.11,8,7,21,48.415,319,200,301,1083,35.327
3829,0,1,7.78,7.79,15,12,27,55.257,329,283,579,1137,35.594
3830,0,0,500.01,500.01,0,0,0,0.000,596,878,186,241,30.302
3831,0,1,0.07,0.08,9,5,26,64.858,41,32,327,1193,47.828
3832,0,1,6.66,6.68,26,18,33,68.091,296,826,547,61,32.205
3833,0,1,0.46,0.46,14,10,26,59.505,282,28,262,1257,49.167
3834,0,1,29.40,29.41,20,16,31,57.148,529,197,492,1192,39.828
3835,0,1,2.75,2.75,14,13,25,50.314,450,1368,531,360,40.450
3836,0,1,0.11,0.11,8,7,19,45.478,431,1090,606,94,40.450
3837,0,1,0.12,0.13,10,9,22,50.475,350,1104,241,247,34.556
3838,0,1,1.30,1.31,10,8,18,34.190,367,434,371,1216,31.280
3839,0,1,29.74,29.75,40,28,41,74.642,53,585,549,1194,31.417
3840,0,1,0.06,0.07,6,5,16,35.659,209,181,362,939,30.931
3841,0,1,0.12,0.13,9,5,15,37.745,306,1193,420,323,35.097
3842,0,1,55.24,55.25,21,13,26,49.702,149,296,542,1239,40.865
3843,0,1,0.04,0.04,8,7,21,51.016,378,916,339,45,34.875
3844,0,1,4.57,4.58,17,15,23,42.839,502,130,575,932,32.213
3845,0,1,0.15,0.16,16,13,34,76.175,485,1144,31,291,38.652
3846,0,1,72.83,72.84,31,23,41,76.205,604,163,615,1212,41.962
3847,0,1,1.76,1.77,15,12,27,58.421,304,1109,123,177,37.977
3848,0,1,0.12,0.13,11,11,33,78.238,566,43,329,1121,44.150
3849,0,1,0.09,0.09,7,7,21,47.095,378,1283,190,436,34.705
3850,0,1,0.02,0.02,7,5,16,39.131,484,168,391,1121,38.301
3851,0,1,0.03,0.03,10,8,27,62.924,36,60,190,1198,45.935
3852,0,1,1.69,1.69,14,8,22,53.013,314,1280,556,483,33.317
3853,0,1,0.15,0.16,14,12,26,58.860,274,1337,128,317,41.216
3854,0,1,1.55,1.56,16,8,20,44.951,212,978,501,120,36.215
3855,0,1,13.41,13.42,28,23,39,75.757,420,46,558,1286,49.906
3856,0,1,19.86,19.88,27,18,35,80.280,143,30,130,1235,48.203
3857,0,1,1.83,1.84,23,14,28,60.946,404,256,552,1313,42.692
3858,0,1,2.07,2.08,14,10,17,35.359,420,180,599,920,30.454
3859,0,1,3.39,3.39,15,10,22,43.958,367,20,91,847,34.874
3860,0,1,24.57,24.58,35,26,38,65.055,613,655,70,1337,34.871
3861,0,1,0.08,0.08,10,8,18,42.565,403,1041,227,282,31.166
3862,0,1,0.03,0.04,7,4,19,47.081,214,176,355,1320,46.106
3863,0,1,0.07,0.08,12,7,30,73.583,617,44,415,1108,43.320
3864,0,1,51.33,51.35,26,16,30,64.199,601,575,143,1198,30.929
3865,0,1,0.03,0.04,8,7,18,40.802,373,1090,314,262,33.204
3866,0,1,2.41,2.42,14,12,27,56.143,92,897,131,137,30.440
3867,0,1,1.99,2.00,19,13,25,50.027,554,48,101,769,34.060
3868,0,1,0.12,0.13,10,9,23,49.308,442,1012,119,129,37.609
3869,0,1,0.49,0.50,12,12,21,41.996,124,814,380,19,33.408
3870,0,1,8.18,8.19,16,10,25,55.728,385,1227,105,453,32.924
3871,0,1,2.08,2.08,20,10,20,41.090,260,104,507,832,30.750
3872,0,1,0.81,0.82,16,14,36,78.246,329,1236,460,22,48.842
3873,0,1,3.82,3.82,18,11,28,62.252,175,245,225,1344,44.005
3874,0,1,0.83,0.84,17,11,24,53.025,383,860,89,103,32.483
3875,0,1,0.42,0.43,15,11,31,72.584,377,1326,80,38,52.872
3876,0,1,0.02,0.02,5,4,17,42.610,216,952,64,12,38.088
3877,0,1,0.16,0.17,11,7,24,60.226,494,1074,112,235,36.875
3878,0,1,1.27,1.28,21,16,29,58.265,509,786,126,100,31.427
3879,0,1,27.85,27.86,15,12,22,44.735,261,521,437,1374,34.839
3880,0,1,0.24,0.25,12,10,23,55.551,348,46,428,1076,41.324
3881,0,1,1.34,1.35,20,14,33,71.675,390,1232,62,230,42.173
3882,0,1,1.76,1.76,11,9,20,44.200,398,889,119,170,30.849
3883,0,1,5.89,5.90,18,12,31,68.599,114,1272,131,411,34.447
3884,0,1,0.09,0.10,12,9,33,80.491,391,60,217,1026,39.262
3885,0,1,10.88,10.89,12,8,17,34.958,454,490,448,1345,34.201
3886,0,1,1.77,1.77,13,10,27,64.546,591,1190,441,197,40.171
3887,0,1,0.65,0.65,15,13,31,69.250,553,1314,130,681,30.453
3888,0,1,2.83,2.84,13,5,17,39.555,260,1147,143,392,30.560
3889,0,0,500.02,500.02,0,0,0,0.000,261,354,270,1130,31.042
3890,0,1,2.55,2.56,19,17,31,59.954,411,1299,508,362,37.680
3891,0,1,11.39,11.40,20,14,22,41.752,457,1383,176,592,33.577
3892,0,1,0.37,0.38,17,13,27,60.485,387,14,289,1210,48.000
3893,0,1,0.03,0.04,7,6,21,51.001,270,208,524,1160,39.412
3894,0,1,0.26,0.26,11,8,23,55.240,185,65,293,939,35.226
3895,0,1,0.07,0.07,8,7,19,42.149,277,244,112,1075,33.889
3896,0,1,0.91,0.92,11,9,23,51.334,235,1083,126,116,38.925
3897,0,1,16.65,16.66,20,12,22,40.154,256,503,95,1280,31.740
3898,0,1,3.31,3.32,25,20,40,90.518,111,1233,507,33,50.546
3899,0,1,1.21,1.22,9,7,23,55.822,438,1212,494,310,36.149
3900,0,0,500.01,500.01,0,0,0,0.000,27,1331,370,317,42.818
3901,0,1,0.08,0.09,8,4,15,39.512,409,1093,506,170,37.123
3902,0,1,6.74,6.75,21,16,35,74.538,230,1062,432,169,36.622
3903,0,1,4.54,4.55,10,9,24,53.710,271,29,204,1269,49.672
3904,0,1,2.27,2.28,19,12,30,67.136,430,1176,255,172,40.765
3905,0,1,0.28,0.29,12,11,25,54.330,181,185,332,1201,41.086
3906,0,1,0.16,0.16,8,6,19,46.918,378,1208,497,451,30.652
3907,0,1,0.41,0.42,13,11,22,50.793,590,932,268,29,38.348
3908,0,1,60.57,60.58,24,18,33,67.384,351,185,157,1251,43.340
3909,0,1,0.65,0.66,14,12,28,60.310,318,211,281,1067,34.272
3910,0,1,0.12,0.13,10,7,20,47.573,495,1148,316,274,35.686
3911,0,1,1.64,1.65,27,20,40,88.290,364,205,543,1203,40.557
3912,0,1,0.18,0.19,11,7,21,50.915,449,288,316,1288,40.352
3913,0,1,4.22,4.23,22,14,33,74.703,513,455,135,1330,38.126
3914,0,1,0.26,0.27,15,10,28,61.161,274,186,276,1048,34.480
3915,0,1,0.02,0.03,6,3,15,41.184,233,1206,203,178,41.138
3916,0,1,0.01,0.01,6,4,17,42.823,191,217,420,1047,34.440
3917,0,1,0.87,0.87,16,11,24,52.694,245,145,284,1041,35.874
3918,0,1,0.07,0.08,11,9,20,41.727,587,725,137,74,31.656
3919,0,1,0.02,0.02,5,4,16,39.617,286,1233,439,276,38.766
3920,0,1,0.02,0.02,5,3,14,36.489,177,63,200,974,36.452
3921,0,1,0.05,0.05,9,6,22,54.191,51,21,184,1239,49.010
3922,0,1,5.88,5.88,19,16,35,73.435,156,1243,103,397,33.906
3923,0,1,0.77,0.78,16,11,21,48.630,23,1274,520,705,30.220
3924,0,1,0.80,0.81,21,16,34,78.456,171,1337,84,427,36.566
3925,0,1,0.02,0.03,6,6,21,48.845,180,112,269,1328,48.770
3926,0,1,0.03,0.04,7,5,23,57.226,517,310,401,1194,35.663
3927,0,1,0.22,0.22,8,8,17,37.343,169,1318,264,501,32.900
3928,0,1,22.19,22.21,21,13,29,55.175,463,56,389,840,31.499
3929,0,1,0.44,0.44,19,14,27,57.075,284,261,284,1165,36.160
3930,0,1,3.83,3.84,21,17,34,70.612,120,203,214,1290,43.642
3931,0,1,1.35,1.35,9,7,17,36.240,503,137,507,1017,35.200
3932,0,1,11.55,11.56,22,18,32,63.517,164,27,97,1264,49.553
3933,0,1,1.64,1.65,14,12,26,53.776,42,1027,539,311,34.864
3934,0,1,80.77,80.79,20,15,29,53.443,476,187,156,1243,44.137
3935,0,1,8.22,8.23,28,20,33,64.293,618,1157,115,89,47.221
3936,0,1,0.28,0.28,11,8,29,68.156,360,1131,588,56,43.957
3937,0,1,1.63,1.64,14,5,18,45.404,300,1183,142,447,30.111
3938,0,1,0.97,0.98,24,16,37,86.325,612,87,103,694,31.687
3939,0,1,3.81,3.82,16,15,30,59.647,193,1317,606,642,31.653
3940,0,1,0.55,0.56,14,13,22,50.383,56,933,347,196,31.695
3941,0,1,0.02,0.03,5,4,14,34.342,213,255,244,1077,32.903
3942,0,1,5.64,5.65,26,20,40,83.053,40,1332,598,569,37.811
3943,0,1,0.05,0.05,7,6,17,39.201,257,515,289,1332,32.705
3944,0,1,0.55,0.56,16,12,28,66.796,534,469,372,1208,30.262
3945,0,1,2.70,2.71,12,11,27,58.443,156,1286,186,369,36.700
3946,0,1,0.05,0.06,9,6,21,53.818,320,171,309,1240,42.762
3947,0,1,81.07,81.09,22,19,40,84.196,590,42,349,810,32.197
3948,0,1,0.07,0.08,7,7,23,53.123,206,1202,183,205,39.891
3949,0,1,0.09,0.10,11,7,26,66.076,30,45,460,700,31.341
3950,0,1,0.14,0.15,9,5,16,34.437,543,190,462,950,30.572
3951,0,1,5.58,5.59,20,12,30,65.452,498,1314,136,464,36.955
3952,0,1,0.06,0.06,7,4,14,36.458,311,16,188,792,31.428
3953,0,1,9.30,9.31,25,23,40,71.675,283,781,21,61,30.648
3954,0,1,3.75,3.76,20,14,28,60.677,220,1325,554,575,32.840
3955,0,1,0.12,0.13,11,6,25,63.097,495,1146,499,17,45.160
3956,0,1,60.50,60.52,35,22,40,74.513,521,424,593,1327,36.235
3957,0,1,0.38,0.38,14,10,28,65.500,103,443,292,1276,34.167
3958,0,1,0.13,0.14,8,6,21,48.943,99,951,557,309,31.545
3959,0,1,0.17,0.17,11,6,18,40.490,454,1197,521,318,35.262
3960,0,1,0.14,0.15,8,7,18,38.763,211,573,380,1330,31.025
3961,0,1,0.55,0.56,14,13,23,43.788,47,933,402,263,30.330
3962,0,1,0.27,0.28,13,12,25,54.066,609,1020,194,43,42.459
3963,0,1,0.22,0.23,13,7,22,55.058,392,196,269,1246,42.287
3964,0,1,4.70,4.71,11,8,19,38.421,207,151,168,1029,35.155
3965,0,1,0.28,0.29,11,7,26,63.322,617,1316,182,329,43.144
3966,0,1,0.81,0.81,17,17,36,76.934,26,528,461,1329,36.460
3967,0,1,0.72,0.73,16,13,32,69.149,177,1124,128,123,40.088
3968,0,1,0.02,0.03,5,3,16,41.886,181,54,254,1096,41.782
3969,0,1,1.24,1.25,22,15,35,81.870,547,421,141,1203,35.245
3970,0,1,10.66,10.68,30,22,37,79.696,254,198,21,926,30.575
3971,0,1,6.79,6.80,19,14,30,60.915,137,181,568,1143,42.165
3972,0,1,0.17,0.17,9,8,19,42.823,534,1331,296,500,34.576
3973,0,1,1.53,1.54,22,13,31,72.118,205,1335,501,501,35.399
3974,0,1,11.29,11.30,21,15,31,66.271,122,201,594,1324,48.726
3975,0,1,0.16,0.16,10,6,16,35.326,133,133,224,981,34.115
3976,0,1,36.89,36.90,17,14,27,49.112,421,295,199,1363,43.633
3977,0,1,0.19,0.20,12,9,25,58.243,208,1108,215,219,35.561
3978,0,1,0.03,0.04,8,7,25,60.087,302,1288,309,197,43.641
3979,0,1,0.14,0.14,6,5,16,35.018,219,383,328,1176,32.018
3980,0,1,15.42,15.44,32,18,30,59.797,527,1259,591,476,31.424
3981,0,1,0.29,0.30,17,10,29,67.990,586,1323,61,224,48.718
3982,0,1,0.69,0.70,19,14,30,63.453,75,1329,175,339,39.802
3983,0,1,0.47,0.48,13,10,30,68.010,306,1086,612,169,38.668
3984,0,1,0.04,0.04,8,8,20,44.665,351,1100,92,195,37.653
3985,0,1,0.20,0.21,12,7,19,44.104,184,1183,453,375,34.064
3986,0,1,0.05,0.05,9,5,23,57.915,533,433,251,1223,33.553
3987,0,1,0.18,0.19,10,9,19,40.861,86,1316,189,525,31.907
3988,0,1,2.64,2.65,16,13,26,54.916,273,1047,417,194,34.603
3989,0,1,0.13,0.14,13,9,26,59.792,41,203,278,1330,46.066
3990,0,1,0.47,0.47,12,9,23,52.099,420,1278,498,463,32.749
3991,0,1,0.03,0.03,8,7,22,50.664,208,985,510,24,40.293
3992,0,1,13.15,13.16,17,13,30,62.433,94,26,600,1198,51.063
3993,0,1,0.20,0.20,13,10,21,43.424,182,1179,456,305,36.638
3994,0,1,0.02,0.02,6,6,20,46.337,240,1111,472,203,37.487
3995,0,1,0.49,0.50,14,11,27,59.233,147,1314,576,293,44.299
3996,0,1,0.19,0.20,14,12,28,62.111,541,293,334,1320,41.906
3997,0,1,0.03,0.03,7,6,17,40.442,342,253,211,1151,36.300
3998,0,1,0.29,0.30,14,10,23,49.853,324,47,462,892,34.248
3999,0,1,0.06,0.07,8,5,18,44.951,397,1231,189,350,36.209
4000,0,1,4.62,4.64,20,17,32,64.957,588,1286,306,152,46.742
4001,0,1,0.08,0.09,9,6,24,61.417,356,1168,212,131,41.878
4002,0,1,4.45,4.47,24,17,33,72.330,418,1210,21,169,44.565
4003,0,1,0.16,0.17,11,10,27,62.775,469,16,464,979,38.521
4004,0,1,6.28,6.29,24,15,29,57.779,614,1191,596,126,42.606
4005,0,1,0.02,0.02,5,3,15,38.134,266,1278,448,365,37.239
4006,0,0,500.01,500.01,0,0,0,0.000,172,103,602,861,34.859
4007,0,1,0.11,0.12,9,7,22,52.019,383,1210,290,117,43.878
4008,0,1,0.02,0.03,6,5,20,48.113,257,268,393,1100,33.722
4009,0,1,2.50,2.51,23,19,36,69.644,582,1023,391,62,39.192
4010,0,1,2.07,2.08,18,14,26,53.133,590,1194,557,312,35.305
4011,0,1,30.86,30.87,19,13,27,51.508,366,254,456,1341,43.629
4012,0,1,0.23,0.24,12,7,20,44.334,247,454,532,1160,30.454
4013,0,0,500.01,500.01,0,0,0,0.000,610,884,184,86,36.184
4014,0,1,0.72,0.73,17,16,34,73.708,579,1021,452,212,32.756
4015,0,1,23.81,23.83,32,20,37,71.377,423,189,47,1197,43.034
4016,0,1,1.90,1.91,18,14,24,51.758,213,23,557,943,39.288
4017,0,1,0.29,0.30,19,12,27,57.201,141,368,422,1210,35.506
4018,0,1,0.32,0.32,9,8,18,41.888,387,382,278,1333,38.289
4019,0,1,0.32,0.32,11,6,20,48.442,138,1137,123,55,43.284
4020,0,1,0.08,0.09,13,6,23,56.589,353,1256,80,22,50.553
4021,0,1,0.24,0.24,13,7,19,45.312,613,664,108,44,31.986
4022,0,1,0.04,0.05,8,3,18,46.268,196,153,343,1277,45.343
4023,0,1,0.85,0.86,21,16,27,58.702,58,933,616,386,31.256
4024,0,1,0.02,0.03,8,5,17,41.282,189,275,415,1190,37.700
4025,0,1,0.15,0.15,9,7,20,48.430,93,944,65,26,36.737
4026,0,1,3.50,3.51,12,11,23,45.493,64,1207,435,420,34.803
4027,0,1,0.40,0.41,14,13,34,79.585,113,1004,159,49,38.244
4028,0,1,0.08,0.08,7,6,15,32.889,89,89,190,878,31.818
4029,0,1,11.28,11.29,24,14,21,41.089,21,17,549,567,30.497
4030,0,1,14.20,14.21,25,17,26,49.831,93,922,584,293,31.918
4031,0,1,0.03,0.03,8,7,24,55.617,321,238,145,1093,34.917
4032,0,1,0.71,0.72,23,17,41,86.192,57,1319,373,21,53.436
4033,0,1,9.55,9.56,23,20,38,81.181,300,175,436,1281,44.573
4034,0,1,4.57,4.58,24,16,33,72.627,101,521,414,1382,36.645
4035,0,1,13.91,13.92,19,14,31,64.732,507,1189,273,197,40.769
4036,0,1,0.06,0.07,12,9,25,59.259,282,1136,258,39,43.891
4037,0,1,0.02,0.02,5,4,17,40.281,193,302,281,1159,34.460
4038,0,1,0.50,0.51,14,11,26,58.493,336,1329,616,256,44.357
4039,0,1,0.25,0.26,15,11,28,65.674,244,1221,49,195,41.775
4040,0,1,0.02,0.02,5,4,16,39.321,197,204,308,1131,37.345
4041,0,1,21.90,21.92,31,18,37,72.787,95,1275,31,299,39.124
4042,0,1,0.60,0.61,16,11,32,76.884,575,33,433,1020,39.886
4043,0,1,0.24,0.25,16,11,31,69.613,284,1336,561,588,31.906
4044,0,1,0.46,0.47,12,7,24,63.328,56,1322,363,20,53.508
4045,0,1,0.13,0.14,9,8,25,61.089,219,260,251,1186,37.062
4046,0,1,1.74,1.75,25,13,34,78.035,108,175,107,1241,42.640
4047,0,1,0.12,0.13,14,9,24,54.953,343,273,253,1235,38.648
4048,0,1,3.51,3.51,17,14,30,63.767,41,1143,602,99,47.407
4049,0,1,3.70,3.71,21,16,23,41.750,142,138,27,958,33.121
4050,0,1,0.99,1.00,14,11,24,51.195,547,302,270,1090,33.411
4051,0,1,65.27,65.28,16,14,32,66.701,516,375,511,1226,34.041
4052,0,1,31.70,31.71,17,13,30,64.904,362,242,591,1216,40.022
4053,0,1,9.65,9.66,32,20,34,68.607,365,199,612,918,30.410
4054,0,1,0.03,0.04,8,6,22,55.192,187,1185,433,46,46.611
4055,0,1,0.81,0.82,16,13,30,65.678,414,1117,37,239,38.221
4056,0,1,0.11,0.12,15,12,33,77.344,543,39,352,1238,48.565
4057,0,1,13.58,13.59,14,10,24,56.704,191,136,542,1233,46.071
4058,0,1,4.20,4.21,15,11,28,61.019,161,35,542,1215,49.599
4059,0,1,0.26,0.26,8,8,24,52.463,369,1243,399,106,45.496
4060,0,1,0.11,0.11,12,6,23,54.975,559,384,290,1217,35.014
4061,0,1,0.15,0.16,13,10,28,68.439,325,12,516,1153,46.275
4062,0,1,1.88,1.89,19,11,26,58.412,510,1015,139,209,35.491
4063,0,1,0.29,0.30,17,12,30,67.235,416,183,250,1213,41.732
4064,0,1,0.92,0.92,9,8,17,39.472,363,404,273,1171,30.890
4065,0,1,7.39,7.40,20,12,26,51.802,427,371,61,1213,36.724
4066,0,1,7.25,7.26,17,12,31,71.064,118,1220,75,44,47.071
4067,0,1,0.08,0.09,11,7,26,64.414,552,22,349,1198,47.736
4068,0,1,0.10,0.10,10,7,21,50.464,245,905,198,44,34.491
4069,0,1,0.35,0.36,18,10,31,73.937,284,1305,358,52,50.207
4070,0,1,4.60,4.61,16,13,27,57.984,428,1288,125,330,40.191
4071,0,1,0.55,0.56,12,7,17,35.334,41,959,179,157,32.551
4072,0,1,0.41,0.42,9,8,19,41.246,370,976,488,96,35.515
4073,0,1,11.78,11.79,21,14,31,66.609,62,400,445,1260,37.657
4074,0,1,0.91,0.92,14,8,24,54.538,549,1236,173,208,43.784
4075,0,1,0.75,0.76,12,8,17,40.590,250,46,508,775,30.932
4076,0,1,0.31,0.32,14,12,26,53.453,576,383,213,1112,32.575
4077,0,1,10.57,10.58,19,13,30,63.147,425,1373,208,86,52.207
4078,0,1,0.16,0.17,9,7,23,56.153,506,1094,200,125,40.647
4079,0,1,0.42,0.42,16,11,28,64.305,610,101,343,1183,44.578
4080,0,1,0.31,0.31,14,9,21,50.390,296,20,198,965,38.003
4081,0,0,500.01,500.01,0,0,0,0.000,522,1034,618,201,33.541
4082,0,1,10.19,10.20,23,13,28,56.538,41,1333,76,439,35.787
4083,0,1,0.69,0.69,12,7,19,44.565,400,1113,377,175,37.531
4084,0,1,0.02,0.02,6,4,14,32.681,422,446,361,1251,32.292
4085,0,1,0.20,0.20,13,8,21,48.642,405,1026,177,76,39.079
4086,0,1,2.75,2.75,21,12,33,74.561,516,471,420,1371,36.204
4087,0,1,0.02,0.02,6,5,20,47.980,175,161,480,1110,39.872
4088,0,1,11.98,11.99,16,14,29,57.997,442,1351,296,123,49.466
4089,0,1,0.19,0.22,7,7,22,49.737,107,179,138,1114,37.421
4090,0,1,15.05,15.06,29,22,40,79.809,508,371,122,1259,38.731
4091,0,1,0.56,0.57,14,9,19,43.123,540,315,409,1214,36.340
4092,0,1,0.03,0.04,6,4,18,45.991,473,164,287,1273,44.980
4093,0,1,3.69,3.70,18,14,32,66.320,330,1330,82,107,49.916
4094,0,1,6.10,6.11,12,8,18,37.751,184,488,175,1365,35.082
4095,0,1,0.14,0.15,11,8,23,51.291,618,149,390,1097,39.001
4096,0,1,0.01,0.02,4,4,14,33.370,170,430,286,1248,33.047
4097,0,1,0.11,0.11,11,6,24,59.601,333,39,313,1160,44.847
4098,0,1,0.27,0.27,10,9,19,38.248,81,916,231,38,35.629
4099,0,1,0.60,0.61,11,9,24,51.543,361,1136,105,55,44.436
4100,0,1,0.04,0.04,8,5,21,54.344,302,257,456,1162,36.720
4101,0,1,0.31,0.32,13,11,25,57.556,556,379,356,1229,34.928
4102,0,0,500.01,500.01,0,0,0,0.000,352,1270,21,436,35.891
4103,0,1,9.08,9.09,23,14,28,54.041,215,1136,586,261,38.016
4104,0,1,0.06,0.07,6,6,15,34.927,467,536,313,1312,31.645
4105,0,1,0.01,0.01,5,5,17,38.458,244,1181,226,283,35.927
4106,0,1,0.45,0.45,13,8,21,50.664,413,1095,86,188,38.566
4107,0,1,0.17,0.18,16,9,24,55.813,449,1225,424,262,38.533
4108,0,1,0.09,0.10,13,8,22,51.113,469,195,196,1008,34.304
4109,0,1,5.82,5.84,26,18,41,93.769,456,27,124,1224,49.688
4110,0,1,0.04,0.04,6,4,15,37.311,457,244,450,1114,34.801
4111,0,1,0.94,0.94,11,7,18,41.977,281,1041,88,182,35.217
4112,0,1,0.41,0.42,12,11,24,53.700,578,915,42,301,32.602
4113,0,1,0.04,0.04,7,6,22,54.489,336,1304,130,40,51.227
4114,0,1,0.18,0.19,12,9,22,46.987,216,905,479,40,36.164
4115,0,1,18.20,18.21,20,15,27,46.538,208,1176,380,378,32.653
4116,0,1,1.71,1.72,17,12,25,52.780,526,181,407,1367,47.678
4117,0,1,0.66,0.67,15,12,27,58.368,421,941,295,27,36.906
4118,0,1,17.56,17.57,25,18,28,52.793,110,336,76,1204,34.747
4119,0,0,500.02,500.02,0,0,0,0.000,258,343,210,1372,41.205
4120,0,1,0.15,0.16,9,8,27,63.840,449,25,337,1103,43.352
4121,0,1,0.10,0.11,11,8,28,70.892,384,55,444,1225,46.861
4122,0,1,0.13,0.14,10,6,18,44.368,368,954,271,53,36.248
4123,0,1,0.28,0.29,13,6,21,50.936,261,105,336,1163,42.426
4124,0,0,500.01,500.01,0,0,0,0.000,506,1127,251,358,32.407
4125,0,1,3.94,3.95,23,16,36,79.096,380,1253,417,200,42.146
4126,0,1,0.04,0.05,7,6,21,48.547,490,1074,215,311,32.442
4127,0,1,5.85,5.86,16,10,22,50.792,445,192,557,1217,41.244
4128,0,1,40.38,40.40,23,17,31,59.200,499,318,96,1250,40.616
4129,0,1,80.73,80.74,14,14,27,51.756,251,80,260,862,31.282
4130,0,1,0.06,0.07,10,10,25,55.972,342,1193,107,128,43.625
4131,0,1,0.39,0.40,9,6,19,43.991,260,894,358,22,35.100
4132,0,1,0.02,0.03,7,5,15,34.538,290,39,207,832,31.893
4133,0,1,0.01,0.02,5,4,14,33.082,229,1164,171,341,33.002
4134,0,1,0.16,0.17,9,7,19,43.927,402,928,71,183,32.609
4135,0,1,1.43,1.44,13,10,21,47.677,406,50,110,831,33.408
4136,0,1,0.15,0.15,9,8,19,42.169,43,1333,360,644,30.337
4137,0,1,0.78,0.79,12,9,23,53.680,210,1175,431,26,46.802
4138,0,1,1.75,1.75,19,14,30,60.801,175,1316,66,232,43.579
4139,0,1,0.41,0.42,16,13,30,67.463,303,1101,101,218,36.232
4140,0,1,64.02,64.03,20,14,31,61.897,79,360,561,1206,38.947
4141,0,1,0.05,0.06,10,4,17,44.542,236,1053,295,29,41.028
4142,0,1,1.10,1.11,13,7,19,48.507,448,1227,578,483,30.211
4143,0,1,11.09,11.10,23,15,25,56.991,380,36,608,938,37.215
4144,0,1,0.58,0.59,11,9,18,40.755,375,948,294,183,30.771
4145,0,1,0.07,0.07,12,9,29,67.916,395,22,428,1057,41.421
4146,0,1,0.01,0.02,4,2,12,30.822,455,464,426,1234,30.822
4147,0,1,0.07,0.08,12,9,25,59.317,401,1016,273,60,38.581
4148,0,1,0.03,0.03,8,7,26,62.601,119,1154,123,146,40.320
4149,0,1,0.02,0.02,6,4,21,54.532,230,1112,473,23,44.631
4150,0,1,0.07,0.07,9,7,20,51.415,387,106,369,1306,48.005
4151,0,1,1.50,1.52,23,17,39,86.955,272,834,165,48,31.730
4152,0,1,0.06,0.07,9,9,19,40.760,324,1301,437,552,30.299
4153,0,1,1.12,1.13,10,7,17,37.411,352,184,457,962,31.402
4154,0,1,1.14,1.14,9,8,20,42.596,171,117,130,1032,36.637
4155,0,1,15.52,15.53,19,14,26,52.299,618,137,549,944,32.398
4156,0,1,0.42,0.43,10,6,19,47.097,390,199,430,1037,33.558
4157,0,1,0.36,0.37,14,11,23,55.248,301,1106,341,182,36.995
4158,0,1,0.32,0.33,17,9,26,63.534,546,502,284,1283,32.951
4159,0,1,2.04,2.05,31,19,42,95.306,471,1097,519,60,41.524
4160,0,1,0.27,0.27,12,10,23,53.141,359,16,429,933,36.787
4161,0,1,0.07,0.07,8,7,21,47.774,435,878,241,22,35.108
4162,0,1,3.45,3.46,23,17,31,65.519,396,18,229,1268,50.444
4163,0,1,0.10,0.11,12,8,22,52.125,324,1046,199,178,35.078
4164,0,1,0.07,0.08,7,7,22,52.786,325,1246,192,188,42.653
4165,0,1,0.04,0.04,9,9,26,58.393,580,39,274,1089,43.747
4166,0,1,3.05,3.06,16,10,26,57.138,371,1271,68,387,37.379
4167,0,1,1.99,1.99,16,12,23,43.204,198,85,131,844,30.478
4168,0,1,1.12,1.13,19,13,29,62.026,278,1298,605,388,38.679
4169,0,1,0.05,0.05,8,8,23,54.359,614,386,221,1107,32.846
4170,0,1,27.64,27.66,33,17,32,71.064,85,535,540,1268,34.509
4171,0,1,0.19,0.20,13,10,25,58.581,248,26,431,1224,48.476
4172,0,1,1.82,1.82,21,16,27,59.541,42,491,257,1264,32.094
4173,0,1,0.02,0.02,7,6,17,37.389,235,43,251,890,33.886
4174,0,1,0.67,0.67,12,9,21,44.667,463,471,57,1329,37.968
4175,0,1,0.21,0.22,13,10,28,68.103,182,1194,109,181,40.625
4176,0,1,11.76,11.77,24,13,23,47.234,379,390,223,1376,39.931
4177,0,1,0.13,0.14,13,9,28,65.320,199,1119,268,104,40.694
4178,0,1,2.45,2.46,13,9,22,48.690,365,487,55,1199,31.062
4179,0,1,0.64,0.65,14,8,22,54.599,291,1250,533,165,44.466
4180,0,1,4.60,4.60,11,9,23,49.854,199,70,201,1280,48.400
4181,0,1,0.65,0.66,17,11,32,77.325,216,1164,102,37,45.310
4182,0,1,0.10,0.10,8,8,30,72.874,456,1328,364,28,52.130
4183,0,1,2.46,2.47,26,20,39,80.270,147,1204,64,212,39.819
4184,0,0,500.01,500.01,0,0,0,0.000,257,355,308,1254,36.018
4185,0,1,0.26,0.27,13,9,28,65.098,493,1314,208,506,34.272
4186,0,1,0.19,0.20,10,8,22,51.756,596,1332,392,521,33.451
4187,0,1,1.51,1.52,17,12,28,61.980,264,1286,21,395,36.942
4188,0,1,4.48,4.49,14,11,25,51.237,384,144,115,1041,37.459
4189,0,1,3.42,3.42,15,13,35,75.269,600,1135,368,57,44.107
4190,0,1,45.12,45.13,17,11,21,39.689,190,536,488,1315,33.362
4191,0,1,0.85,0.86,15,10,28,62.802,23,1189,496,157,45.409
4192,0,0,500.01,500.01,0,0,0,0.000,375,1072,573,214,35.222
4193,0,1,4.02,4.03,25,18,37,76.014,308,1197,253,87,44.454
4194,0,1,4.39,4.40,19,14,30,64.966,620,1317,104,221,48.456
4195,0,1,0.22,0.23,13,9,26,59.543,279,35,412,1172,45.790
4196,0,1,0.05,0.06,10,8,28,66.531,549,600,276,1305,30.240
4197,0,1,1.14,1.14,15,11,27,61.974,614,160,197,1146,42.822
4198,0,1,1.97,1.98,14,11,23,49.411,429,1316,109,299,42.646
4199,0,1,0.71,0.71,9,7,21,50.516,208,1122,371,184,38.082
4200,0,1,0.02,0.03,9,6,22,51.290,251,1219,244,237,39.281
4201,0,1,0.24,0.25,12,8,22,53.685,305,279,128,1105,33.790
4202,0,1,2.95,2.96,19,11,30,67.612,67,42,506,1060,44.345
4203,0,1,11.46,11.47,26,16,33,68.189,502,1264,383,181,43.581
4204,0,1,2.92,2.93,16,11,25,59.845,340,1118,302,114,40.189
4205,0,1,1.41,1.42,16,6,20,52.463,232,1106,301,210,35.946
4206,0,1,0.26,0.27,9,8,21,47.288,107,193,444,1036,36.315
4207,0,1,0.86,0.86,11,7,18,39.026,428,963,346,168,31.969
4208,0,1,0.50,0.51,15,13,26,54.304,375,1091,92,379,30.647
4209,0,1,0.10,0.10,10,10,30,66.385,412,49,448,1172,44.943
4210,0,1,0.21,0.22,15,11,25,56.532,254,68,423,900,33.960
4211,0,1,0.29,0.29,14,11,26,60.061,539,1235,387,244,40.104
4212,0,1,6.31,6.31,15,11,19,38.765,350,532,456,1380,34.184
4213,0,1,6.17,6.18,25,18,32,68.025,28,30,39,940,36.403
4214,0,1,0.63,0.64,11,10,25,58.683,326,1130,309,24,44.245
4215,0,1,105.63,105.64,24,18,32,59.087,139,248,558,1331,46.449
4216,0,1,0.05,0.05,5,4,14,33.941,191,345,343,1119,31.551
4217,0,1,2.67,2.67,10,8,21,46.369,617,1199,452,174,41.528
4218,0,1,0.08,0.09,12,6,20,50.068,273,191,460,1123,38.023
4219,0,1,0.09,0.10,10,8,24,61.246,194,62,320,1345,51.567
4220,0,1,1.23,1.23,12,10,25,53.941,527,310,137,1089,34.847
4221,0,1,31.20,31.21,24,19,35,65.962,58,1129,559,543,30.839
4222,0,1,6.49,6.50,20,14,32,64.040,238,24,129,1028,40.396
4223,0,1,1.70,1.71,20,13,33,79.397,195,964,120,118,33.973
4224,0,1,0.27,0.28,17,13,36,87.214,183,1356,228,41,52.631
4225,0,1,0.09,0.09,9,8,20,46.677,474,1133,519,174,38.402
4226,0,1,0.33,0.34,19,13,33,79.080,104,29,285,923,36.486
4227,0,1,6.88,6.89,21,13,32,71.288,137,345,429,1292,39.640
4228,0,1,3.66,3.68,27,19,35,75.725,524,1211,89,448,35.132
4229,0,1,3.03,3.05,20,10,26,61.726,28,396,457,1304,40.170
4230,0,1,0.20,0.20,12,9,23,49.291,385,109,419,1222,44.541
4231,0,1,0.18,0.18,12,9,21,48.935,290,1122,613,387,32.114
4232,0,1,0.03,0.03,5,4,15,34.933,195,233,124,1038,32.325
4233,0,1,2.79,2.80,21,14,26,55.132,494,95,64,783,32.453
4234,0,1,0.02,0.02,6,5,19,44.077,246,1227,554,321,38.277
4235,0,1,0.62,0.63,13,9,28,63.626,295,132,280,901,30.766
4236,0,1,5.62,5.63,13,10,27,57.394,176,1315,126,58,50.320
4237,0,1,12.66,12.66,17,11,23,45.737,31,1326,448,613,33.040
4238,0,1,1.62,1.63,14,12,29,61.747,561,390,183,1311,39.822
4239,0,1,0.04,0.04,6,6,17,38.191,326,1325,310,517,32.326
4240,0,1,7.48,7.49,30,21,35,70.176,115,1326,540,556,35.180
4241,0,1,13.71,13.72,31,14,26,52.046,133,396,92,1251,34.239
4242,0,1,0.08,0.09,10,8,23,53.326,342,1092,190,53,42.002
4243,0,1,0.68,0.69,14,9,26,61.683,257,1226,66,390,34.302
4244,0,1,0.50,0.51,13,10,22,45.773,28,1200,179,286,37.056
4245,0,1,0.18,0.18,11,6,21,51.981,138,1029,429,314,30.878
4246,0,1,5.19,5.20,19,13,32,71.278,331,23,210,1380,54.495
4247,0,1,19.90,19.91,21,18,31,61.778,610,370,56,1014,33.980
4248,0,1,11.37,11.38,15,11,19,38.810,262,451,226,1361,36.428
4249,0,1,1.14,1.15,10,8,18,40.971,448,370,618,1132,31.229
4250,0,1,3.08,3.10,35,19,34,71.801,301,107,439,1316,48.674
4251,0,1,2.47,2.48,15,11,24,53.937,448,968,423,37,37.253
4252,0,1,0.07,0.08,8,5,17,39.042,417,1332,459,376,38.277
4253,0,1,0.05,0.06,7,5,17,40.646,535,211,426,1098,35.747
4254,0,1,1.76,1.77,24,14,39,87.354,616,1131,523,21,44.556
4255,0,1,0.30,0.31,12,11,31,71.277,165,1028,284,33,40.084
4256,0,1,2.03,2.03,16,13,33,72.915,131,476,198,1280,32.271
4257,0,1,0.73,0.73,13,9,20,44.831,235,1162,61,371,32.396
4258,0,1,2.40,2.40,15,10,23,46.348,488,1213,389,131,43.461
4259,0,1,0.93,0.93,21,12,26,59.512,339,256,293,1346,43.639
4260,0,1,0.05,0.05,6,6,22,50.548,413,1179,121,228,39.793
4261,0,1,0.92,0.93,18,12,31,74.240,45,1322,130,219,44.251
4262,0,1,0.73,0.74,9,8,17,36.174,495,1269,366,512,30.717
4263,0,1,79.08,79.10,37,21,38,66.776,358,14,497,1273,50.666
4264,0,1,0.04,0.04,6,6,18,42.965,277,1223,456,246,39.730
4265,0,1,28.69,28.70,12,11,23,46.215,566,672,173,1332,30.726
4266,0,1,1.88,1.90,21,18,39,85.621,616,101,28,664,32.563
4267,0,1,0.09,0.09,9,9,23,51.193,288,1245,407,267,39.409
4268,0,1,2.99,3.00,21,13,31,72.585,361,411,43,1312,38.219
4269,0,1,6.31,6.32,17,15,31,61.505,230,1277,400,113,47.054
4270,0,1,0.01,0.02,6,5,17,40.638,333,1345,456,399,38.159
4271,0,1,2.99,2.99,14,9,20,40.672,458,928,220,140,32.926
4272,0,1,0.02,0.02,6,4,15,39.003,424,330,470,1139,32.412
4273,0,1,0.28,0.28,9,9,23,51.464,416,1167,602,96,43.481
4274,0,1,5.17,5.18,17,10,22,46.439,392,448,431,1307,34.395
4275,0,1,1.13,1.14,14,13,26,55.491,431,1365,526,436,37.354
4276,0,1,3.85,3.86,24,17,34,66.764,573,1321,557,545,31.047
4277,0,0,500.02,500.02,0,0,0,0.000,512,1232,307,361,35.792
4278,0,1,0.83,0.84,13,8,25,59.385,113,1217,204,283,37.537
4279,0,1,0.07,0.08,9,6,21,47.840,481,1139,217,122,42.028
4280,0,1,2.53,2.54,16,10,22,45.897,538,332,227,1220,37.635
4281,0,1,0.21,0.21,11,8,27,63.618,354,1255,470,445,32.731
4282,0,1,0.55,0.56,15,12,30,66.342,476,1114,32,46,46.265
4283,0,1,0.54,0.54,14,7,24,58.166,516,186,207,1221,43.206
4284,0,1,0.14,0.14,13,8,18,40.876,182,1351,269,537,32.745
4285,0,1,0.42,0.43,15,9,28,66.417,321,201,335,1045,33.765
4286,0,1,0.57,0.58,12,12,28,64.158,313,1045,397,40,40.340
4287,0,1,23.22,23.23,21,14,29,58.235,41,492,223,1372,35.945
4288,0,1,47.38,47.40,22,19,37,71.624,113,378,208,1362,39.543
4289,0,1,0.29,0.30,10,7,21,50.422,501,1065,386,244,33.161
4290,0,0,500.01,500.01,0,0,0,0.000,412,1195,268,346,34.445
4291,0,1,1.76,1.77,17,14,30,59.479,330,1298,540,511,32.581
4292,0,1,1.48,1.49,10,9,21,44.550,442,1294,204,495,33.348
4293,0,1,0.73,0.74,14,10,27,64.327,441,1379,457,214,46.604
4294,0,1,0.01,0.02,5,3,15,39.168,189,314,269,1288,39.091
4295,0,1,0.29,0.30,12,10,28,66.042,413,1186,144,34,47.320
4296,0,1,0.06,0.07,8,5,19,46.961,256,1234,498,143,44.701
4297,0,1,33.91,33.92,21,13,29,63.128,307,152,548,1228,44.106
4298,0,1,0.64,0.64,10,7,18,43.371,176,264,391,1067,33.251
4299,0,1,0.74,0.75,15,10,25,55.732,349,1265,210,118,46.216
4300,0,1,0.45,0.46,10,9,30,72.323,616,394,316,1093,30.426
4301,0,1,0.10,0.11,6,5,14,33.001,261,895,195,126,30.873
4302,0,1,0.04,0.05,7,7,25,59.319,210,66,405,1186,45.474
4303,0,1,7.64,7.65,17,15,29,56.533,404,170,230,1290,45.337
4304,0,1,0.28,0.28,11,8,22,54.203,134,374,456,1217,36.096
4305,0,1,1.63,1.63,23,13,29,63.788,145,200,407,1092,37.187
4306,0,1,0.12,0.13,11,11,24,52.103,350,268,346,1071,32.120
4307,0,1,0.37,0.38,9,7,20,44.190,433,1292,411,240,42.089
4308,0,1,14.45,14.46,23,20,39,75.345,497,1320,39,601,34.099
4309,0,1,3.26,3.27,14,11,27,57.455,91,314,490,1247,40.589
4310,0,1,0.06,0.06,7,7,20,46.132,400,239,318,1194,38.341
4311,0,1,0.05,0.06,6,4,16,39.281,345,1122,471,171,38.372
4312,0,1,0.04,0.04,7,6,17,40.026,281,1162,222,237,37.075
4313,0,1,2.90,2.92,25,19,31,60.966,95,1202,543,488,33.716
4314,0,1,35.22,35.23,13,11,32,69.019,114,425,94,1235,32.410
4315,0,1,0.03,0.03,5,5,17,39.262,323,1217,466,265,38.507
4316,0,1,20.57,20.58,33,24,40,66.291,28,1286,133,535,30.332
4317,0,1,0.84,0.85,19,12,25,59.171,288,239,180,1163,37.212
4318,0,1,0.63,0.64,20,15,28,58.975,122,959,224,39,37.025
4319,0,1,3.36,3.36,16,10,25,58.408,209,1236,499,521,30.863
4320,0,1,0.27,0.28,12,10,29,67.839,346,1267,452,34,49.502
4321,0,1,0.04,0.04,8,7,25,57.985,264,1168,218,58,44.438
4322,0,1,11.03,11.05,22,15,33,72.277,128,484,183,1353,34.830
4323,0,1,1.60,1.61,17,12,31,69.031,297,929,529,57,36.093
4324,0,1,1.23,1.24,21,14,32,74.655,595,248,128,1205,42.595
4325,0,1,0.05,0.05,6,5,14,32.795,161,1076,209,304,30.940
4326,0,1,0.04,0.05,9,7,26,61.508,35,184,241,1042,35.295
4327,0,1,0.07,0.07,6,6,18,40.970,81,227,253,1156,37.792
4328,0,1,36.27,36.29,37,22,49,103.618,542,47,587,943,35.885
4329,0,1,0.17,0.17,12,9,23,52.760,100,200,393,1074,36.872
4330,0,1,0.21,0.21,10,9,19,38.477,505,1326,377,528,32.328
4331,0,1,20.14,20.14,13,10,26,54.182,207,116,191,1352,49.444
4332,0,1,4.40,4.40,21,11,26,56.731,403,90,596,1318,49.723
4333,0,1,12.80,12.81,15,10,22,44.886,340,525,95,1275,31.560
4334,0,1,1.79,1.80,15,12,30,66.921,200,1235,177,63,46.889
4335,0,1,0.29,0.30,10,10,23,51.905,125,1194,492,301,38.619
4336,0,1,52.03,52.04,21,13,28,55.446,373,160,202,1350,48.089
4337,0,1,15.47,15.49,26,17,24,45.075,143,139,50,930,31.858
4338,0,1,0.16,0.16,10,7,23,56.224,330,253,517,997,30.686
4339,0,1,0.91,0.92,15,11,24,54.352,367,1341,100,329,41.865
4340,0,1,2.75,2.76,12,10,27,55.108,350,1216,55,374,35.687
4341,0,0,500.01,500.01,0,0,0,0.000,485,988,575,197,31.844
4342,0,1,9.09,9.10,21,12,28,62.984,377,1283,103,554,31.152
4343,0,1,58.55,58.57,27,24,35,60.958,174,271,22,1277,40.697
4344,0,1,0.75,0.76,10,9,22,47.140,345,205,320,1113,36.334
4345,0,1,0.17,0.18,10,6,20,49.482,178,275,243,1136,34.538
4346,0,1,2.59,2.60,22,11,29,66.818,593,1207,277,210,41.835
4347,0,1,0.21,0.21,13,9,25,57.960,461,542,571,1335,32.024
4348,0,1,0.82,0.83,21,14,34,79.943,356,185,362,1252,42.681
4349,0,1,0.03,0.04,9,8,25,58.072,341,1329,301,496,33.358
4350,0,1,92.26,92.27,14,9,21,39.100,429,350,510,1257,36.424
4351,0,1,0.11,0.12,13,11,27,62.335,504,1074,499,174,36.001
4352,0,1,0.23,0.24,13,9,28,68.415,64,601,343,1304,30.254
4353,0,1,0.70,0.71,17,12,28,59.892,55,1210,582,163,46.886
4354,0,1,0.15,0.16,10,9,19,43.110,120,17,184,956,37.647
4355,0,1,3.01,3.01,14,10,22,45.188,426,1142,533,388,30.462
4356,0,1,2.74,2.75,24,15,26,50.080,135,438,348,1279,34.702
4357,0,1,20.73,20.75,29,17,29,55.167,90,414,582,1011,30.944
4358,0,1,0.08,0.08,9,7,21,49.131,310,169,399,1235,42.788
4359,0,1,19.27,19.28,17,12,25,48.059,236,521,105,1277,30.691
4360,0,1,4.89,4.90,23,19,35,64.880,564,1313,127,472,37.910
4361,0,0,500.01,500.01,0,0,0,0.000,313,45,608,858,34.595
4362,0,1,1.74,1.75,17,15,32,64.835,505,134,83,988,38.103
4363,0,1,0.50,0.51,18,14,28,59.349,124,349,375,1289,38.917
4364,0,1,0.79,0.80,17,13,27,54.884,494,1153,76,215,41.077
4365,0,1,6.04,6.05,21,15,28,56.943,418,1287,23,295,42.710
4366,0,1,0.10,0.11,7,6,22,49.843,347,1308,537,211,44.533
4367,0,1,3.62,3.63,19,14,32,72.724,251,25,602,1198,48.976
4368,0,1,2.28,2.29,27,16,34,74.580,53,575,339,1330,32.294
4369,0,1,11.66,11.66,11,10,19,40.147,201,600,559,1328,32.451
4370,0,1,0.33,0.34,10,8,23,54.884,247,843,212,42,32.071
4371,0,1,0.85,0.86,18,15,29,63.590,143,187,348,1140,38.992
4372,0,1,0.06,0.06,9,7,17,38.352,129,220,243,1110,35.891
4373,0,1,0.92,0.92,13,9,23,48.483,144,1221,520,319,39.089
4374,0,1,1.13,1.13,12,9,22,52.157,136,988,554,331,31.148
4375,0,1,1.61,1.61,15,13,23,46.787,46,919,605,146,38.158
4376,0,1,0.05,0.06,7,5,17,41.224,193,16,171,965,37.970
4377,0,1,0.68,0.68,12,10,23,49.036,337,1219,385,119,44.042
4378,0,1,105.11,105.12,22,17,34,66.245,561,37,253,839,34.364
4379,0,1,0.12,0.13,7,6,20,46.453,376,1272,472,209,42.693
4380,0,1,0.05,0.05,8,4,14,33.095,103,806,216,29,31.407
4381,0,1,0.12,0.13,10,7,24,60.680,250,174,322,1254,43.296
4382,0,1,1.39,1.40,16,10,30,69.584,495,1111,104,467,30.136
4383,0,1,0.04,0.04,8,7,24,56.424,95,138,281,1153,41.276
4384,0,1,35.00,35.01,22,20,38,64.973,133,476,580,1193,33.797
4385,0,1,0.20,0.21,14,8,26,61.946,472,1114,271,277,34.432
4386,0,1,4.46,4.47,14,12,29,61.461,26,1316,461,254,45.905
4387,0,1,0.07,0.07,7,6,17,38.553,441,1159,188,402,31.926
4388,0,1,0.89,0.90,14,10,21,48.127,414,766,66,42,32.132
4389,0,0,500.01,500.01,0,0,0,0.000,580,881,533,56,33.054
4390,0,1,0.41,0.42,15,12,30,70.592,616,581,257,1305,32.325
4391,0,1,0.06,0.07,12,8,25,58.991,62,232,471,1146,40.054
4392,0,1,0.10,0.10,10,7,24,56.125,86,22,145,1116,43.824
4393,0,1,1.35,1.35,16,12,24,52.593,337,826,332,60,30.641
4394,0,1,0.71,0.72,10,9,19,41.842,99,36,586,665,31.820
4395,0,1,1.26,1.27,25,15,37,84.588,47,1022,266,111,37.478
4396,0,1,0.05,0.06,9,6,22,55.625,529,57,183,1012,40.630
4397,0,1,0.05,0.06,8,6,24,57.097,61,201,318,1272,44.056
4398,0,1,0.04,0.05,7,6,22,56.455,494,1155,202,143,42.131
4399,0,1,43.28,43.30,26,18,35,70.816,449,61,458,1323,50.481
4400,0,1,0.64,0.65,13,10,21,45.786,178,320,522,1011,30.876
4401,0,1,6.63,6.64,15,13,27,53.562,140,1235,443,301,39.277
4402,0,1,0.68,0.69,16,12,25,58.360,506,1268,185,115,47.874
4403,0,1,0.18,0.18,12,8,21,49.265,512,216,485,1155,37.576
4404,0,1,0.02,0.02,6,4,14,34.329,456,481,353,1304,33.177
4405,0,1,0.54,0.54,14,11,30,65.191,381,1109,189,46,43.208
4406,0,1,0.53,0.53,14,11,27,54.919,362,1315,101,499,34.269
4407,0,1,1.57,1.58,19,15,33,74.109,264,1090,333,170,36.903
4408,0,1,3.12,3.12,15,12,25,53.055,404,174,441,1376,48.103
4409,0,1,0.11,0.11,12,10,26,57.926,316,36,258,1148,44.540
4410,0,1,7.10,7.10,14,10,22,43.896,456,282,441,1370,43.524
4411,0,1,0.04,0.04,9,7,23,56.898,43,15,271,1312,52.676
4412,0,1,0.28,0.28,15,13,28,58.356,554,934,529,172,30.496
4413,0,1,46.23,46.25,26,14,32,64.257,121,303,150,1281,39.137
4414,0,1,0.07,0.08,7,6,19,47.314,436,1094,73,293,35.177
4415,0,1,5.25,5.26,26,16,36,83.018,596,60,419,1384,53.431
4416,0,1,23.92,23.94,19,13,20,36.073,269,489,157,1270,31.560
4417,0,1,37.14,37.16,21,15,39,82.264,576,41,544,1321,51.216
4418,0,1,0.04,0.05,7,5,20,48.782,224,1214,243,23,47.646
4419,0,1,0.97,0.98,14,11,27,58.664,166,1041,544,237,35.537
4420,0,1,1.47,1.48,17,13,21,46.240,30,612,524,23,30.749
4421,0,1,0.44,0.45,18,12,32,73.656,604,16,281,1058,43.637
4422,0,1,15.66,15.67,20,17,33,66.509,355,37,84,1323,52.570
4423,0,1,0.21,0.22,12,8,24,56.282,565,350,321,1242,36.991
4424,0,1,34.43,34.44,16,12,24,43.425,443,482,99,1280,34.760
4425,0,1,0.53,0.54,14,14,29,65.926,359,1058,284,192,34.770
4426,0,1,0.30,0.31,8,7,19,43.352,491,208,364,1076,35.090
4427,0,1,1.82,1.82,9,8,19,43.531,432,373,595,1140,31.365
4428,0,1,0.02,0.03,4,4,15,33.613,463,1036,456,196,33.601
4429,0,1,0.04,0.05,7,6,20,46.815,415,1192,179,293,37.178
4430,0,1,0.29,0.30,8,6,17,39.971,235,1082,61,190,36.352
4431,0,1,0.36,0.37,14,9,23,52.897,292,1173,548,391,32.913
4432,0,1,0.45,0.45,10,7,19,46.052,457,925,270,13,37.239
4433,0,1,118.74,118.76,25,19,34,62.458,510,296,54,1124,37.810
4434,0,1,0.26,0.27,11,8,20,46.375,237,1003,115,50,38.431
4435,0,1,0.02,0.02,4,2,12,30.814,176,27,199,797,30.814
4436,0,1,0.08,0.09,9,7,22,52.822,503,1160,460,287,34.962
4437,0,1,0.08,0.09,9,7,25,61.020,226,23,419,952,37.953
4438,0,1,0.89,0.90,13,10,20,40.739,475,994,114,307,31.043
4439,0,1,0.39,0.40,18,14,28,61.762,474,200,234,1029,34.522
4440,0,1,71.91,71.92,13,12,25,47.305,434,163,525,1224,42.596
4441,0,1,0.07,0.08,7,5,17,41.381,299,1195,364,277,36.812
4442,0,1,13.19,13.21,21,14,36,80.660,34,61,495,1079,44.701
4443,0,1,0.09,0.10,11,6,22,53.049,433,271,427,1132,34.441
4444,0,1,1.07,1.09,16,11,31,68.655,447,1218,123,144,44.872
4445,0,1,0.71,0.71,8,8,17,34.745,130,159,216,973,32.741
4446,0,1,0.67,0.68,12,11,23,47.106,503,1318,174,553,33.310
4447,0,1,1.98,1.98,15,11,27,56.083,255,1124,392,159,38.987
4448,0,1,86.72,86.74,25,15,30,59.360,596,113,430,1372,50.796
4449,0,1,0.83,0.84,12,8,21,48.456,222,1104,99,52,42.367
4450,0,1,2.45,2.45,15,12,27,59.361,260,1026,267,193,33.321
4451,0,1,0.10,0.10,8,6,17,39.794,70,958,178,184,31.260
4452,0,1,0.02,0.03,6,3,13,35.570,218,162,261,1028,34.683
4453,0,1,22.25,22.26,14,10,25,52.307,187,225,514,1194,40.908
4454,0,1,1.90,1.91,21,13,29,62.260,532,261,295,1042,32.647
4455,0,1,0.29,0.30,14,10,27,66.996,398,1047,589,36,41.155
4456,0,1,0.18,0.19,11,9,27,67.446,490,1072,484,17,42.201
4457,0,1,75.72,75.73,20,16,26,44.503,423,406,618,1136,30.224
4458,0,1,0.39,0.40,12,10,26,61.259,534,1155,84,91,46.210
4459,0,1,5.41,5.42,25,18,38,79.064,183,1354,89,538,32.856
4460,0,1,0.05,0.06,5,5,14,31.546,174,236,183,994,30.322
4461,0,1,7.87,7.87,17,13,24,48.894,38,223,579,958,36.505
4462,0,0,500.01,500.01,0,0,0,0.000,192,107,599,869,34.555
4463,0,1,9.10,9.13,26,20,40,79.593,446,1333,423,309,40.970
4464,0,1,0.12,0.13,6,5,18,42.834,164,58,224,897,33.646
4465,0,1,0.02,0.03,5,4,15,35.041,329,1266,357,499,30.700
4466,0,1,0.08,0.09,8,8,23,52.048,259,1197,466,390,33.325
4467,0,1,21.60,21.61,22,17,36,67.424,251,183,80,1286,44.647
4468,0,1,2.26,2.27,19,13,29,61.034,344,1263,284,129,45.423
4469,0,1,0.09,0.09,10,8,31,76.106,530,608,436,1365,30.513
4470,0,1,0.04,0.05,7,6,16,37.029,217,854,318,49,32.452
4471,0,1,0.18,0.19,13,9,22,53.311,129,817,485,18,34.989
4472,0,1,0.12,0.13,9,9,25,55.669,106,47,480,1162,47.042
4473,0,1,0.86,0.87,13,7,17,40.512,312,906,619,139,33.046
4474,0,0,500.02,500.02,0,0,0,0.000,368,13,617,864,35.467
4475,0,1,0.19,0.20,9,7,21,49.096,528,185,375,1204,41.217
4476,0,1,0.38,0.39,12,11,26,57.676,336,13,428,798,31.615
4477,0,1,20.62,20.64,18,16,30,57.260,304,160,485,1085,37.702
4478,0,1,0.04,0.05,7,5,20,46.862,206,106,283,1270,46.662
4479,0,1,1.33,1.34,19,16,35,77.454,566,1202,46,12,51.946
4480,0,1,1.17,1.18,26,20,38,79.562,511,946,258,95,35.512
4481,0,1,4.24,4.25,21,16,32,64.820,540,888,581,22,34.679
4482,0,1,1.53,1.54,21,16,32,72.192,602,1131,258,182,40.377
4483,0,1,4.94,4.95,25,17,27,55.919,475,25,43,959,41.163
4484,0,1,64.80,64.81,31,21,39,71.507,65,1195,124,113,43.344
4485,0,1,0.10,0.10,7,4,14,32.143,418,1035,402,257,31.127
4486,0,1,0.09,0.09,8,6,19,45.142,319,1078,221,239,33.788
4487,0,1,53.45,53.46,16,13,23,43.290,289,1312,373,453,34.524
4488,0,1,1.56,1.57,21,15,33,72.206,389,1236,491,13,49.090
4489,0,1,0.03,0.04,5,4,13,33.005,318,1098,180,328,31.291
4490,0,1,1.65,1.66,23,20,36,75.462,130,962,395,202,32.195
4491,0,1,3.74,3.75,26,12,28,59.056,189,875,445,51,34.514
4492,0,1,0.84,0.85,15,11,26,59.476,87,1188,424,25,48.434
4493,0,1,0.02,0.02,5,4,18,45.614,206,156,346,1263,44.633
4494,0,1,1.25,1.26,19,11,26,56.261,73,198,327,962,32.205
4495,0,1,2.18,2.19,19,14,30,68.125,264,1344,99,119,49.442
4496,0,1,20.95,20.96,13,10,26,56.899,176,71,441,1262,48.805
4497,0,1,0.07,0.07,7,6,16,38.535,439,1089,281,286,32.736
4498,0,1,0.75,0.76,13,13,24,50.575,37,927,389,128,34.924
4499,0,1,12.93,12.94,25,20,37,73.266,561,549,471,1319,31.010
4500,0,1,0.18,0.18,14,13,29,60.674,257,40,253,1035,39.800
4501,0,1,0.07,0.07,8,5,15,38.743,508,1131,411,242,35.771
4502,0,1,0.08,0.09,9,9,25,58.974,188,841,57,47,32.189
4503,0,1,9.47,9.48,18,12,26,55.510,275,273,496,1320,42.803
4504,0,1,5.19,5.20,16,12,25,48.882,343,1322,140,428,36.670
4505,0,1,1.46,1.47,11,8,19,40.331,377,1058,397,162,35.849
4506,0,1,0.15,0.16,9,7,17,41.211,444,1141,512,180,38.536
4507,0,1,0.08,0.09,9,5,19,46.183,217,360,144,1124,30.699
4508,0,1,1.65,1.66,18,9,19,41.497,193,120,518,804,30.291
4509,0,1,4.10,4.11,11,9,27,58.624,227,1271,178,330,37.691
4510,0,1,0.44,0.45,9,7,21,46.869,286,1244,42,185,43.470
4511,0,1,25.59,25.60,26,19,29,52.333,278,502,123,1324,33.459
4512,0,1,0.28,0.29,14,11,31,70.657,579,1013,440,272,30.157
4513,0,1,1.53,1.55,21,13,30,68.323,454,976,521,61,36.698
4514,0,0,500.01,500.01,0,0,0,0.000,290,1198,604,210,41.468
4515,0,1,0.29,0.30,12,9,23,51.490,342,32,239,1052,41.007
4516,0,1,0.55,0.56,15,8,19,45.483,108,47,430,758,31.221
4517,0,1,0.31,0.32,15,10,27,65.892,417,1026,610,29,40.620
4518,0,1,61.76,61.77,19,13,31,65.291,476,40,85,1196,48.813
4519,0,1,2.89,2.90,21,17,25,44.638,85,327,577,912,30.576
4520,0,1,13.26,13.28,24,13,30,65.666,128,397,449,1372,41.059
4521,0,1,0.25,0.27,14,10,31,76.292,191,1146,480,62,44.875
4522,0,1,0.02,0.03,6,4,14,30.697,420,518,369,1275,30.349
4523,0,1,33.22,33.23,12,12,24,44.923,469,400,94,1317,39.629
4524,0,1,0.09,0.10,10,8,22,47.692,205,311,265,1144,33.406
4525,0,1,8.98,8.99,21,15,30,62.986,110,1318,174,279,41.639
4526,0,1,0.22,0.23,14,11,26,54.213,171,1105,542,416,31.301
4527,0,1,6.54,6.55,24,15,38,86.898,538,326,40,1190,39.890
4528,0,1,4.23,4.24,20,13,29,55.213,283,285,522,1284,41.088
4529,0,1,0.15,0.16,13,6,20,53.851,451,1078,122,63,42.680
4530,0,1,0.06,0.06,8,5,14,33.902,281,1172,457,422,30.815
4531,0,1,0.04,0.05,10,9,27,63.858,194,28,350,918,36.143
4532,0,1,0.03,0.03,10,7,24,56.920,344,1262,304,254,40.352
4533,0,1,0.76,0.77,17,12,23,44.900,501,327,117,1042,32.464
4534,0,1,0.94,0.94,12,10,29,64.318,432,1269,427,437,33.281
4535,0,1,0.03,0.03,7,6,24,55.806,140,244,148,1135,35.641
4536,0,1,0.34,0.34,10,8,18,38.275,348,899,506,109,32.226
4537,0,1,0.02,0.02,4,3,14,35.841,433,450,201,1232,32.628
4538,0,1,0.87,0.88,13,8,18,39.609,445,960,577,157,32.551
4539,0,1,1.10,1.10,16,11,27,59.766,230,1139,514,93,43.355
4540,0,0,500.01,500.01,0,0,0,0.000,618,193,389,1156,39.594
4541,0,1,27.28,27.29,17,13,33,71.618,223,41,540,1230,49.221
4542,0,1,5.55,5.56,22,15,27,56.005,569,261,488,1263,40.211
4543,0,1,9.61,9.62,15,13,28,60.423,54,13,86,1188,47.017
4544,0,1,0.02,0.02,4,3,13,32.834,173,868,172,51,32.680
4545,0,1,0.08,0.08,8,6,18,41.323,532,189,401,1085,36.221
4546,0,1,0.03,0.03,5,4,15,36.278,201,413,343,1292,35.616
4547,0,1,0.35,0.36,10,9,23,52.079,230,1292,412,176,45.230
4548,0,1,7.75,7.76,25,15,36,79.397,276,124,545,1331,49.464
4549,0,1,0.35,0.36,10,8,19,43.982,567,1008,258,242,33.039
4550,0,1,0.06,0.06,8,5,19,46.448,473,179,215,1165,40.768
4551,0,1,0.05,0.06,9,6,20,50.852,352,1209,255,169,41.781
4552,0,1,0.89,0.89,15,13,26,56.582,539,1270,443,421,34.176
4553,0,1,3.65,3.66,13,8,21,47.311,219,316,520,1203,37.467
4554,0,1,44.84,44.85,20,16,26,49.067,395,363,134,1196,34.917
4555,0,1,0.64,0.65,12,9,21,45.051,121,332,456,1144,35.136
4556,0,1,0.06,0.06,7,7,21,46.219,128,143,319,1084,38.408
4557,0,1,0.04,0.05,8,6,22,53.923,82,228,331,1195,39.942
4558,0,1,0.37,0.37,12,8,20,45.826,140,16,552,658,30.513
4559,0,1,0.03,0.04,12,8,28,68.661,393,37,430,1147,44.425
4560,0,1,2.32,2.32,19,15,30,61.991,177,1385,465,170,49.947
4561,0,1,0.15,0.15,11,8,21,51.725,299,1241,130,102,46.059
4562,0,1,0.72,0.72,8,7,19,44.065,594,152,315,919,32.647
4563,0,1,2.39,2.41,24,18,42,87.625,527,32,227,1338,53.601
4564,0,1,0.10,0.11,9,7,18,43.089,585,167,229,888,32.164
4565,0,1,1.60,1.62,19,16,38,92.062,31,1209,65,190,40.783
4566,0,1,5.89,5.90,21,10,26,58.494,51,206,508,1259,45.916
4567,0,1,0.05,0.06,7,5,19,47.508,241,1110,48,20,44.278
4568,0,1,1.25,1.26,21,20,29,48.936,603,913,217,98,36.072
4569,0,1,0.01,0.02,5,3,15,38.136,296,1336,207,393,37.888
4570,0,1,0.43,0.43,14,9,24,54.567,370,1240,116,190,43.211
4571,0,1,0.07,0.07,8,7,20,48.012,365,22,193,770,30.701
4572,0,1,0.73,0.75,23,18,40,90.616,329,57,506,846,32.344
4573,0,1,0.56,0.57,10,9,23,55.727,82,1207,440,320,38.261
4574,0,1,0.04,0.05,9,6,24,59.814,83,324,228,1117,32.246
4575,0,0,500.01,500.01,0,0,0,0.000,576,879,471,46,33.584
4576,0,1,0.12,0.12,8,8,20,45.001,203,1290,464,309,40.605
4577,0,0,500.01,500.01,0,0,0,0.000,283,316,375,1206,35.790
4578,0,1,0.70,0.72,13,11,26,61.540,260,153,160,1106,38.329
4579,0,1,4.54,4.55,22,15,22,38.458,511,152,579,947,31.916
4580,0,1,41.54,41.55,28,20,35,67.608,264,20,506,875,35.544
4581,0,1,0.11,0.12,10,10,26,58.794,402,1085,126,172,38.152
4582,0,1,1.85,1.86,21,15,32,64.359,616,1194,107,349,39.458
4583,0,1,0.04,0.05,9,8,23,50.124,543,1313,348,254,43.072
4584,0,1,0.31,0.31,15,10,27,62.416,26,173,418,904,33.179
4585,0,1,0.16,0.17,11,8,21,50.959,398,169,193,941,31.950
4586,0,1,1.93,1.94,23,14,34,79.246,204,1267,529,61,49.961
4587,0,1,9.28,9.29,15,13,27,56.512,260,126,439,1328,48.610
4588,0,1,1.06,1.06,19,11,32,68.676,173,1050,61,32,40.966
4589,0,1,0.11,0.11,9,7,22,55.222,574,303,284,1235,39.043
4590,0,1,0.04,0.04,9,6,20,51.134,540,18,192,872,36.887
4591,0,1,1.35,1.36,19,15,31,69.179,404,59,607,819,31.466
4592,0,1,0.05,0.05,7,5,21,53.423,346,1250,106,307,38.922
4593,0,1,36.49,36.50,28,19,34,62.992,202,289,142,1259,38.874
4594,0,1,1.38,1.39,12,12,26,54.596,522,1226,416,253,39.150
4595,0,1,0.06,0.06,8,8,20,43.359,345,1283,307,494,31.597
4596,0,1,0.03,0.03,8,6,28,68.340,322,1333,605,24,53.570
4597,0,1,0.16,0.17,9,8,18,39.520,133,1030,123,242,31.523
4598,0,1,0.11,0.11,10,8,20,47.993,367,1102,173,358,30.755
4599,0,1,0.71,0.72,9,8,24,52.594,549,954,472,196,30.476
4600,0,1,0.85,0.85,10,9,22,47.758,291,1282,138,351,37.740
4601,0,1,16.35,16.36,19,15,28,51.979,361,242,228,1311,43.090
4602,0,1,0.52,0.52,16,8,22,54.063,146,1155,287,188,39.089
4603,0,1,0.60,0.61,16,10,30,69.301,508,1326,23,21,55.688
4604,0,1,0.05,0.05,6,6,16,34.761,434,1029,507,200,33.288
4605,0,1,1.18,1.19,20,17,26,50.061,133,938,540,229,32.701
4606,0,1,3.40,3.41,17,11,21,45.797,113,105,514,800,32.096
4607,0,1,9.53,9.54,22,16,34,68.408,118,467,504,1224,33.989
4608,0,1,5.15,5.15,14,8,22,48.778,349,1273,128,424,35.092
4609,0,1,0.07,0.07,9,9,26,59.350,69,12,440,1081,45.262
4610,0,1,4.72,4.73,13,9,23,52.086,613,1329,382,280,42.965
4611,0,1,1.65,1.66,18,13,28,60.576,450,1125,262,121,40.858
4612,0,1,0.03,0.03,7,6,18,42.498,465,252,341,1292,41.895
4613,0,1,0.07,0.08,11,9,27,66.524,238,43,457,908,35.692
4614,0,1,1.93,1.93,15,12,28,60.052,423,1168,98,444,31.744
4615,0,1,9.05,9.06,19,11,20,45.775,328,524,223,1301,31.362
4616,0,1,0.07,0.07,8,5,19,49.304,48,41,276,1053,41.495
4617,0,1,0.03,0.03,8,7,23,53.199,218,102,465,1007,37.524
4618,0,1,0.18,0.18,11,8,22,50.426,323,1218,299,248,38.812
4619,0,1,4.89,4.90,16,11,23,44.911,535,646,163,1312,30.514
4620,0,1,0.25,0.25,7,5,17,41.242,487,155,381,1165,40.622
4621,0,1,0.03,0.05,7,5,19,48.428,81,325,406,1085,33.063
4622,0,0,500.01,500.01,0,0,0,0.000,57,1021,589,193,39.367
4623,0,1,0.12,0.12,7,7,19,42.071,201,158,190,993,33.403
4624,0,1,1.19,1.19,14,11,25,53.303,599,95,358,1216,45.865
4625,0,1,0.02,0.02,6,6,21,49.172,271,1260,179,59,48.181
4626,0,1,4.96,4.97,14,10,26,62.250,571,1322,425,244,43.514
4627,0,1,23.19,23.21,36,24,41,81.060,145,439,517,1246,35.545
4628,0,1,2.30,2.31,17,15,33,70.097,229,1294,134,166,45.280
4629,0,1,3.94,3.95,11,9,23,47.919,451,1307,212,469,34.857
4630,0,1,0.22,0.23,10,9,24,56.567,422,1189,130,97,45.215
4631,0,1,6.92,6.93,16,8,19,40.432,266,1225,350,377,34.086
4632,0,1,0.08,0.08,7,6,22,55.589,311,1337,118,35,52.649
4633,0,1,0.57,0.58,11,8,19,42.239,143,252,133,1143,35.642
4634,0,1,17.94,17.95,20,13,30,69.179,116,116,212,1298,47.436
4635,0,1,0.27,0.27,13,12,26,56.558,163,1042,509,207,36.154
4636,0,1,0.12,0.13,11,9,28,63.681,61,379,375,1129,32.523
4637,0,1,18.45,18.47,37,22,40,76.023,42,238,505,885,31.824
4638,0,1,0.02,0.03,6,5,16,36.401,329,1187,192,318,35.189
4639,0,1,18.55,18.56,21,10,28,62.555,259,149,106,1284,45.811
4640,0,1,0.11,0.12,9,7,19,43.354,209,1168,410,258,37.277
4641,0,1,0.15,0.15,6,5,16,35.887,181,844,105,45,32.104
4642,0,1,1.89,1.89,13,9,22,45.876,393,206,485,1213,40.448
4643,0,1,8.70,8.70,14,9,18,36.301,469,575,96,1239,30.464
4644,0,1,0.05,0.06,7,4,20,52.628,380,1302,442,247,42.273
4645,0,1,0.07,0.07,6,5,18,41.118,438,1209,484,202,40.322
4646,0,1,0.48,0.49,14,10,26,63.532,302,123,164,1039,37.053
4647,0,1,0.05,0.06,10,7,23,56.152,90,300,250,1101,32.673
4648,0,1,0.20,0.21,12,9,23,56.096,288,111,231,1056,37.869
4649,0,1,0.08,0.08,7,7,16,39.878,201,1074,449,341,30.953
4650,0,1,9.12,9.13,21,19,33,60.521,614,1216,202,330,39.084
4651,0,1,113.30,113.32,34,28,41,58.887,441,279,609,1336,42.811
4652,0,1,0.10,0.10,6,4,14,35.651,285,25,186,866,33.872
4653,0,1,0.06,0.06,7,6,21,49.406,505,117,220,1049,38.984
4654,0,1,0.25,0.25,9,9,23,51.544,501,876,155,57,35.564
4655,0,1,3.69,3.70,15,13,31,66.670,412,1333,298,46,51.682
4656,0,1,0.07,0.08,12,10,26,58.612,100,171,220,1237,42.909
4657,0,1,0.06,0.07,10,7,20,50.581,281,114,319,1161,41.908
4658,0,1,7.14,7.15,20,16,32,62.516,218,1278,555,562,31.654
4659,0,1,0.12,0.12,9,7,19,43.245,396,1076,280,157,37.052
4660,0,1,0.04,0.04,7,6,15,36.862,176,282,140,1143,34.470
4661,0,1,17.08,17.09,17,11,28,61.756,170,44,498,1248,49.915
4662,0,1,0.41,0.42,12,10,32,73.642,467,1160,107,400,33.638
4663,0,1,0.08,0.08,9,9,26,55.533,204,99,386,1157,42.942
4664,0,1,26.23,26.24,14,10,26,59.483,215,302,546,1188,37.832
4665,0,1,0.24,0.25,17,12,37,80.833,484,23,258,1105,44.214
4666,0,1,0.42,0.43,11,10,20,44.873,108,1327,429,540,33.998
4667,0,1,0.02,0.03,9,4,22,56.199,437,55,220,1080,41.909
4668,0,1,0.16,0.17,15,10,30,76.235,420,28,341,1306,51.218
4669,0,0,500.01,500.01,0,0,0,0.000,198,236,608,877,30.436
4670,0,1,1.95,1.97,19,13,21,45.700,69,838,554,252,30.427
4671,0,1,0.35,0.36,15,8,22,52.406,85,215,474,1125,39.586
4672,0,1,0.67,0.67,15,10,24,50.957,116,13,564,654,31.282
4673,0,1,0.73,0.74,21,14,30,69.784,575,585,296,1338,32.121
4674,0,1,0.23,0.24,13,9,26,58.247,86,181,512,1151,42.377
4675,0,1,17.70,17.70,14,14,30,60.370,191,209,478,1329,46.247
4676,0,1,26.74,26.75,26,19,33,61.689,136,343,592,1196,38.689
4677,0,1,0.09,0.09,11,10,24,54.883,417,55,373,897,33.726
4678,0,1,0.81,0.81,18,11,27,63.129,123,435,338,1188,31.324
4679,0,1,6.12,6.13,14,9,23,51.228,451,331,94,1331,42.473
4680,0,1,0.07,0.07,9,6,24,59.824,226,1158,349,274,35.701
4681,0,1,56.90,56.91,13,13,28,53.886,193,57,39,1136,43.597
4682,0,1,0.57,0.58,7,6,19,44.000,213,75,82,1024,38.320
4683,0,1,0.05,0.05,8,6,24,59.162,528,1140,137,43,46.584
4684,0,1,0.14,0.15,10,6,24,58.999,555,452,303,1226,32.560
4685,0,1,0.24,0.24,12,7,27,66.248,206,1074,385,24,42.606
4686,0,1,1.00,1.00,16,12,27,53.854,294,25,464,799,31.698
4687,0,1,0.63,0.64,16,12,24,56.053,537,1260,139,213,44.804
4688,0,1,0.46,0.46,17,14,29,65.104,384,1065,518,50,40.952
4689,0,1,0.06,0.06,10,8,20,48.330,360,238,312,1222,39.407
4690,0,1,0.57,0.57,15,10,20,44.667,24,937,314,62,36.872
4691,0,1,0.63,0.63,15,12,29,63.894,184,969,419,169,33.352
4692,0,1,0.85,0.86,18,11,34,84.445,530,1245,589,41,48.218
4693,0,1,5.49,5.51,28,17,27,49.921,395,176,89,923,32.290
4694,0,1,0.08,0.09,10,5,24,62.084,465,1139,463,51,43.520
4695,0,1,0.06,0.06,12,10,27,60.767,303,1220,215,408,32.670
4696,0,1,88.81,88.82,17,12,33,70.157,502,43,505,1230,47.480
4697,0,1,41.92,41.94,23,17,31,60.573,40,240,415,1289,44.561
4698,0,1,0.14,0.15,10,7,24,55.459,469,212,218,923,30.160
4699,0,1,0.19,0.20,9,6,16,38.644,539,174,404,1023,34.387
4700,0,1,2.76,2.77,15,14,29,59.307,122,1275,534,168,47.247
4701,0,1,1.13,1.14,17,12,26,57.352,538,1336,258,240,45.248
4702,0,1,0.11,0.12,11,7,21,50.153,300,1239,121,255,40.006
4703,0,1,0.13,0.13,13,7,18,45.221,352,1254,470,442,32.821
4704,0,1,2.78,2.78,11,8,20,41.129,458,546,113,1263,31.827
4705,0,1,0.80,0.80,8,4,14,33.584,236,1165,196,330,33.438
4706,0,1,0.48,0.49,17,12,32,76.014,493,1277,551,23,50.214
4707,0,1,0.02,0.02,7,3,13,32.968,194,363,277,1175,32.649
4708,0,1,20.01,20.02,20,13,24,44.581,598,1319,342,500,34.323
4709,0,1,9.43,9.44,20,16,24,43.416,450,205,46,958,34.181
4710,0,1,0.54,0.55,12,8,21,45.586,554,1187,173,477,32.231
4711,0,1,0.04,0.05,7,6,20,50.661,154,257,299,1133,35.517
4712,0,1,0.01,0.02,5,5,17,39.881,504,820,174,117,31.064
4713,0,1,0.01,0.02,7,5,16,35.831,281,1092,455,326,31.421
4714,0,1,0.78,0.79,14,10,26,59.367,107,1070,104,212,34.320
4715,0,1,0.03,0.03,6,5,18,46.858,121,315,421,1060,32.125
4716,0,1,0.62,0.63,14,10,23,53.235,267,112,524,1139,42.347
4717,0,1,0.12,0.13,11,7,26,64.341,120,19,456,1170,47.962
4718,0,1,0.21,0.21,10,6,20,47.869,521,204,303,1144,38.598
4719,0,1,0.09,0.09,10,8,27,63.391,134,214,203,1140,37.143
4720,0,1,23.31,23.32,20,18,26,48.143,96,1284,443,471,35.358
4721,0,1,0.51,0.51,11,11,23,48.773,77,1024,379,259,32.898
4722,0,1,0.10,0.11,14,11,27,63.781,80,32,467,1003,41.811
4723,0,1,1.33,1.34,11,10,24,52.930,599,1142,122,343,37.222
4724,0,1,0.26,0.26,11,9,23,49.228,46,949,543,202,35.889
4725,0,1,0.14,0.15,10,8,24,58.780,500,1142,133,69,45.361
4726,0,1,4.42,4.43,17,13,27,58.043,187,1212,572,555,30.460
4727,0,1,1.90,1.91,20,11,28,64.757,210,162,193,1387,49.005
4728,0,1,0.40,0.41,10,6,20,48.858,439,1231,75,190,44.112
4729,0,1,0.04,0.04,7,6,17,39.954,371,1145,166,248,36.805
4730,0,1,5.68,5.71,27,20,42,93.165,301,148,128,950,32.818
4731,0,1,1.52,1.53,14,11,27,64.619,318,1219,523,360,35.325
4732,0,1,2.01,2.02,24,18,32,61.236,430,14,520,938,37.135
4733,0,1,0.71,0.71,12,8,25,60.909,182,1116,547,36,45.600
4734,0,1,1.45,1.46,14,9,22,53.865,350,1309,603,373,38.784
4735,0,1,0.09,0.09,11,7,21,49.343,390,132,236,1160,41.579
4736,0,1,0.01,0.02,5,5,18,40.003,221,1077,208,77,40.003
4737,0,1,3.55,3.56,20,13,28,61.033,141,95,513,798,31.814
4738,0,1,0.64,0.65,15,12,28,59.671,100,947,124,142,32.214
4739,0,1,0.03,0.03,8,3,17,44.288,192,27,264,1123,43.934
4740,0,1,15.45,15.47,25,20,38,80.257,425,1266,618,98,47.354
4741,0,1,0.12,0.13,11,9,23,51.773,64,18,303,954,38.641
4742,0,1,0.11,0.12,8,6,21,52.094,133,1136,210,273,34.657
4743,0,1,0.19,0.20,12,9,27,58.266,321,1305,537,168,46.293
4744,0,1,0.07,0.08,10,8,24,54.442,140,92,354,1267,47.773
4745,0,1,0.47,0.47,15,12,27,58.313,316,1237,400,209,41.257
4746,0,1,0.02,0.02,7,7,23,52.430,319,956,124,199,31.268
4747,0,1,0.84,0.85,16,12,30,69.395,101,1270,200,117,46.290
4748,0,1,4.77,4.78,19,14,23,40.349,361,567,226,1362,32.255
4749,0,1,1.12,1.13,15,8,23,55.980,412,167,229,1015,34.701
4750,0,1,0.15,0.16,11,9,23,51.573,206,1313,172,430,35.346
4751,0,1,1.02,1.03,18,10,29,66.628,197,1376,560,531,36.787
4752,0,1,0.38,0.39,15,10,25,58.881,351,1255,197,123,45.697
4753,0,1,0.36,0.36,12,7,19,48.113,211,1026,79,213,32.946
4754,0,1,0.21,0.21,7,5,17,40.463,462,1368,461,366,40.080
4755,0,1,0.39,0.40,14,10,30,73.474,509,54,403,798,30.061
4756,0,1,0.12,0.12,13,10,25,56.315,580,1143,210,335,35.547
4757,0,1,0.27,0.28,16,13,38,85.110,348,1294,535,315,39.868
4758,0,1,0.28,0.29,13,8,19,43.474,82,227,183,1170,37.936
4759,0,1,0.02,0.02,4,3,14,33.339,210,425,354,1214,32.081
4760,0,1,13.63,13.64,24,18,38,77.329,91,555,502,1254,32.435
4761,0,1,0.02,0.02,6,5,16,35.899,447,430,351,1312,35.488
4762,0,1,0.34,0.35,14,12,29,66.351,48,490,244,1227,30.505
4763,0,1,0.04,0.05,7,6,19,44.683,173,188,360,1097,37.121
4764,0,1,0.61,0.61,12,9,24,53.886,285,251,367,1247,39.975
4765,0,1,0.05,0.05,7,7,19,44.014,276,1279,445,516,31.260
4766,0,1,0.44,0.45,13,9,21,51.552,454,969,118,115,36.709
4767,0,1,0.58,0.59,12,7,18,38.117,395,200,501,999,32.240
4768,0,1,0.17,0.18,11,7,24,57.691,381,1113,101,60,43.584
4769,0,1,0.64,0.64,10,9,23,49.963,349,185,368,1224,41.567
4770,0,1,0.26,0.27,18,14,34,77.076,471,39,177,1134,45.351
4771,0,1,4.44,4.45,14,12,30,66.198,311,1348,124,121,49.647
4772,0,1,0.05,0.05,11,7,27,65.973,39,201,123,1082,35.400
4773,0,1,1.41,1.42,18,10,25,56.136,135,141,355,1289,46.756
4774,0,1,4.57,4.58,17,12,27,56.417,135,1228,317,13,49.142
4775,0,1,1.02,1.02,13,10,27,60.978,83,202,458,1311,46.827
4776,0,1,0.11,0.11,12,7,23,53.990,291,1266,535,456,33.838
4777,0,1,0.12,0.12,15,11,30,66.373,226,982,261,138,33.789
4778,0,1,0.56,0.57,14,10,27,62.621,320,35,261,1064,41.228
4779,0,1,5.41,5.41,11,9,24,51.674,436,1323,534,211,44.652
4780,0,1,0.03,0.03,7,6,19,44.945,335,889,115,100,32.764
4781,0,1,6.97,6.98,22,15,30,62.279,321,208,66,1022,34.120
4782,0,1,0.25,0.26,13,10,24,53.473,266,18,287,1154,45.448
4783,0,1,8.00,8.01,18,11,28,64.242,593,166,190,1346,49.877
4784,0,1,0.05,0.05,10,9,25,60.158,175,205,154,1118,36.530
4785,0,1,3.09,3.10,16,13,26,56.661,291,151,138,1327,47.436
4786,0,1,0.13,0.14,7,7,19,41.624,616,581,33,41,31.787
4787,0,0,500.01,500.01,0,0,0,0.000,159,61,577,854,35.857
4788,0,1,0.31,0.32,11,11,18,37.525,78,854,245,63,32.337
4789,0,1,0.21,0.21,8,5,15,33.363,216,793,75,53,30.133
4790,0,1,2.89,2.90,17,13,25,53.610,44,1327,158,249,43.360
4791,0,1,2.66,2.66,19,15,20,41.123,405,252,160,1006,31.712
4792,0,1,0.02,0.02,7,4,16,37.885,321,888,186,78,32.847
4793,0,1,5.60,5.60,8,7,17,34.079,432,460,551,1244,31.719
4794,0,1,0.96,0.97,17,12,24,49.144,126,1007,298,103,36.809
4795,0,1,32.52,32.53,23,17,33,67.969,557,170,137,1241,46.016
4796,0,1,1.28,1.29,12,10,29,67.724,64,206,525,1081,39.561
4797,0,1,0.23,0.24,16,12,32,75.247,107,18,262,922,36.688
4798,0,1,2.53,2.54,19,15,30,59.660,118,1330,92,527,32.137
4799,0,1,0.03,0.03,7,7,21,50.737,274,1260,436,182,43.604
4800,0,1,0.05,0.08,7,6,20,49.984,359,269,294,1340,42.919
4801,0,1,0.07,0.07,7,6,22,54.853,516,1091,357,269,33.489
4802,0,1,0.02,0.02,7,4,19,48.944,392,147,307,1315,46.844
4803,0,1,1.01,1.02,16,8,25,58.466,529,1007,426,47,38.620
4804,0,1,0.02,0.02,5,4,17,42.233,360,1233,457,190,41.900
4805,0,1,3.94,3.95,22,17,26,49.327,42,192,532,927,35.334
4806,0,1,6.87,6.88,26,21,37,70.316,509,1246,423,55,47.764
4807,0,1,0.53,0.54,12,11,23,45.350,47,744,486,49,32.882
4808,0,1,0.82,0.82,12,10,26,55.882,97,230,440,1278,44.108
4809,0,1,5.46,5.47,19,12,25,49.720,86,914,557,261,32.206
4810,0,1,0.13,0.14,9,8,24,58.063,302,1343,190,181,46.695
4811,0,1,36.53,36.54,26,22,36,60.187,198,1310,137,545,30.697
4812,0,1,0.02,0.02,5,4,19,47.059,568,1150,192,319,36.484
4813,0,1,0.50,0.51,14,11,28,62.296,165,1157,227,58,44.030
4814,0,1,31.58,31.59,21,12,23,46.368,65,662,529,1285,31.072
4815,0,1,7.31,7.32,26,17,30,61.921,554,1319,269,123,49.180
4816,0,1,0.56,0.56,10,9,22,51.872,266,1072,597,93,41.338
4817,0,1,0.32,0.33,16,10,28,64.137,595,116,292,1233,46.295
4818,0,1,4.95,4.96,27,19,36,74.050,37,1200,103,289,36.536
4819,0,1,2.22,2.23,17,14,26,52.018,605,1212,402,194,41.522
4820,0,1,0.03,0.04,8,7,19,40.297,329,284,368,1178,35.794
4821,0,1,22.60,22.61,22,15,31,60.645,342,163,107,1283,45.776
4822,0,1,5.02,5.03,18,10,22,50.245,417,1302,498,441,34.592
4823,0,1,0.29,0.29,11,8,22,51.737,504,338,246,1057,30.556
4824,0,1,0.06,0.07,8,6,24,60.723,273,115,319,1075,38.444
4825,0,1,8.16,8.17,16,9,19,39.146,461,469,567,1316,34.144
4826,0,1,32.98,32.99,30,25,46,87.243,539,374,105,1236,38.604
4827,0,1,1.17,1.17,17,14,28,62.043,105,127,82,881,30.174
4828,0,1,1.00,1.00,9,7,16,36.777,447,926,289,183,30.385
4829,0,1,0.31,0.32,13,8,24,57.458,322,1321,426,358,38.744
4830,0,1,0.66,0.67,17,11,26,59.297,619,919,424,23,36.679
4831,0,1,0.06,0.06,10,6,21,51.703,487,1110,258,241,35.947
4832,0,1,0.68,0.68,17,14,29,59.345,400,1185,98,288,37.859
4833,0,1,0.49,0.50,13,8,25,61.283,350,1254,94,499,31.889
4834,0,1,0.31,0.31,12,12,27,56.523,448,1383,187,246,46.663
4835,0,0,500.01,500.01,0,0,0,0.000,397,255,320,1009,30.317
4836,0,1,0.81,0.82,15,11,26,54.860,367,1147,562,331,33.559
4837,0,1,0.06,0.06,9,7,22,51.679,490,88,311,1261,47.463
4838,0,1,60.28,60.29,23,15,34,63.491,394,284,590,1198,37.391
4839,0,1,0.62,0.63,16,10,28,68.266,101,447,261,1188,30.323
4840,0,1,0.25,0.25,10,7,19,44.834,377,895,265,69,33.342
4841,0,1,0.39,0.40,13,10,27,60.849,290,935,468,16,37.443
4842,0,1,0.41,0.42,16,14,35,79.049,554,1208,538,355,34.126
4843,0,1,0.01,0.02,6,4,16,37.039,213,1340,190,422,36.732
4844,0,1,1.59,1.59,11,9,25,53.987,196,1354,319,244,44.672
4845,0,1,2.07,2.08,16,14,29,58.802,372,854,389,48,32.247
4846,0,1,0.03,0.03,6,5,16,36.806,431,885,172,181,30.005
4847,0,1,0.45,0.45,11,10,24,54.424,276,1130,514,391,31.055
4848,0,1,1.45,1.46,20,14,30,63.635,402,275,573,1286,41.014
4849,0,1,0.20,0.21,17,11,34,81.810,503,58,180,989,39.418
4850,0,1,0.06,0.06,8,6,17,38.486,481,1164,471,293,34.842
4851,0,1,0.23,0.24,14,13,31,74.443,393,1205,104,29,48.440
4852,0,1,0.02,0.02,5,4,16,39.044,339,1260,421,302,38.460
4853,0,1,0.04,0.05,8,5,19,46.013,303,900,215,111,31.756
4854,0,1,0.26,0.26,11,8,23,54.600,431,1094,82,32,44.715
4855,0,0,500.01,500.01,0,0,0,0.000,288,1300,376,319,39.398
4856,0,1,2.64,2.65,16,11,24,54.576,62,301,500,1315,44.182
4857,0,1,1.84,1.85,26,20,37,73.283,108,932,59,59,34.975
4858,0,1,0.16,0.17,7,6,18,42.661,204,260,290,1260,40.148
4859,0,1,0.72,0.73,11,8,22,51.856,463,1333,534,213,44.890
4860,0,1,4.10,4.11,19,14,26,57.037,214,1353,83,511,34.085
4861,0,1,0.35,0.35,11,9,23,52.098,235,1142,95,122,41.183
4862,0,1,0.16,0.16,7,6,21,49.112,274,1330,453,377,38.787
4863,0,1,0.38,0.38,11,7,22,52.269,84,310,357,1145,35.140
4864,0,1,58.22,58.23,24,15,36,80.534,458,24,65,1130,46.950
4865,0,1,0.06,0.06,12,10,23,51.579,308,1331,508,190,46.336
4866,0,1,4.72,4.73,16,11,27,57.571,254,171,206,1295,45.001
4867,0,1,0.04,0.07,9,8,22,47.388,313,1327,434,504,33.274
4868,0,1,0.01,0.02,6,5,20,51.459,387,1207,430,316,35.681
4869,0,1,24.72,24.73,32,24,42,78.425,578,250,80,1312,46.919
4870,0,1,0.08,0.09,14,9,23,52.728,475,1162,457,269,35.727
4871,0,1,1.97,1.98,13,7,19,45.898,424,1224,549,452,31.282
4872,0,1,19.47,19.47,12,6,22,52.727,213,195,567,1209,42.961
4873,0,1,0.05,0.06,10,6,22,54.222,493,1111,282,252,35.381
4874,0,1,1.09,1.09,18,13,29,64.873,423,1344,96,428,38.905
4875,0,1,13.25,13.26,23,16,36,77.345,224,56,128,1332,51.184
4876,0,1,1.36,1.36,20,16,32,69.518,330,1138,338,182,38.241
4877,0,1,0.07,0.07,12,10,33,79.673,74,50,300,1338,52.307
4878,0,1,0.01,0.01,4,4,15,34.181,214,142,227,989,33.884
4879,0,1,20.41,20.42,23,21,37,67.535,510,359,409,1301,37.896
4880,0,1,0.53,0.54,14,11,27,60.276,308,186,141,1127,38.228
4881,0,1,0.06,0.07,11,7,23,56.052,422,1236,84,341,38.268
4882,0,1,0.43,0.44,14,13,22,41.666,504,959,580,156,32.264
4883,0,1,1.00,1.01,22,18,42,95.915,154,1316,603,33,54.372
4884,0,1,3.41,3.41,15,11,24,48.531,186,1322,108,171,46.146
4885,0,1,3.70,3.71,14,12,28,62.097,209,1307,468,58,51.023
4886,0,1,0.02,0.03,9,6,21,52.666,215,96,292,1299,48.218
4887,0,1,2.02,2.02,15,13,29,61.358,566,1155,51,376,37.354
4888,0,1,0.04,0.05,8,6,18,44.477,417,188,327,1254,42.792
4889,0,1,16.18,16.19,16,11,24,48.714,337,27,269,854,33.192
4890,0,1,0.02,0.02,6,4,16,39.361,464,358,223,1143,32.846
4891,0,1,0.02,0.02,7,6,19,46.578,448,179,229,1015,34.568
4892,0,1,0.06,0.06,11,10,30,72.818,148,15,452,730,31.078
4893,0,1,11.24,11.25,19,16,31,63.705,547,1232,446,214,40.920
4894,0,1,16.27,16.28,20,13,33,69.969,109,96,223,1291,48.017
4895,0,1,0.16,0.17,11,8,19,44.524,309,1162,515,150,41.310
4896,0,1,2.97,2.98,28,15,32,66.202,32,1189,538,570,31.980
4897,0,1,3.49,3.50,14,13,33,72.922,348,49,453,1271,49.060
4898,0,1,0.03,0.04,8,6,26,66.737,235,1232,603,57,49.251
4899,0,1,10.81,10.82,15,10,25,54.506,452,182,50,1129,41.152
4900,0,1,1.31,1.32,12,11,27,60.932,351,241,572,1139,36.992
4901,0,1,2.88,2.89,19,10,20,41.956,367,500,165,1315,33.586
4902,0,1,0.98,0.99,17,14,30,63.692,129,1191,570,296,39.910
4903,0,1,0.12,0.13,12,7,20,47.070,94,324,417,1048,31.711
4904,0,1,0.20,0.21,9,7,15,35.213,333,1133,432,310,33.157
4905,0,1,0.14,0.14,8,4,15,38.776,318,22,187,857,33.809
4906,0,1,0.51,0.55,18,12,32,75.943,152,1115,542,16,46.646
4907,0,1,10.27,10.28,34,27,43,77.423,417,1357,545,258,44.257
4908,0,1,0.39,0.39,12,10,26,64.621,534,351,369,1134,32.008
4909,0,1,0.10,0.10,10,8,22,52.975,271,63,319,957,35.812
4910,0,1,6.73,6.74,23,19,32,53.249,275,462,446,1352,36.251
4911,0,1,7.85,7.86,25,14,34,73.446,342,1331,23,592,32.196
4912,0,1,0.04,0.04,6,4,14,34.880,462,1145,470,336,32.362
4913,0,1,6.78,6.79,16,13,23,46.221,116,1276,436,455,35.246
4914,0,1,2.86,2.89,18,17,27,53.679,376,30,589,935,37.189
4915,0,1,0.12,0.13,7,6,18,44.603,324,958,258,80,35.219
4916,0,1,2.02,2.03,20,16,30,56.289,137,955,113,103,34.094
4917,0,1,0.08,0.09,12,9,24,56.741,573,291,222,1147,37.007
4918,0,1,16.55,16.55,16,10,31,71.980,618,14,425,1303,52.135
4919,0,1,9.06,9.07,20,17,36,78.733,36,485,77,1317,33.320
4920,0,1,0.70,0.71,9,5,15,36.398,466,999,518,149,34.064
4921,0,0,500.02,500.02,0,0,0,0.000,141,93,591,874,36.055
4922,0,1,0.14,0.15,9,7,22,55.405,523,59,261,1061,41.427
4923,0,1,0.55,0.57,12,10,27,61.946,530,1038,475,168,34.869
4924,0,1,58.10,58.11,21,14,24,44.419,204,389,22,1228,34.341
4925,0,1,0.22,0.23,11,8,23,54.534,563,1020,192,140,38.200
4926,0,1,0.03,0.05,7,7,23,53.918,425,281,214,1060,32.283
4927,0,1,1.25,1.25,16,12,29,59.956,68,998,69,242,30.240
4928,0,1,1.57,1.58,18,14,28,62.476,431,1024,77,192,36.167
4929,0,1,1.83,1.84,19,15,24,50.723,496,290,440,1269,39.224
4930,0,1,60.13,60.15,17,10,26,57.407,54,288,422,1287,42.585
4931,0,1,0.45,0.46,13,8,21,45.638,567,1286,435,358,37.494
4932,0,1,0.06,0.06,6,4,17,43.718,177,152,272,1188,41.614
4933,0,1,0.02,0.03,6,5,17,41.832,224,1079,123,301,31.381
4934,0,1,0.04,0.04,9,6,21,50.338,198,1145,435,381,31.997
4935,0,1,0.23,0.24,11,7,21,49.791,177,187,507,1023,35.951
4936,0,1,1.85,1.86,20,13,32,70.896,357,1187,561,43,46.482
4937,0,1,0.20,0.21,13,10,29,65.164,444,1340,113,61,52.845
4938,0,1,0.18,0.18,6,5,15,35.181,416,1001,523,182,33.038
4939,0,1,3.31,3.32,19,9,23,51.656,619,105,65,650,31.085
4940,0,1,0.30,0.30,13,8,25,59.446,72,488,349,1235,31.868
4941,0,1,1.98,1.99,13,10,27,61.937,68,1287,251,284,40.782
4942,0,1,1.90,1.91,16,14,31,61.029,430,1276,70,383,38.513
4943,0,1,8.67,8.68,25,18,26,43.610,535,855,27,290,30.392
4944,0,1,0.29,0.30,10,9,25,55.547,420,1138,373,20,44.759
4945,0,1,0.20,0.21,11,10,22,51.596,566,814,39,50,37.125
4946,0,1,0.51,0.51,15,12,30,68.295,488,1042,485,91,38.040
4947,0,1,1.24,1.25,19,12,28,63.251,490,1084,338,286,32.494
4948,0,1,0.06,0.07,10,9,24,51.979,444,1155,210,160,40.886
4949,0,1,8.15,8.16,16,12,30,68.343,364,51,591,1335,52.156
4950,0,1,0.37,0.37,18,12,30,69.883,516,407,362,1258,34.593
4951,0,0,500.01,500.01,0,0,0,0.000,267,1044,608,214,35.893
4952,0,1,5.87,5.89,20,14,32,70.228,548,398,486,1321,37.003
4953,0,1,31.76,31.77,24,13,29,56.942,200,212,583,1323,47.007
4954,0,1,0.27,0.28,13,9,26,62.211,564,382,205,1182,35.074
4955,0,1,0.10,0.10,9,6,18,42.112,266,1302,186,485,32.836
4956,0,1,37.27,37.28,26,19,35,69.615,49,217,496,1210,43.559
4957,0,1,0.04,0.04,7,3,14,34.713,451,436,240,1236,33.094
4958,0,1,3.53,3.53,10,9,20,44.058,180,570,533,1244,30.434
4959,0,1,0.10,0.11,11,8,25,60.971,502,384,281,1315,38.275
4960,0,1,1.78,1.78,12,9,24,53.934,516,1252,288,266,40.481
4961,0,1,1.44,1.45,17,15,36,80.802,225,1272,66,186,43.903
4962,0,1,24.22,24.23,24,13,23,48.986,563,333,512,1248,36.657
4963,0,1,0.19,0.20,10,8,26,63.910,566,30,391,1075,42.382
4964,0,1,155.86,155.87,21,20,37,70.204,255,162,38,1135,39.876
4965,0,1,0.13,0.14,10,8,27,67.046,296,14,325,1279,50.613
4966,0,1,0.42,0.43,13,8,23,57.176,564,1191,176,139,44.851
4967,0,1,0.07,0.08,8,6,18,45.464,305,1114,520,377,30.709
4968,0,1,0.12,0.12,13,8,22,48.092,354,1322,510,165,46.699
4969,0,1,0.04,0.05,8,7,23,56.915,129,308,229,1215,36.500
4970,0,1,0.08,0.08,10,7,26,64.097,343,1235,402,20,48.657
4971,0,1,2.92,2.93,15,14,32,70.679,587,1188,129,114,46.703
4972,0,1,0.22,0.23,10,10,24,51.786,30,296,339,1154,36.478
4973,0,1,13.17,13.18,26,20,42,94.480,174,27,547,903,38.084
4974,0,1,9.59,9.60,13,11,22,43.985,45,1210,350,517,30.286
4975,0,1,0.12,0.13,9,6,21,52.475,415,1089,192,54,42.350
4976,0,1,23.82,23.83,25,15,26,47.291,193,209,60,1190,39.599
4977,0,1,0.03,0.03,6,6,21,48.122,133,96,357,916,34.002
4978,0,1,0.03,0.03,7,5,17,40.325,462,196,507,1144,37.963
4979,0,1,0.82,0.83,14,10,19,40.100,257,31,85,925,36.416
4980,0,1,0.48,0.49,15,11,31,71.963,523,417,172,1125,31.609
4981,0,1,10.84,10.85,19,13,26,52.931,194,85,225,1350,50.615
4982,0,1,3.50,3.51,21,15,29,63.297,508,376,185,1064,30.402
4983,0,0,500.03,500.03,0,0,0,0.000,261,141,601,865,31.994
4984,0,1,23.85,23.86,22,15,30,59.165,527,314,202,1361,43.851
4985,0,1,10.72,10.73,17,13,34,76.717,569,55,186,1357,54.287
4986,0,1,0.49,0.50,17,13,30,68.941,293,144,200,1177,41.487
4987,0,1,1.81,1.82,15,12,20,38.839,361,930,388,140,31.618
4988,0,1,0.43,0.44,12,11,31,73.757,363,1323,396,162,46.459
4989,0,1,0.09,0.10,7,6,18,39.809,374,373,260,1214,33.948
4990,0,1,1.59,1.60,16,13,29,65.250,530,206,248,1223,42.215
4991,0,1,0.69,0.69,13,7,17,40.591,469,1013,178,223,33.676
4992,0,1,0.73,0.74,9,8,21,41.888,584,1125,201,479,30.040
4993,0,1,12.04,12.05,17,9,20,37.939,176,374,144,1258,35.383
4994,0,1,9.39,9.41,21,13,30,69.976,525,324,582,1323,40.025
4995,0,1,1.32,1.33,19,13,30,71.274,125,1068,248,160,36.652
4996,0,1,0.56,0.56,12,10,23,50.965,585,1024,254,86,39.788
4997,0,1,0.23,0.23,11,11,23,51.149,177,1151,501,289,36.835
4998,0,1,7.02,7.03,14,8,18,33.735,281,1253,382,454,32.214
4999,0,1,2.90,2.91,14,10,24,52.079,294,1293,23,489,33.938
5000,0,1,19.74,19.75,21,16,35,72.421,602,384,458,1338,38.592
5001,0,0,500.01,500.01,0,0,0,0.000,322,999,103,176,34.066
5002,0,1,0.23,0.25,12,7,22,54.448,130,402,426,1132,31.509
5003,0,1,0.34,0.35,14,11,29,62.523,354,1231,353,47,47.360
5004,0,1,0.98,0.99,14,12,24,50.494,85,101,411,784,30.272
5005,0,1,0.14,0.15,13,11,26,57.780,140,445,364,1196,31.348
5006,0,1,29.74,29.75,17,13,30,68.191,30,380,144,1264,35.653
5007,0,1,5.73,5.74,20,15,20,42.871,162,42,86,922,35.331
5008,0,1,0.07,0.08,10,5,19,51.029,82,15,200,1125,44.650
5009,0,1,0.12,0.12,10,6,22,53.923,501,297,300,1287,40.408
5010,0,1,0.97,0.97,14,11,27,63.840,504,1151,105,105,44.781
5011,0,1,0.94,0.94,10,4,14,35.589,520,1038,338,261,31.921
5012,0,1,0.04,0.04,9,6,20,48.613,424,1047,237,264,32.201
5013,0,1,19.06,19.07,25,20,38,76.460,542,1270,544,393,35.080
5014,0,1,3.83,3.84,22,15,32,66.818,93,1254,556,501,35.358
5015,0,1,1.43,1.43,12,8,19,43.492,410,1191,540,391,32.420
5016,0,1,0.44,0.45,24,13,33,77.977,218,1328,282,19,52.423
5017,0,1,0.25,0.26,13,11,29,64.192,95,236,194,1144,36.535
5018,0,1,0.11,0.11,9,7,21,47.414,181,1075,361,174,36.752
5019,0,1,1.37,1.38,11,9,22,47.551,104,62,119,1083,40.844
5020,0,1,7.25,7.26,19,13,31,64.454,99,402,192,1317,36.789
5021,0,1,23.41,23.42,30,24,38,67.937,506,373,219,1373,41.615
5022,0,1,0.45,0.46,16,9,25,62.616,601,107,307,1292,48.837
5023,0,1,0.13,0.13,10,7,20,47.872,265,1267,50,290,40.015
5024,0,1,0.01,0.02,5,4,15,37.205,433,302,311,1124,33.240
5025,0,1,0.06,0.06,9,8,22,49.786,219,785,575,60,32.308
5026,0,1,0.59,0.62,16,10,25,59.676,217,1200,375,165,41.880
5027,0,1,0.03,0.03,6,5,15,37.649,205,992,112,121,35.038
5028,0,1,4.19,4.20,15,14,28,53.875,69,1287,249,488,32.761
5029,0,1,0.19,0.20,13,9,26,59.632,31,1334,124,237,44.037
5030,0,1,4.09,4.10,18,13,32,74.511,518,27,562,1147,44.835
5031,0,1,0.32,0.32,15,8,26,60.910,135,1277,126,245,41.282
5032,0,1,3.57,3.58,19,12,25,57.766,425,976,60,220,33.580
5033,0,1,90.34,90.35,26,21,36,59.233,432,249,46,1287,44.298
5034,0,1,1.79,1.79,17,12,26,55.072,50,1191,472,207,42.827
5035,0,1,2.92,2.93,20,15,28,62.616,111,101,617,660,30.160
5036,0,1,0.81,0.82,20,16,42,96.594,530,36,422,793,30.587
5037,0,1,0.04,0.05,8,5,18,42.942,456,167,213,978,33.865
5038,0,1,0.19,0.19,9,8,22,52.434,325,1100,49,295,34.040
5039,0,1,0.09,0.10,8,7,21,48.358,56,187,437,866,31.144
5040,0,1,0.02,0.03,7,5,16,38.243,446,1178,472,291,35.495
5041,0,1,0.76,0.77,13,7,22,54.281,323,1343,537,507,34.518
5042,0,0,500.01,500.01,0,0,0,0.000,225,1271,604,220,44.690
5043,0,1,0.09,0.09,6,6,18,43.264,239,1086,171,23,42.607
5044,0,1,0.28,0.29,14,11,26,54.674,98,914,601,25,40.857
5045,0,1,0.02,0.03,7,5,21,51.227,507,1107,312,280,33.987
5046,0,1,71.94,71.95,16,10,24,50.829,192,233,527,1234,42.223
5047,0,1,10.86,10.86,13,10,18,32.738,200,521,190,1324,32.122
5048,0,1,1.51,1.52,17,14,23,45.754,195,1316,401,520,32.889
5049,0,1,0.02,0.02,6,5,19,47.734,436,1140,132,256,37.392
5050,0,1,0.07,0.07,8,8,17,37.285,196,146,328,937,32.078
5051,0,1,3.52,3.53,22,16,30,68.627,307,42,183,1314,51.121
5052,0,1,3.09,3.10,28,22,42,85.301,445,1340,574,554,31.861
5053,0,1,0.02,0.03,7,3,18,46.504,260,1177,203,19,46.376
5054,0,1,0.29,0.29,9,7,21,47.919,137,672,618,22,32.345
5055,0,1,0.06,0.07,10,7,26,65.865,279,102,172,1067,38.837
5056,0,1,1.08,1.09,14,10,29,68.397,419,1184,377,14,46.830
5057,0,1,0.10,0.11,8,6,19,44.950,584,24,122,659,31.411
5058,0,1,1.11,1.12,16,10,22,49.913,54,400,350,1324,38.810
5059,0,1,0.52,0.52,14,7,24,57.657,330,189,300,1121,37.299
5060,0,1,0.05,0.05,8,5,22,53.791,378,1263,173,138,45.741
5061,0,1,7.69,7.70,20,14,30,61.523,182,34,540,1191,48.445
5062,0,1,0.04,0.04,8,7,24,57.978,153,250,244,1019,30.975
5063,0,1,1.29,1.30,17,11,26,54.774,440,1337,173,196,46.873
5064,0,1,17.18,17.19,10,9,22,45.508,444,201,440,1322,44.840
5065,0,0,500.02,500.02,0,0,0,0.000,317,1255,391,324,37.357
5066,0,1,9.83,9.85,22,15,30,65.028,123,393,582,1005,30.600
5067,0,1,0.02,0.03,5,2,12,30.301,224,1013,176,257,30.301
5068,0,1,0.52,0.53,10,6,21,47.899,418,186,321,1342,46.402
5069,0,1,2.22,2.23,16,11,28,63.544,377,1147,68,204,39.693
5070,0,1,1.19,1.20,12,6,16,37.502,448,578,200,1364,32.968
5071,0,1,0.09,0.10,7,6,21,50.683,172,270,307,1148,35.533
5072,0,1,0.18,0.18,10,9,22,49.118,31,1316,445,416,39.626
5073,0,1,91.60,91.62,49,33,53,101.114,138,595,610,1217,31.232
5074,0,1,0.43,0.44,14,12,27,59.236,517,1258,488,211,41.896
5075,0,1,0.10,0.10,12,10,24,57.108,402,180,276,960,31.604
5076,0,1,40.83,40.84,16,15,31,55.902,62,1124,189,150,39.290
5077,0,1,3.30,3.31,23,13,21,44.066,117,91,539,799,32.969
5078,0,1,0.26,0.27,13,8,25,58.567,408,174,338,946,31.007
5079,0,1,6.74,6.75,21,19,34,67.142,75,1020,617,95,42.884
5080,0,1,0.02,0.02,6,5,22,53.090,181,97,527,1139,43.918
5081,0,1,7.89,7.90,21,15,32,68.181,552,408,541,1272,34.563
5082,0,1,16.98,17.00,24,19,42,91.969,556,175,212,1322,47.899
5083,0,1,0.44,0.45,15,11,26,61.444,397,145,269,1239,44.059
5084,0,1,13.33,13.34,24,18,35,72.766,122,353,549,1260,40.099
5085,0,1,50.60,50.61,19,14,21,36.389,355,384,490,1194,32.847
5086,0,1,0.06,0.07,8,3,16,40.845,173,1073,442,353,30.744
5087,0,1,0.09,0.10,8,5,16,41.002,426,159,310,1112,38.401
5088,0,1,0.37,0.37,11,7,23,55.296,221,1024,284,173,34.133
5089,0,1,2.97,2.98,9,9,18,36.182,344,515,413,1297,31.402
5090,0,1,21.28,21.29,16,13,28,58.338,227,63,426,1311,50.551
5091,0,1,0.21,0.22,12,7,28,70.195,312,20,306,1046,41.041
5092,0,1,2.57,2.58,28,16,32,65.393,565,1205,261,102,45.765
5093,0,1,0.46,0.46,11,8,18,36.517,173,422,436,1151,31.000
5094,0,1,9.94,9.96,18,11,30,67.481,326,37,580,1212,48.086
5095,0,1,0.59,0.59,13,10,24,51.510,589,917,200,23,38.999
5096,0,0,500.01,500.01,0,0,0,0.000,40,1333,375,312,42.982
5097,0,1,0.04,0.05,5,4,17,42.164,225,238,280,1283,41.858
5098,0,1,0.11,0.12,11,9,27,63.623,465,19,230,1163,46.715
5099,0,1,15.18,15.19,17,14,33,69.171,57,25,609,1137,49.659
5100,0,1,0.38,0.39,8,6,16,36.758,573,996,337,255,31.107
5101,0,1,0.06,0.07,8,7,22,53.464,468,1114,154,19,45.565
5102,0,1,0.78,0.79,10,8,24,57.309,247,44,195,1367,52.961
5103,0,1,0.53,0.54,14,10,26,66.515,493,1118,503,60,42.322
5104,0,1,1.63,1.64,17,13,25,50.829,302,246,278,1346,44.010
5105,0,1,0.71,0.72,17,17,35,73.694,190,1351,511,499,36.419
5106,0,1,0.15,0.16,10,7,18,38.705,138,45,449,740,30.456
5107,0,1,0.11,0.12,10,10,21,47.981,34,1331,388,484,36.720
5108,0,1,0.14,0.14,7,7,21,50.621,228,56,363,1181,45.323
5109,0,1,0.24,0.24,12,8,24,57.898,415,1042,130,71,40.478
5110,0,1,0.04,0.04,8,7,23,53.942,247,172,452,1205,42.126
5111,0,1,0.38,0.39,11,8,23,51.965,277,1223,472,167,42.954
5112,0,1,0.23,0.24,14,9,26,58.978,64,32,458,1070,44.410
5113,0,1,1.58,1.59,12,10,20,36.570,300,39,86,763,30.199
5114,0,1,0.25,0.25,11,6,24,60.949,356,1274,455,24,50.157
5115,0,1,27.55,27.57,22,14,25,46.205,463,1322,249,449,35.954
5116,0,0,500.02,500.02,0,0,0,0.000,387,325,186,1161,34.393
5117,0,1,9.35,9.35,11,8,19,40.659,255,451,453,1286,34.326
5118,0,0,500.01,500.01,0,0,0,0.000,301,321,533,1228,37.448
5119,0,1,0.26,0.28,10,8,21,48.930,346,22,418,1046,41.061
5120,0,1,2.84,2.85,31,24,37,62.312,592,248,84,837,31.112
5121,0,1,14.98,14.99,18,12,24,49.545,321,517,42,1332,34.457
5122,0,1,0.04,0.04,7,4,15,36.629,137,250,226,1121,35.021
5123,0,1,0.44,0.45,13,8,21,44.423,103,41,539,750,33.293
5124,0,1,1.38,1.39,14,9,18,39.436,504,705,148,23,30.773
5125,0,1,0.22,0.23,13,9,30,72.448,421,62,387,1062,40.023
5126,0,1,0.38,0.39,12,10,18,37.673,182,1375,460,638,31.508
5127,0,1,3.26,3.27,25,16,28,55.429,507,800,569,16,31.458
5128,0,1,0.21,0.21,11,8,23,58.163,135,179,450,916,32.060
5129,0,1,2.30,2.31,18,13,31,69.298,73,959,390,182,33.567
5130,0,1,0.21,0.22,15,9,24,56.554,279,892,197,49,33.879
5131,0,1,0.05,0.06,7,6,20,48.170,459,1329,485,301,41.133
5132,0,1,0.01,0.02,5,3,15,37.006,213,147,224,1067,36.803
5133,0,1,46.36,46.38,39,30,47,85.729,502,453,602,1335,35.506
5134,0,1,22.64,22.65,21,17,37,78.378,476,28,581,1187,46.550
5135,0,0,500.01,500.01,0,0,0,0.000,396,1227,295,318,36.584
5136,0,1,6.28,6.29,23,17,28,53.660,111,748,595,147,30.866
5137,0,1,0.04,0.05,5,4,18,44.476,227,1164,455,166,40.949
5138,0,1,1.72,1.73,14,10,25,53.676,385,1104,180,121,40.166
5139,0,1,0.05,0.06,9,7,21,50.000,307,42,293,1190,45.923
5140,0,0,500.01,500.01,0,0,0,0.000,603,212,325,916,30.276
5141,0,1,1.89,1.90,14,13,26,50.158,365,1181,143,233,38.946
5142,0,1,34.07,34.08,17,14,24,43.461,183,1134,356,403,30.048
5143,0,1,0.04,0.04,6,5,18,41.249,195,265,256,1079,32.651
5144,0,1,6.83,6.84,20,16,28,58.304,425,1341,599,558,32.084
5145,0,1,0.87,0.90,19,12,26,56.934,132,465,369,1326,35.721
5146,0,1,1.47,1.48,15,13,29,61.338,407,1266,111,219,43.521
5147,0,1,2.26,2.27,22,14,33,76.274,252,1097,517,45,43.395
5148,0,1,0.78,0.78,17,13,33,74.917,131,145,136,1098,38.121
5149,0,1,9.46,9.47,17,9,18,39.947,33,638,454,1314,31.855
5150,0,1,0.81,0.81,11,8,21,48.197,343,1187,135,326,35.431
5151,0,1,0.96,0.97,20,14,27,56.409,577,31,81,832,37.685
5152,0,1,0.19,0.20,11,9,21,44.009,183,181,355,1181,40.587
5153,0,1,0.09,0.09,12,9,28,66.801,372,1343,445,332,40.545
5154,0,1,62.50,62.50,20,14,23,38.835,464,450,485,1256,32.251
5155,0,1,17.77,17.78,29,21,33,67.977,608,378,107,1209,38.814
5156,0,1,0.26,0.26,14,10,25,57.764,189,1151,544,490,30.012
5157,0,1,0.24,0.25,15,10,29,66.548,454,14,213,1040,42.157
5158,0,1,0.28,0.29,15,12,29,65.162,192,1347,412,204,46.559
5159,0,1,0.17,0.17,9,8,18,38.792,264,899,547,169,31.317
5160,0,1,4.19,4.20,19,12,28,60.761,118,313,614,1137,38.471
5161,0,1,1.12,1.13,16,13,31,66.954,152,1326,361,163,47.265
5162,0,1,14.87,14.88,25,19,35,71.841,550,451,595,1206,30.254
5163,0,1,0.53,0.54,14,9,23,54.198,212,239,304,1284,41.962
5164,0,1,10.54,10.55,28,18,35,76.500,507,442,592,1202,30.590
5165,0,1,54.76,54.77,25,18,33,63.872,54,401,574,1196,37.998
5166,0,1,0.03,0.03,5,3,14,34.327,457,457,342,1293,33.755
5167,0,1,0.09,0.09,8,7,14,34.209,423,1219,220,471,31.002
5168,0,1,1.17,1.18,17,12,27,57.657,372,1047,141,113,38.486
5169,0,1,0.21,0.22,11,6,20,46.822,240,1073,486,144,38.441
5170,0,1,0.14,0.15,13,10,28,61.591,116,103,484,1124,43.412
5171,0,1,1.14,1.15,27,21,40,85.003,261,848,24,20,34.450
5172,0,1,11.73,11.74,26,19,38,77.488,300,106,408,1287,47.437
5173,0,1,0.05,0.06,8,6,18,44.672,336,247,368,1237,39.621
5174,0,1,0.33,0.34,15,12,25,54.565,265,1242,398,161,43.566
5175,0,1,0.07,0.08,9,6,21,53.097,448,1115,142,29,45.131
5176,0,1,19.45,19.47,32,24,45,91.077,436,183,492,1245,42.539
5177,0,1,10.31,10.31,18,15,33,72.687,206,1264,94,295,39.018
5178,0,1,54.46,54.47,36,16,40,89.467,560,247,71,1189,42.454
5179,0,1,1.19,1.20,8,7,18,45.378,421,342,576,1325,39.806
5180,0,1,0.49,0.50,11,6,23,57.970,608,95,417,1125,41.902
5181,0,1,0.13,0.14,10,6,18,42.850,309,1156,470,266,36.178
5182,0,1,0.04,0.05,8,6,18,41.715,405,40,103,830,33.830
5183,0,1,33.08,33.09,28,15,32,68.582,548,434,407,1387,38.535
5184,0,1,0.21,0.21,8,7,22,53.519,290,935,574,49,37.216
5185,0,1,0.33,0.34,14,8,27,61.939,440,1115,535,199,36.837
5186,0,1,0.19,0.19,8,7,17,38.201,497,1006,544,170,33.493
5187,0,1,0.18,0.18,13,10,31,76.187,548,548,288,1336,33.191
5188,0,1,0.27,0.28,11,9,26,60.041,445,1219,238,15,48.867
5189,0,1,0.62,0.62,11,7,22,52.084,246,171,349,1275,44.352
5190,0,1,1.64,1.65,14,11,27,60.397,368,1179,133,126,43.156
5191,0,1,0.01,0.02,5,5,15,32.111,183,389,241,1186,31.964
5192,0,1,0.09,0.09,10,8,21,51.630,115,189,214,945,30.498
5193,0,1,0.30,0.31,14,12,29,64.253,256,71,321,1086,40.683
5194,0,1,48.61,48.62,17,11,27,59.786,589,251,155,1213,42.215
5195,0,1,0.19,0.20,11,9,28,66.521,192,1218,551,485,32.648
5196,0,1,30.66,30.68,29,23,36,69.047,548,331,616,1202,34.946
5197,0,1,0.29,0.30,10,9,21,48.197,66,1001,338,32,40.258
5198,0,1,1.74,1.74,10,9,20,41.755,207,303,557,1015,31.735
5199,0,1,2.92,2.92,12,9,25,55.102,135,1084,495,307,34.254
5200,0,1,0.01,0.01,4,3,13,31.638,438,507,326,1271,30.887
5201,0,1,0.04,0.04,7,5,19,45.999,487,200,252,1101,37.246
5202,0,1,6.41,6.42,18,13,24,48.219,326,1255,369,402,34.163
5203,0,1,2.36,2.37,16,13,30,64.620,482,51,67,998,41.358
5204,0,1,0.02,0.03,5,4,14,34.599,214,452,258,1272,32.847
5205,0,1,1.66,1.68,13,7,18,39.836,214,399,216,1350,38.040
5206,0,1,0.19,0.20,12,8,22,51.844,467,951,267,25,37.894
5207,0,1,0.16,0.17,12,11,23,47.507,161,1324,433,420,37.761
5208,0,1,1.91,1.92,17,14,28,62.006,129,1252,365,287,39.738
5209,0,1,0.09,0.09,10,8,24,56.066,381,1215,70,376,35.791
5210,0,1,2.85,2.86,17,7,22,52.570,203,1215,508,474,32.053
5211,0,1,7.56,7.57,27,21,31,55.625,617,122,23,956,40.956
5212,0,1,12.59,12.60,25,20,38,77.747,527,378,501,1208,33.216
5213,0,1,0.21,0.22,10,9,28,66.121,145,1113,114,24,43.578
5214,0,1,3.20,3.21,12,11,24,50.209,206,248,122,1082,33.529
5215,0,1,0.18,0.19,13,9,25,59.508,524,485,220,1219,31.779
5216,0,1,0.26,0.26,10,8,22,48.026,419,1107,56,298,35.468
5217,0,1,13.55,13.56,18,10,29,64.758,131,402,95,1243,33.671
5218,0,1,8.35,8.36,18,12,26,64.757,245,89,464,1386,52.614
5219,0,1,3.42,3.43,15,10,23,51.800,426,1121,110,422,30.684
5220,0,1,0.30,0.31,13,11,24,53.572,189,1136,540,162,41.413
5221,0,1,1.25,1.26,20,13,26,52.767,302,816,137,23,32.399
5222,0,1,9.03,9.04,31,23,36,68.525,34,1191,614,142,47.947
5223,0,1,1.48,1.48,14,12,30,65.015,504,28,205,1284,51.644
5224,0,1,7.35,7.36,17,13,29,64.811,506,1228,453,168,42.453
5225,0,1,0.10,0.10,10,10,26,58.214,589,1336,514,167,46.856
5226,0,1,0.46,0.47,13,12,24,55.547,529,830,297,50,32.551
5227,0,1,3.54,3.55,16,10,20,46.084,450,1084,131,386,30.698
5228,0,1,7.14,7.15,15,9,26,58.548,538,181,214,1276,45.677
5229,0,1,3.33,3.34,20,10,24,53.336,422,1185,247,138,42.461
5230,0,1,20.14,20.15,20,14,31,64.453,136,492,504,1260,34.065
5231,0,1,1.90,1.91,18,14,23,48.074,112,1319,568,717,30.208
5232,0,1,0.06,0.06,9,6,24,56.726,571,40,230,1090,44.159
5233,0,1,0.80,0.80,13,9,27,64.222,105,1225,129,223,40.091
5234,0,1,5.19,5.20,16,13,29,64.769,448,1340,136,368,40.834
5235,0,1,156.97,156.99,18,17,34,64.390,488,1317,344,562,30.744
5236,0,1,0.48,0.48,8,7,18,41.524,98,944,439,174,33.685
5237,0,1,7.10,7.11,14,11,28,63.472,510,468,192,1345,37.315
5238,0,1,0.43,0.44,11,9,24,53.295,182,1305,501,345,40.465
5239,0,1,16.78,16.79,17,12,27,57.946,159,301,407,1318,41.872
5240,0,1,0.05,0.06,8,8,18,40.413,597,166,171,804,30.686
5241,0,1,0.26,0.26,12,7,18,40.307,323,1076,329,285,31.641
5242,0,1,0.17,0.18,15,10,29,66.918,544,494,321,1289,33.027
5243,0,1,1.48,1.49,14,9,21,46.352,431,1138,618,375,31.423
5244,0,1,0.51,0.51,12,9,23,46.790,227,1211,118,466,30.117
5245,0,1,0.15,0.15,10,4,17,42.555,304,1101,363,205,35.918
5246,0,1,0.63,0.64,11,9,23,49.807,336,1289,83,353,38.784
5247,0,1,2.25,2.26,9,8,21,44.567,242,269,182,1270,40.112
5248,0,1,0.12,0.12,11,5,21,55.930,398,270,465,1146,35.142
5249,0,1,6.05,6.06,17,9,24,53.595,268,208,513,1284,44.142
5250,0,1,5.02,5.03,23,16,37,83.773,175,142,539,913,34.104
5251,0,1,0.26,0.26,11,8,24,57.578,574,260,445,1110,34.389
5252,0,1,0.05,0.05,8,5,17,38.958,350,1303,218,355,38.286
5253,0,1,0.80,0.80,22,17,30,57.955,577,958,104,126,38.282
5254,0,1,33.36,33.37,19,14,30,63.649,518,476,177,1318,36.337
5255,0,1,0.80,0.81,11,10,25,55.181,108,58,469,1041,41.888
5256,0,1,0.01,0.04,6,5,21,50.730,380,1336,191,108,49.698
5257,0,1,0.30,0.31,13,9,20,43.815,120,178,268,1176,40.357
5258,0,1,0.02,0.03,7,5,21,53.695,184,26,491,1153,46.723
5259,0,1,0.04,0.05,6,6,17,37.830,318,274,375,1063,31.642
5260,0,1,0.07,0.08,10,8,23,50.364,67,1011,115,117,35.812
5261,0,1,3.42,3.43,15,12,31,67.428,524,1141,580,381,30.482
5262,0,1,0.09,0.10,9,7,24,59.110,142,1027,509,145,38.212
5263,0,0,500.01,500.01,0,0,0,0.000,411,1306,246,315,40.186
5264,0,1,12.04,12.06,20,15,34,73.025,107,322,39,1335,40.611
5265,0,1,0.10,0.11,7,6,25,63.707,534,29,345,1283,50.727
5266,0,1,3.57,3.58,26,19,37,80.745,141,1191,399,199,41.000
5267,0,1,0.21,0.21,10,8,20,44.402,215,989,479,164,34.648
5268,0,1,0.91,0.92,16,11,24,54.154,126,154,457,1201,43.923
5269,0,1,1.04,1.05,13,7,21,51.155,219,1123,444,193,38.273
5270,0,1,0.15,0.15,12,11,26,60.859,90,219,250,1059,34.204
5271,0,1,3.17,3.18,28,19,34,72.270,383,1041,510,90,38.378
5272,0,1,0.14,0.15,11,8,23,53.910,182,1109,491,158,39.998
5273,0,1,5.73,5.74,23,21,39,78.303,124,1221,585,556,32.367
5274,0,1,6.33,6.34,18,16,33,65.946,581,378,421,1312,37.904
5275,0,1,0.02,0.02,6,4,21,52.774,501,26,227,1067,43.058
5276,0,1,0.04,0.04,8,6,23,55.569,389,1106,190,22,44.085
5277,0,1,0.04,0.05,8,7,21,48.764,169,60,371,1158,44.657
5278,0,1,0.01,0.01,5,4,18,44.359,358,1332,448,229,44.267
5279,0,1,1.73,1.74,16,11,22,48.890,56,38,562,705,33.489
5280,0,1,0.11,0.12,9,7,16,35.550,407,1008,420,159,33.964
5281,0,1,0.29,0.30,14,10,26,59.454,128,126,430,1173,43.587
5282,0,1,66.02,66.03,25,16,35,77.922,515,410,548,1231,32.867
5283,0,1,0.46,0.47,14,12,26,55.288,512,420,147,1083,30.273
5284,0,1,0.01,0.02,6,5,17,37.347,432,414,214,1225,33.592
5285,0,1,0.82,0.83,20,16,24,49.570,534,331,192,1118,34.324
5286,0,1,44.08,44.09,12,11,21,40.337,386,513,188,1323,33.354
5287,0,1,0.05,0.05,7,6,23,53.648,144,292,275,1084,32.110
5288,0,1,5.81,5.82,20,14,32,67.326,230,29,106,1198,47.022
5289,0,1,8.62,8.63,18,14,29,58.498,157,1287,307,447,34.132
5290,0,1,0.02,0.02,4,4,15,36.555,236,1147,202,237,36.425
5291,0,1,0.02,0.02,5,4,14,34.843,218,369,279,1176,32.372
5292,0,1,3.60,3.61,16,9,22,49.412,192,352,432,1355,41.253
5293,0,1,2.56,2.57,22,17,36,75.650,495,1279,72,186,46.880
5294,0,1,0.84,0.85,20,15,32,74.203,208,1200,461,20,48.273
5295,0,1,0.02,0.03,7,5,24,58.894,53,40,383,1138,45.861
5296,0,1,4.83,4.84,16,12,30,68.158,269,29,590,1205,48.761
5297,0,1,0.63,0.64,13,8,22,56.536,378,1225,128,449,32.611
5298,0,1,0.42,0.43,13,8,26,67.064,592,1331,148,63,53.740
5299,0,1,2.18,2.19,18,13,29,65.215,444,213,73,947,32.897
5300,0,1,1.27,1.27,11,10,22,44.275,369,373,313,1219,33.914
5301,0,1,5.67,5.68,17,13,22,41.135,375,581,67,1330,32.394
5302,0,1,0.28,0.29,12,8,24,54.997,423,1185,80,396,34.413
5303,0,1,0.21,0.22,13,11,27,64.727,553,946,435,162,31.713
5304,0,1,1.04,1.05,18,11,23,50.001,210,326,457,1194,36.098
5305,0,1,4.63,4.64,20,17,34,64.451,149,1260,520,393,37.722
5306,0,1,0.63,0.64,9,8,19,40.721,176,567,447,1304,31.410
5307,0,1,1.19,1.20,21,15,34,77.404,29,395,155,1139,30.184
5308,0,1,0.07,0.08,12,6,22,53.485,198,1385,470,479,37.838
5309,0,1,0.12,0.12,11,7,24,63.073,441,1010,518,19,39.759
5310,0,1,0.59,0.60,16,12,24,50.337,583,296,175,979,31.823
5311,0,1,0.04,0.05,11,6,24,62.044,185,102,299,941,33.868
5312,0,1,1.15,1.16,21,14,36,80.422,78,1325,27,19,52.280
5313,0,1,5.27,5.27,18,15,29,62.432,57,1214,608,89,50.108
5314,0,1,0.64,0.65,15,11,21,38.368,434,1370,430,449,36.840
5315,0,1,0.23,0.23,8,6,19,44.663,442,1350,457,289,42.444
5316,0,1,0.19,0.20,17,11,30,73.494,280,60,267,1198,45.523
5317,0,1,0.15,0.15,9,7,17,37.597,234,1140,452,311,34.287
5318,0,1,0.07,0.07,9,8,25,59.065,513,1081,219,42,43.192
5319,0,1,106.92,106.93,15,11,24,44.115,198,193,76,1126,37.638
5320,0,1,0.18,0.19,10,7,23,56.996,135,162,359,1076,37.642
5321,0,1,0.02,0.03,7,5,19,45.520,255,1232,217,116,44.666
5322,0,1,4.15,4.16,15,11,21,41.291,90,1205,392,485,31.231
5323,0,1,0.23,0.24,9,7,18,41.699,324,1126,360,252,34.990
5324,0,1,0.11,0.11,9,6,20,50.815,547,182,142,1153,42.083
5325,0,1,0.28,0.28,13,11,27,58.945,230,1370,418,292,43.771
5326,0,1,0.02,0.02,5,4,16,38.468,449,1192,192,426,32.319
5327,0,1,0.20,0.21,17,14,26,58.988,100,241,278,1162,37.522
5328,0,1,53.47,53.49,20,14,25,43.606,65,15,262,862,34.784
5329,0,1,3.75,3.79,24,12,32,71.325,132,1281,50,29,50.187
5330,0,1,0.25,0.26,12,6,26,67.957,202,1384,166,256,45.143
5331,0,1,3.39,3.42,26,17,35,74.514,615,1320,92,569,36.607
5332,0,1,0.04,0.04,6,5,17,41.551,430,274,403,1182,36.336
5333,0,1,1.61,1.63,18,9,25,58.364,417,1366,246,98,51.179
5334,0,1,2.47,2.49,19,16,31,60.960,448,1319,90,418,38.781
5335,0,1,0.88,0.89,14,11,24,58.551,472,1054,118,166,38.238
5336,0,1,21.21,21.23,19,14,25,48.469,308,281,582,1190,37.976
5337,0,1,2.59,2.60,12,8,22,53.345,192,99,144,1312,48.558
5338,0,1,0.49,0.50,16,12,25,52.312,526,818,174,46,33.938
5339,0,1,2.73,2.74,12,11,26,57.414,222,1276,513,100,48.459
5340,0,1,2.43,2.45,19,15,29,57.415,435,1308,612,574,30.202
5341,0,1,11.14,11.15,20,14,34,74.628,543,17,34,1214,52.029
5342,0,1,2.90,2.92,14,12,25,52.484,357,836,316,17,32.801
5343,0,1,7.94,7.95,27,23,38,77.846,571,1318,340,53,51.437
5344,0,1,0.77,0.78,11,7,18,39.633,352,173,519,1011,34.179
5345,0,1,0.16,0.16,8,7,20,44.296,374,1302,391,274,41.126
5346,0,1,1.55,1.56,16,11,27,62.107,208,1381,555,244,47.551
5347,0,1,1.08,1.09,19,15,30,64.558,415,1355,37,179,49.410
5348,0,1,0.25,0.25,9,8,18,38.656,59,1319,433,642,30.937
5349,0,1,0.23,0.24,12,9,30,72.659,573,55,374,1298,50.353
5350,0,1,0.96,0.96,11,8,19,44.099,298,1084,497,301,32.316
5351,0,1,32.27,32.28,21,13,26,48.651,425,1306,495,365,37.744
5352,0,1,1.20,1.23,16,12,28,63.136,346,50,553,832,32.357
5353,0,1,0.23,0.24,15,12,29,65.655,567,373,450,1136,30.877
5354,0,1,0.25,0.26,12,11,27,60.488,428,1195,132,92,45.681
5355,0,1,50.92,50.93,15,12,31,68.551,473,45,433,1293,49.946
5356,0,1,0.12,0.13,10,7,23,55.401,428,1037,189,56,40.388
5357,0,1,31.26,31.27,18,9,20,41.253,179,460,586,1214,34.273
5358,0,1,0.14,0.15,13,12,30,71.497,555,340,421,1159,33.196
5359,0,1,0.26,0.27,9,7,21,48.499,390,160,210,922,31.319
5360,0,1,0.16,0.16,11,7,18,41.802,354,1059,217,310,30.457
5361,0,1,0.10,0.11,11,7,24,57.101,536,310,300,1208,37.140
5362,0,1,0.37,0.38,14,9,28,68.602,566,587,257,1292,30.790
5363,0,1,0.02,0.02,6,6,17,39.977,464,815,208,85,30.943
5364,0,1,0.17,0.17,10,8,23,52.114,504,135,267,1073,38.699
5365,0,1,0.21,0.21,7,6,17,39.546,440,1151,323,246,36.501
5366,0,1,0.02,0.02,9,5,20,51.477,499,35,217,973,39.179
5367,0,1,2.08,2.09,22,17,29,57.826,135,1243,506,312,40.088
5368,0,1,0.55,0.56,13,8,23,55.168,229,1129,477,22,45.378
5369,0,1,0.91,0.92,8,7,18,40.201,419,1162,521,384,31.386
5370,0,1,25.22,25.24,18,13,28,53.204,191,113,139,1238,45.048
5371,0,1,0.70,0.71,17,14,31,68.093,135,208,365,971,31.876
5372,0,1,0.04,0.05,7,7,19,44.845,466,988,217,114,36.351
5373,0,1,0.10,0.11,11,10,24,54.225,131,115,269,1244,45.496
5374,0,1,0.07,0.07,7,6,17,37.073,206,55,274,934,35.265
5375,0,1,1.99,2.00,20,16,33,65.899,128,1325,536,518,36.171
5376,0,1,0.01,0.02,5,5,18,40.887,216,305,237,1127,32.891
5377,0,1,15.65,15.66,26,21,39,75.244,435,1381,64,568,35.746
5378,0,1,10.77,10.77,13,9,21,43.515,424,462,150,1258,33.674
5379,0,1,0.27,0.28,12,10,26,61.448,305,1229,158,28,48.399
5380,0,1,4.62,4.63,20,13,30,63.176,165,1120,535,429,31.353
5381,0,1,2.37,2.38,21,14,24,50.615,598,97,114,828,35.068
5382,0,1,0.04,0.04,10,7,20,48.224,521,151,282,941,33.014
5383,0,1,14.39,14.40,21,11,26,55.811,489,210,91,1191,42.346
5384,0,1,0.40,0.41,19,12,28,63.657,613,392,438,1190,32.679
5385,0,1,0.09,0.10,7,5,17,41.243,329,1247,471,305,38.106
5386,0,1,0.04,0.04,10,8,28,69.607,100,107,175,1163,42.346
5387,0,1,0.04,0.04,10,6,21,52.910,206,103,435,915,33.747
5388,0,1,0.42,0.43,17,13,30,68.630,68,1336,329,44,52.724
5389,0,1,12.86,12.87,27,19,29,54.587,474,62,578,936,35.207
5390,0,1,0.48,0.49,15,14,30,66.997,77,1328,325,173,47.253
5391,0,1,3.54,3.55,14,8,17,37.712,399,1146,557,296,34.582
5392,0,1,0.04,0.05,7,6,22,52.437,127,118,330,1130,41.286
5393,0,1,0.08,0.09,12,7,24,57.000,520,324,372,1294,39.249
5394,0,1,0.28,0.28,14,13,26,57.393,550,412,248,1104,30.201
5395,0,1,1.64,1.64,14,13,25,48.722,464,1380,238,499,36.381
5396,0,1,8.61,8.62,24,18,34,70.115,370,1201,615,248,39.360
5397,0,1,0.03,0.03,6,5,16,37.013,333,1288,298,499,31.591
5398,0,1,3.74,3.75,20,16,25,45.732,469,207,145,945,32.240
5399,0,1,0.02,0.02,5,4,15,34.931,266,1293,202,427,34.734
5400,0,1,0.27,0.28,10,10,20,46.001,32,1188,176,312,35.510
5401,0,1,18.64,18.66,40,31,51,101.898,136,220,611,1211,43.958
5402,0,1,0.30,0.30,12,9,23,55.432,142,157,477,1102,40.105
5403,0,1,18.78,18.78,19,16,30,58.669,81,1317,373,264,43.709
5404,0,1,45.77,45.79,25,23,43,83.026,203,112,46,1027,37.135
5405,0,1,0.96,0.97,18,13,30,65.412,577,1201,285,266,39.181
5406,0,1,0.43,0.44,12,9,25,58.851,419,164,331,1128,38.720
5407,0,1,0.63,0.64,15,10,25,56.168,287,1229,113,61,47.236
5408,0,1,20.32,20.33,16,11,22,44.604,200,254,131,1255,40.135
5409,0,1,0.07,0.07,9,7,23,51.929,149,1004,372,38,39.656
5410,0,1,0.24,0.24,9,6,19,49.581,264,1159,560,259,37.897
5411,0,1,0.13,0.14,10,9,23,55.673,298,1087,115,172,37.325
5412,0,1,0.32,0.32,12,8,21,50.075,540,187,529,1158,38.842
5413,0,1,22.89,22.90,26,16,33,69.090,416,17,514,1337,52.945
5414,0,1,137.99,138.01,31,23,44,83.623,34,17,68,1124,44.301
5415,0,1,3.73,3.74,19,11,27,57.696,111,1215,360,172,42.892
5416,0,1,0.12,0.13,12,9,19,40.552,324,258,267,1136,35.194
5417,0,1,0.04,0.05,10,7,19,41.166,133,1129,280,262,35.175
5418,0,1,28.77,28.78,19,13,30,63.546,402,16,103,1334,54.060
5419,0,1,0.03,0.03,8,6,20,46.411,142,45,318,1144,44.520
5420,0,1,1.39,1.40,14,13,27,52.843,64,1125,524,356,35.843
5421,0,1,7.33,7.34,15,8,24,57.073,137,1132,519,405,32.850
5422,0,1,0.19,0.20,13,4,19,48.537,492,127,236,1236,45.527
5423,0,1,0.02,0.03,6,5,20,48.028,295,1337,448,170,47.079
5424,0,1,5.12,5.13,25,20,27,45.081,516,207,61,843,31.280
5425,0,1,0.36,0.36,12,8,24,59.638,288,87,332,1279,47.712
5426,0,1,0.14,0.15,10,8,21,49.326,209,33,482,1011,40.616
5427,0,1,0.03,0.03,7,6,19,44.675,322,1325,294,518,32.299
5428,0,1,0.66,0.66,17,11,25,53.739,499,334,166,1120,34.145
5429,0,1,0.05,0.05,10,8,24,57.833,188,1273,179,287,39.442
5430,0,1,0.06,0.07,9,8,26,62.366,538,204,355,1274,43.421
5431,0,1,0.48,0.49,12,9,22,46.112,502,54,119,788,33.117
5432,0,1,0.23,0.24,10,9,19,40.287,506,182,215,976,33.826
5433,0,1,0.09,0.10,11,8,25,61.825,104,130,317,1319,48.317
5434,0,1,1.09,1.10,15,12,26,57.778,446,994,464,39,38.207
5435,0,1,0.79,0.80,16,15,39,92.061,103,21,562,716,33.316
5436,0,1,0.06,0.06,10,9,25,57.263,303,258,495,1002,30.735
5437,0,1,0.05,0.06,8,7,18,37.830,153,28,441,756,31.316
5438,0,1,0.29,0.29,11,9,24,55.316,277,139,336,1047,36.397
5439,0,1,0.31,0.32,18,14,32,71.366,494,305,117,1161,37.414
5440,0,1,1.66,1.67,20,16,31,63.186,374,1157,467,46,44.595
5441,0,1,0.14,0.15,11,7,25,63.068,327,1256,524,45,49.077
5442,0,1,0.22,0.23,10,8,20,45.911,173,335,490,1034,30.701
5443,0,1,0.62,0.63,17,14,30,67.327,449,1315,211,144,47.798
5444,0,1,6.95,6.96,13,9,24,56.816,408,60,68,1007,40.247
5445,0,1,6.16,6.16,11,10,24,51.409,54,220,110,1036,32.717
5446,0,1,0.06,0.07,7,6,17,40.987,180,312,350,1183,35.497
5447,0,1,9.48,9.49,20,14,31,72.308,490,1200,116,260,40.467
5448,0,1,0.70,0.70,14,11,28,65.196,347,1295,187,129,47.077
5449,0,1,0.02,0.02,4,4,14,31.709,200,985,217,193,31.687
5450,0,1,18.87,18.88,15,10,22,44.797,189,516,588,1212,32.090
5451,0,1,33.30,33.30,17,14,29,56.662,74,1125,516,336,36.175
5452,0,1,0.06,0.07,6,6,19,44.667,92,314,426,1041,32.002
5453,0,1,0.10,0.10,8,6,22,51.853,292,1218,250,51,46.710
5454,0,1,0.52,0.53,12,11,23,48.812,76,1020,340,274,31.653
5455,0,1,5.29,5.30,16,10,24,50.915,234,241,436,1267,41.828
5456,0,1,8.74,8.75,21,17,32,63.845,85,1192,609,254,42.978
5457,0,1,0.26,0.27,9,8,23,55.169,117,341,233,1206,34.910
5458,0,1,0.58,0.59,22,15,38,87.184,49,59,244,796,30.494
5459,0,1,0.02,0.02,7,6,21,49.737,413,1357,335,275,43.392
5460,0,1,14.63,14.64,19,15,29,52.003,485,1337,340,173,46.920
5461,0,1,0.02,0.02,5,4,16,37.363,434,408,293,1308,36.439
5462,0,1,0.03,0.03,7,6,23,57.890,454,29,309,1100,43.231
5463,0,1,2.17,2.18,24,15,25,53.455,81,901,281,36,35.513
5464,0,1,0.03,0.04,8,6,26,62.899,477,12,362,1280,50.928
5465,0,1,1.43,1.44,15,11,26,61.668,343,823,522,15,33.104
5466,0,1,0.15,0.16,15,10,24,54.023,517,320,374,1259,37.993
5467,0,1,2.06,2.07,14,9,24,58.201,137,334,462,1160,35.506
5468,0,1,0.09,0.10,11,8,25,57.394,594,121,377,1338,49.448
5469,0,1,0.03,0.04,6,4,14,31.550,113,15,188,764,30.110
5470,0,1,2.23,2.23,14,11,33,78.946,580,387,222,1266,37.964
5471,0,1,0.06,0.06,7,7,16,34.546,151,35,224,808,31.058
5472,0,1,1.16,1.17,15,11,27,64.407,364,1049,370,52,39.881
5473,0,1,0.01,0.02,4,4,13,30.363,207,846,217,87,30.363
5474,0,1,3.05,3.06,16,11,27,58.822,114,1230,241,240,39.925
5475,0,1,3.48,3.49,17,13,28,62.331,363,1171,601,105,43.690
5476,0,1,0.24,0.25,13,10,22,47.655,218,1041,593,297,33.327
5477,0,1,0.25,0.26,16,14,37,80.882,311,1304,446,551,30.600
5478,0,1,0.03,0.03,8,7,20,45.760,356,1238,558,379,35.297
5479,0,1,0.02,0.02,7,5,19,47.008,539,32,215,902,37.135
5480,0,1,1.05,1.06,13,8,21,49.557,439,1042,22,398,30.689
5481,0,1,0.56,0.57,23,16,37,82.146,144,1130,511,338,34.916
5482,0,1,0.02,0.02,5,5,19,44.609,176,247,444,1181,38.868
5483,0,1,5.01,5.02,17,12,24,48.412,524,1187,517,352,33.401
5484,0,1,20.33,20.35,18,13,29,58.302,436,289,99,1243,40.471
5485,0,1,28.27,28.28,16,13,29,60.651,384,99,117,1245,47.068
5486,0,1,0.85,0.85,15,10,26,62.248,152,1265,469,257,42.267
5487,0,1,10.23,10.25,24,18,30,60.253,122,388,457,1304,39.013
5488,0,1,0.44,0.45,13,11,26,58.416,98,210,389,923,30.804
5489,0,1,1.47,1.48,16,14,31,67.642,270,1290,534,508,33.014
5490,0,1,0.43,0.44,15,11,29,64.844,367,1119,391,52,42.691
5491,0,1,2.63,2.65,23,17,36,73.802,607,923,558,27,35.894
5492,0,1,21.18,21.19,18,10,27,57.497,182,303,496,1247,39.794
5493,0,1,0.15,0.15,9,6,19,43.106,68,194,238,1191,40.456
5494,0,1,2.34,2.34,9,8,18,36.014,185,1341,203,572,30.768
5495,0,1,10.32,10.36,25,18,41,85.105,144,202,196,1291,43.610
5496,0,1,0.05,0.06,10,6,19,47.089,360,1319,459,231,43.700
5497,0,1,49.21,49.22,22,17,36,75.133,602,459,218,1337,38.332
5498,0,1,0.05,0.06,10,6,16,38.532,283,1345,289,501,33.761
5499,0,1,14.44,14.45,19,13,25,52.334,263,511,568,1317,34.471
5500,0,1,5.77,5.77,11,10,26,60.740,275,31,515,1330,52.839
5501,0,1,5.23,5.24,27,19,29,59.692,282,13,90,920,37.084
5502,0,1,2.94,2.95,27,21,38,81.898,524,341,319,1333,40.518
5503,0,1,0.02,0.02,6,5,18,44.393,456,198,363,1299,44.197
5504,0,1,0.03,0.04,6,5,18,42.793,250,1234,444,461,31.879
5505,0,1,0.02,0.03,7,6,18,43.291,279,277,369,1235,38.489
5506,0,1,0.03,0.04,6,4,15,37.235,252,1050,174,195,34.342
5507,0,1,15.62,15.63,16,9,18,37.144,410,1167,393,394,30.927
5508,0,1,1.16,1.17,21,14,23,46.270,521,339,230,1116,33.188
5509,0,1,3.34,3.35,22,19,32,59.136,499,1238,211,46,49.052
5510,0,1,0.02,0.02,5,3,15,39.401,183,317,320,1283,39.027
5511,0,1,24.13,24.14,21,15,32,63.462,108,388,523,1187,36.014
5512,0,1,6.18,6.20,21,12,24,51.921,525,1262,500,370,35.694
5513,0,1,0.05,0.06,10,9,24,52.913,76,223,469,958,33.339
5514,0,1,0.06,0.06,7,6,17,40.827,220,188,342,940,30.473
5515,0,1,3.75,3.76,14,12,22,38.069,356,460,348,1244,31.362
5516,0,0,500.01,500.01,0,0,0,0.000,139,130,574,854,33.785
5517,0,1,0.21,0.22,8,6,15,34.741,449,923,321,180,30.158
5518,0,1,0.24,0.25,9,8,18,39.247,507,1003,296,254,31.126
5519,0,1,0.09,0.09,10,8,23,55.041,318,41,475,996,38.713
5520,0,1,1.91,1.91,16,11,26,61.182,384,1188,252,196,40.030
5521,0,1,0.16,0.17,11,7,19,45.495,236,1087,450,182,37.198
5522,0,1,0.10,0.10,10,5,19,47.313,278,1150,242,250,36.029
5523,0,0,500.01,500.01,0,0,0,0.000,585,200,311,1192,41.166
5524,0,0,500.03,500.03,0,0,0,0.000,299,323,112,1326,40.811
5525,0,1,78.51,78.52,19,18,36,71.106,568,581,102,1222,31.700
5526,0,1,1.46,1.46,19,13,30,69.618,87,224,541,996,35.824
5527,0,1,0.07,0.07,7,5,14,33.914,433,1382,460,544,33.537
5528,0,1,0.31,0.32,12,9,25,54.693,406,1071,376,264,32.302
5529,0,1,8.06,8.07,15,10,20,42.882,340,379,451,1384,40.444
5530,0,1,0.02,0.02,8,6,25,60.944,136,63,258,1217,46.417
5531,0,1,0.94,0.95,13,11,25,54.698,244,1103,497,226,36.511
5532,0,1,0.08,0.08,10,8,19,43.749,133,1328,576,660,32.062
5533,0,1,0.09,0.09,7,5,16,40.992,306,1088,354,251,33.535
5534,0,1,0.44,0.44,8,7,20,46.618,601,146,221,923,34.598
5535,0,1,0.68,0.69,13,12,21,43.074,96,1225,358,488,31.287
5536,0,1,0.59,0.60,17,13,29,69.047,617,138,229,1108,41.789
5537,0,1,3.96,3.97,20,14,29,65.439,357,1290,543,417,35.704
5538,0,1,0.06,0.07,6,4,13,33.514,375,247,465,1045,32.122
5539,0,1,19.13,19.14,25,17,33,67.323,122,59,109,1197,45.523
5540,0,1,0.22,0.22,7,6,16,35.495,192,837,138,57,31.275
5541,0,1,64.98,64.99,31,24,41,74.165,93,1231,359,395,35.092
5542,0,1,13.71,13.72,20,11,32,75.065,478,50,230,1341,52.584
5543,0,1,0.77,0.78,20,15,25,54.957,352,15,523,783,31.472
5544,0,1,7.05,7.06,19,13,30,69.116,124,296,218,1322,41.212
5545,0,1,37.84,37.85,25,18,37,69.818,169,25,567,1287,52.931
5546,0,1,2.52,2.53,11,8,18,36.891,205,483,217,1385,36.083
5547,0,1,0.15,0.15,8,7,21,46.912,449,1239,540,390,34.155
5548,0,1,0.28,0.29,14,9,26,62.255,593,472,205,1147,31.143
5549,0,1,5.43,5.43,16,12,27,56.947,215,181,147,1232,42.128
5550,0,0,500.01,500.01,0,0,0,0.000,452,1307,256,357,38.800
5551,0,1,2.79,2.81,17,17,35,72.284,569,54,58,1021,43.749
5552,0,1,0.69,0.70,15,11,25,54.350,130,1237,102,57,47.213
5553,0,0,500.02,500.02,0,0,0,0.000,137,1227,368,319,37.477
5554,0,1,0.05,0.06,7,6,24,58.321,412,1198,192,123,43.891
5555,0,1,1.31,1.32,17,13,26,55.402,330,1227,112,419,33.476
5556,0,1,0.55,0.56,11,9,29,67.237,268,1219,364,15,48.313
5557,0,1,0.04,0.04,7,6,24,58.866,414,58,367,1153,43.840
5558,0,1,0.19,0.19,12,8,21,47.875,562,260,431,1083,33.334
5559,0,1,0.46,0.47,16,8,28,70.131,20,14,382,923,39.137
5560,0,1,7.91,7.92,32,26,53,109.049,104,39,546,938,40.071
5561,0,1,0.65,0.66,16,12,32,77.825,334,1256,402,124,45.362
5562,0,1,0.06,0.07,7,6,20,48.217,180,1115,536,163,40.655
5563,0,1,0.26,0.26,13,8,23,56.475,132,182,435,920,31.911
5564,0,1,22.96,22.96,18,15,28,56.389,187,272,612,1130,38.300
5565,0,1,5.75,5.76,22,16,30,57.822,226,1291,499,223,44.094
5566,0,1,5.09,5.10,15,13,27,53.456,585,1137,143,194,41.658
5567,0,1,14.35,14.35,12,9,24,53.947,288,187,601,1209,42.754
5568,0,1,0.04,0.05,8,4,19,48.327,392,138,343,1300,46.521
5569,0,0,500.01,500.01,0,0,0,0.000,595,219,382,1132,37.501
5570,0,1,2.49,2.51,22,13,32,73.452,581,459,342,1328,36.051
5571,0,1,0.14,0.14,7,5,17,41.758,263,264,458,1081,33.598
5572,0,1,2.91,2.92,18,11,23,49.322,251,1040,367,189,34.355
5573,0,1,0.69,0.70,20,14,30,66.938,171,1111,28,175,37.874
5574,0,1,0.11,0.12,11,9,25,57.612,272,1054,75,197,35.174
5575,0,1,0.48,0.48,11,7,20,46.964,418,1288,218,254,42.127
5576,0,1,4.21,4.22,13,11,24,49.142,343,1304,526,404,36.737
5577,0,1,0.63,0.64,12,7,22,54.703,372,1195,205,36,46.839
5578,0,1,0.08,0.09,12,9,25,58.561,355,1146,254,272,35.193
5579,0,1,41.87,41.89,20,16,35,70.627,503,373,508,1191,32.721
5580,0,1,11.35,11.36,23,16,31,65.094,404,266,187,1310,42.653
5581,0,1,21.92,21.94,22,13,30,63.521,137,160,143,1248,43.521
5582,0,1,0.08,0.09,11,6,17,40.922,424,423,431,1367,37.761
5583,0,1,0.09,0.10,11,7,19,42.521,265,980,515,196,32.916
5584,0,1,0.35,0.35,8,7,21,49.811,214,39,285,1106,42.774
5585,0,1,0.18,0.18,9,9,22,48.672,501,1052,126,321,32.863
5586,0,1,44.22,44.23,17,7,20,47.256,176,173,231,1291,44.774
5587,0,1,2.13,2.14,21,14,28,57.042,250,74,522,776,30.114
5588,0,1,1.62,1.63,16,10,24,51.292,321,916,287,112,32.189
5589,0,1,0.02,0.02,6,5,18,43.435,220,167,183,1224,42.306
5590,0,1,2.10,2.11,15,12,20,39.478,176,88,78,916,33.351
5591,0,1,0.06,0.06,9,5,19,47.994,524,1074,217,229,35.962
5592,0,1,0.57,0.58,15,12,26,56.080,117,369,301,1258,36.314
5593,0,1,0.49,0.50,17,14,29,65.094,617,31,43,654,33.885
5594,0,1,2.92,2.93,15,11,26,54.732,433,1304,132,251,43.807
5595,0,1,5.16,5.17,15,11,29,69.359,314,1316,491,158,46.858
5596,0,1,9.27,9.28,20,15,30,61.910,549,292,90,1238,42.059
5597,0,1,0.02,0.02,5,4,18,44.288,172,179,426,1067,36.944
5598,0,1,6.23,6.24,18,14,26,50.306,107,1034,498,377,30.582
5599,0,1,154.55,154.56,19,16,30,63.316,122,354,72,1128,31.025
5600,0,1,2.15,2.16,19,14,25,50.988,142,91,588,950,38.715
5601,0,1,1.05,1.06,18,17,33,64.791,247,206,217,1283,43.097
5602,0,1,0.26,0.26,11,9,24,55.632,455,1043,126,58,41.540
5603,0,1,75.85,75.87,36,25,36,54.433,391,430,100,1324,37.607
5604,0,1,0.83,0.84,16,11,28,63.694,323,1302,146,47,50.697
5605,0,1,0.73,0.74,14,11,28,62.289,191,1381,522,352,43.237
5606,0,1,0.12,0.12,7,7,23,52.820,504,1054,198,207,36.023
5607,0,1,0.23,0.24,13,11,28,64.608,100,886,473,48,36.691
5608,0,1,1.76,1.77,17,9,21,45.497,257,72,233,916,33.774
5609,0,1,1.50,1.51,21,12,27,63.260,106,493,315,1320,34.120
5610,0,1,0.20,0.21,12,9,28,70.773,232,1284,93,208,43.398
5611,0,1,0.23,0.24,11,6,18,44.440,356,1232,333,274,38.331
5612,0,1,12.61,12.64,21,14,35,76.925,121,1277,552,39,52.435
5613,0,1,0.12,0.13,16,11,33,77.919,166,14,332,1230,49.091
5614,0,1,5.14,5.15,15,13,27,57.195,415,1374,607,258,45.296
5615,0,1,0.05,0.05,8,7,16,36.616,459,1007,498,168,33.596
5616,0,1,1.00,1.00,10,9,22,49.381,504,121,455,1213,43.724
5617,0,1,10.35,10.36,22,16,30,60.331,505,305,110,1336,44.163
5618,0,1,13.92,13.93,22,15,29,54.807,504,1251,55,404,38.346
5619,0,1,0.84,0.85,16,11,27,57.601,548,1279,93,438,38.248
5620,0,1,0.57,0.58,21,15,32,64.662,517,1237,383,240,40.239
5621,0,1,1.60,1.61,14,10,30,68.880,422,165,361,1069,36.242
5622,0,1,3.49,3.49,9,7,19,42.310,431,1274,198,346,38.272
5623,0,1,0.23,0.24,16,14,26,55.840,390,50,467,977,37.208
5624,0,1,0.09,0.09,6,4,14,33.506,91,880,197,100,31.487
5625,0,1,0.03,0.04,8,4,21,54.084,196,133,355,1082,38.489
5626,0,1,0.13,0.13,11,9,28,65.610,278,1326,208,90,49.519
5627,0,1,0.06,0.07,9,6,23,56.255,314,62,350,1305,49.741
5628,0,1,0.90,0.90,10,7,20,45.269,438,168,326,1182,40.807
5629,0,1,0.53,0.54,14,11,25,56.357,135,887,172,53,33.393
5630,0,1,1.36,1.37,15,14,31,67.604,290,41,110,1041,40.643
5631,0,1,0.89,0.90,17,12,35,81.014,192,84,523,759,30.072
5632,0,1,7.87,7.88,19,14,28,57.411,353,1095,20,393,31.079
5633,0,1,0.06,0.07,8,7,19,44.683,565,45,47,639,31.525
5634,0,1,0.75,0.76,11,9,23,49.751,437,1189,601,102,43.972
5635,0,1,0.62,0.63,15,9,21,45.958,418,1172,497,129,41.840
5636,0,1,0.33,0.34,15,9,22,49.618,609,728,53,33,35.601
5637,0,1,0.02,0.03,5,5,16,35.693,78,26,218,832,32.723
5638,0,1,0.08,0.08,10,6,21,49.807,385,137,214,1137,40.581
5639,0,1,0.15,0.16,11,10,23,50.209,228,1236,211,434,32.087
5640,0,1,0.14,0.15,10,6,18,45.849,439,998,220,124,36.041
5641,0,1,0.65,0.66,25,12,27,59.805,187,1193,498,435,32.773
5642,0,1,3.44,3.44,20,13,25,48.300,345,1171,38,234,39.440
5643,0,1,0.59,0.60,18,12,29,63.931,362,1086,428,35,42.123
5644,0,1,26.17,26.17,19,13,24,51.584,107,1263,364,446,34.259
5645,0,1,2.25,2.26,17,13,28,55.320,560,170,97,762,30.062
5646,0,1,7.82,7.83,10,9,22,49.153,147,1228,62,206,41.021
5647,0,1,12.26,12.27,22,15,30,64.700,30,1135,42,382,30.124
5648,0,1,0.17,0.18,14,11,33,73.912,361,29,369,907,35.121
5649,0,1,51.24,51.25,20,16,36,79.041,415,28,615,1016,40.322
5650,0,1,1.67,1.67,19,11,26,58.971,86,1215,532,465,34.904
5651,0,1,56.17,56.18,26,19,36,70.294,106,489,227,1268,31.534
5652,0,1,0.39,0.40,11,8,19,43.271,454,50,173,768,30.841
5653,0,1,0.88,0.89,12,10,22,51.511,444,1380,217,651,30.541
5654,0,1,0.10,0.10,11,8,26,65.338,31,399,344,1290,37.775
5655,0,1,0.29,0.29,11,9,28,68.417,362,1335,402,22,52.544
5656,0,1,0.42,0.43,11,8,23,51.141,251,1225,430,194,41.857
5657,0,1,0.04,0.04,8,6,29,71.846,584,46,419,1127,43.741
5658,0,1,0.02,0.03,8,5,20,47.982,224,37,347,1126,43.837
5659,0,1,99.38,99.40,29,20,37,70.516,68,212,21,1134,36.928
5660,0,1,1.04,1.04,16,10,19,40.739,85,53,618,583,30.066
5661,0,1,0.75,0.76,19,15,29,65.845,359,30,526,990,38.977
5662,0,1,0.16,0.17,12,10,26,63.268,200,1377,565,375,42.656
5663,0,1,12.16,12.17,20,18,33,62.921,86,1315,430,365,40.415
5664,0,1,1.58,1.58,17,12,36,84.248,529,30,180,1373,55.504
5665,0,1,0.09,0.10,9,7,24,58.541,588,378,339,1115,31.117
5666,0,1,0.84,0.85,15,7,21,51.933,277,1242,533,460,32.913
5667,0,1,0.45,0.46,15,10,27,63.482,274,202,265,1295,43.721
5668,0,1,0.06,0.07,6,5,16,37.439,428,1348,464,420,37.148
5669,0,1,0.73,0.73,9,6,14,32.909,116,141,203,900,30.559
5670,0,1,2.11,2.12,16,12,26,56.010,124,111,567,992,39.444
5671,0,1,3.35,3.37,26,21,41,89.054,523,610,424,1377,30.935
5672,0,1,0.04,0.05,9,6,16,39.659,347,1215,398,252,38.574
5673,0,1,0.08,0.08,9,8,20,44.967,357,183,437,1172,39.689
5674,0,1,43.31,43.31,10,9,18,32.855,430,1177,355,410,30.826
5675,0,1,6.07,6.08,20,16,30,61.252,298,109,546,1265,47.292
5676,0,1,0.04,0.04,10,7,28,69.107,488,51,309,1121,43.395
5677,0,1,0.02,0.02,8,5,23,60.022,493,1117,177,41,44.858
5678,0,1,0.27,0.27,9,5,19,48.182,431,1227,343,201,41.191
5679,0,1,0.27,0.27,16,14,34,79.362,298,1103,412,52,42.287
5680,0,1,71.06,71.07,27,17,32,59.381,242,64,484,1324,51.321
5681,0,1,1.55,1.56,11,9,23,54.117,222,1205,388,186,41.297
5682,0,1,0.02,0.03,7,5,21,53.920,430,1205,76,200,42.621
5683,0,1,19.09,19.10,15,12,22,37.579,424,1357,390,441,36.665
5684,0,1,0.02,0.03,5,4,16,37.620,198,278,335,1173,36.217
5685,0,1,1.23,1.23,14,9,22,48.977,458,322,215,1371,43.071
5686,0,1,0.02,0.04,7,6,18,39.791,177,223,464,974,32.159
5687,0,1,0.02,0.02,7,4,19,47.731,430,360,509,1149,31.718
5688,0,1,3.90,3.91,29,18,33,70.043,618,1230,144,187,45.826
5689,0,1,0.20,0.21,11,10,24,51.562,555,1335,189,382,40.835
5690,0,1,2.94,2.96,34,21,38,83.350,92,520,508,1150,30.198
5691,0,1,0.87,0.88,14,12,28,58.485,26,157,466,960,36.626
5692,0,1,0.26,0.27,12,9,25,59.650,213,168,114,1071,36.336
5693,0,1,1.87,1.87,16,9,24,51.089,301,1227,522,365,35.595
5694,0,1,1.23,1.24,13,10,25,55.567,339,970,281,142,33.201
5695,0,1,0.02,0.02,5,3,14,35.773,432,395,347,1271,35.205
5696,0,1,3.35,3.36,23,16,38,90.359,388,59,498,868,32.658
5697,0,1,14.01,14.02,23,16,27,49.267,262,85,59,1004,37.646
5698,0,1,0.96,0.96,7,6,16,38.170,535,1286,357,510,31.846
5699,0,1,14.52,14.52,18,13,26,53.654,332,248,127,1323,43.775
5700,0,1,1.80,1.81,9,6,16,37.705,271,1127,105,321,32.917
5701,0,1,0.20,0.21,13,11,26,58.407,120,321,266,1163,34.183
5702,0,1,89.10,89.11,25,17,33,66.446,84,102,425,1375,52.715
5703,0,0,500.01,500.01,0,0,0,0.000,614,221,108,991,36.855
5704,0,1,0.10,0.11,6,5,16,37.059,270,504,341,1307,32.245
5705,0,1,0.54,0.55,13,10,23,54.410,208,1105,522,169,39.491
5706,0,1,0.09,0.10,9,7,28,64.964,545,26,286,1295,51.806
5707,0,1,8.36,8.37,21,17,28,56.602,170,35,588,923,39.258
5708,0,1,0.84,0.84,11,6,19,45.204,211,1206,560,326,37.867
5709,0,1,0.20,0.21,18,13,29,68.606,528,329,491,1127,31.954
5710,0,1,6.44,6.45,12,9,21,45.631,383,528,108,1276,31.878
5711,0,1,1.25,1.26,13,9,23,49.916,175,122,470,1063,39.446
5712,0,1,0.02,0.03,8,5,21,52.675,243,15,408,1100,43.899
5713,0,1,1.68,1.69,27,19,43,91.739,266,1209,213,126,43.372
5714,0,1,0.04,0.04,8,5,21,51.474,311,189,298,1130,37.644
5715,0,1,0.04,0.05,10,9,28,65.631,502,38,461,1165,45.110
5716,0,1,39.98,39.99,20,13,30,62.142,100,153,412,1296,47.393
5717,0,1,0.01,0.02,5,3,14,36.580,175,375,296,1262,35.809
5718,0,1,0.53,0.53,11,10,25,57.055,414,1164,274,104,42.768
5719,0,1,0.05,0.05,9,7,21,47.218,435,1359,366,246,44.605
5720,0,1,43.34,43.35,20,16,31,57.283,243,33,303,807,31.053
5721,0,1,0.02,0.02,7,6,22,52.556,104,234,382,1228,41.286
5722,0,1,4.81,4.81,15,14,22,36.453,180,217,165,1034,32.686
5723,0,1,0.07,0.08,9,7,22,49.454,363,262,465,1032,31.069
5724,0,1,13.46,13.47,20,16,29,55.998,384,113,567,1010,36.619
5725,0,1,3.64,3.65,20,14,29,62.578,218,1369,499,90,52.380
5726,0,1,26.95,26.97,23,18,33,59.607,541,169,155,1186,43.512
5727,0,1,6.29,6.29,16,9,16,34.089,196,55,117,830,31.161
5728,0,1,0.50,0.50,14,10,25,57.744,132,953,198,70,35.419
5729,0,1,42.17,42.18,12,9,24,50.053,597,156,484,1212,42.481
5730,0,1,4.97,4.98,12,10,19,34.613,420,1310,402,510,32.008
5731,0,1,54.93,54.94,31,22,38,74.202,161,1332,144,531,32.047
5732,0,1,0.06,0.07,8,5,18,43.659,284,13,263,1035,40.889
5733,0,1,0.50,0.51,12,7,21,50.120,311,1335,541,408,38.204
5734,0,1,0.27,0.28,9,8,23,53.537,515,1144,457,322,32.962
5735,0,1,0.10,0.10,8,8,23,51.342,178,1381,402,242,46.433
5736,0,1,0.02,0.02,6,6,23,52.946,427,1213,216,162,42.879
5737,0,1,0.03,0.03,8,7,21,46.935,334,958,206,109,34.344
5738,0,1,9.45,9.46,19,17,38,76.318,565,21,190,1293,53.045
5739,0,1,0.12,0.13,9,8,16,37.513,131,811,326,19,32.626
5740,0,1,1.75,1.75,17,12,26,56.756,501,229,132,989,33.794
5741,0,1,0.19,0.19,10,9,22,47.659,486,145,132,1008,37.311
5742,0,1,0.20,0.20,13,11,30,70.267,316,197,413,1229,41.462
5743,0,1,0.32,0.32,10,8,18,40.963,506,94,422,904,32.574
5744,0,1,0.06,0.07,9,5,19,50.684,216,1100,416,41,43.109
5745,0,1,2.98,2.99,26,19,37,82.328,589,149,489,1267,44.899
5746,0,1,0.10,0.11,13,10,25,57.040,225,1376,428,244,46.002
5747,0,1,0.08,0.09,12,10,29,66.525,405,44,346,1084,41.667
5748,0,1,0.29,0.30,13,5,16,41.798,471,1156,417,203,38.181
5749,0,1,0.47,0.47,13,10,22,48.099,266,183,411,1092,36.820
5750,0,1,0.99,1.00,18,11,29,65.677,55,1010,282,153,35.462
5751,0,1,0.01,0.02,6,3,16,41.441,455,1215,196,330,36.885
5752,0,1,0.46,0.47,16,9,27,64.646,158,1139,145,103,41.443
5753,0,1,0.04,0.04,6,6,20,46.295,431,897,257,24,35.607
5754,0,1,2.19,2.22,21,14,26,52.339,138,817,598,145,32.574
5755,0,1,0.06,0.06,6,5,17,42.296,248,910,46,60,34.947
5756,0,1,32.06,32.07,19,18,39,77.173,608,21,560,1323,52.115
5757,0,1,4.42,4.44,27,18,35,72.755,523,1248,93,360,39.465
5758,0,1,0.26,0.26,16,11,29,67.981,303,102,134,1009,36.904
5759,0,1,0.08,0.08,6,5,16,36.107,417,963,532,201,30.825
5760,0,1,0.10,0.10,8,7,22,54.187,193,219,371,1221,40.708
5761,0,1,0.36,0.36,12,11,26,59.682,200,1231,113,341,35.770
5762,0,1,53.26,53.28,24,16,34,71.629,208,69,516,1237,48.317
5763,0,1,8.42,8.43,20,16,34,68.922,619,1218,84,29,52.153
5764,0,1,0.23,0.23,11,10,24,56.513,127,996,529,48,41.189
5765,0,1,0.18,0.18,7,6,15,35.868,226,779,29,30,30.979
5766,0,1,0.69,0.70,14,10,28,63.156,232,1313,491,156,47.425
5767,0,1,7.74,7.75,18,15,30,61.695,525,301,570,1217,36.684
5768,0,1,0.13,0.14,18,12,33,74.670,272,42,327,1108,42.697
5769,0,0,500.01,500.01,0,0,0,0.000,246,1095,284,327,30.758
5770,0,1,6.45,6.46,14,9,20,40.995,213,569,556,1270,31.217
5771,0,1,0.03,0.03,6,5,14,31.744,436,525,382,1305,31.275
5772,0,1,7.90,7.91,15,10,27,64.095,80,306,209,1310,40.490
5773,0,1,0.06,0.07,7,7,19,39.856,211,1151,276,282,34.857
5774,0,1,20.49,20.50,19,15,30,62.212,114,1220,207,413,32.494
5775,0,1,0.41,0.42,10,9,20,44.037,384,939,179,60,36.104
5776,0,1,0.35,0.36,14,8,17,38.765,546,720,180,23,31.490
5777,0,1,0.87,0.89,17,14,28,61.505,427,43,531,1008,38.824
5778,0,1,0.22,0.22,14,10,28,63.923,337,24,318,1192,46.726
5779,0,0,500.01,500.01,0,0,0,0.000,610,220,286,1340,46.637
5780,0,1,8.90,8.91,14,10,23,47.287,288,1125,523,397,30.600
5781,0,1,0.22,0.23,11,7,23,58.162,106,360,259,1197,34.035
5782,0,1,0.03,0.03,7,4,15,37.153,397,200,421,1051,34.054
5783,0,1,0.04,0.04,8,6,25,60.663,516,1141,470,257,35.408
5784,0,1,0.02,0.05,6,5,18,41.974,185,272,314,1128,34.627
5785,0,1,1.04,1.05,16,12,23,44.685,27,834,207,35,32.761
5786,0,1,0.77,0.78,21,13,28,63.623,435,984,392,24,38.439
5787,0,1,0.01,0.02,6,4,15,39.595,461,383,178,1102,30.908
5788,0,1,5.39,5.40,25,17,33,70.565,597,1337,85,448,41.036
5789,0,1,4.15,4.16,24,15,37,81.586,288,1285,481,54,49.842
5790,0,1,0.03,0.03,6,6,18,40.698,436,328,166,1072,31.659
5791,0,1,0.02,0.04,5,5,17,39.054,345,1053,450,204,34.219
5792,0,1,0.19,0.19,11,11,27,64.274,428,40,225,1219,47.854
5793,0,1,4.65,4.66,24,19,38,82.594,550,260,95,1259,43.909
5794,0,1,0.06,0.08,5,5,20,47.518,182,157,364,1306,46.533
5795,0,1,0.30,0.31,17,11,28,65.436,498,326,261,1321,40.913
5796,0,1,0.23,0.23,13,11,23,49.250,566,1336,502,291,41.878
5797,0,1,0.87,0.88,16,13,25,52.873,331,929,128,95,34.334
5798,0,1,0.05,0.06,9,8,24,54.449,98,1156,191,349,32.494
5799,0,1,4.02,4.02,10,8,20,42.880,192,238,210,1266,41.126
5800,0,1,0.61,0.62,11,8,21,51.797,252,1220,317,194,41.122
5801,0,1,0.11,0.12,8,5,20,49.150,134,203,405,1116,38.095
5802,0,1,0.91,0.94,22,15,41,95.502,355,49,568,938,36.566
5803,0,1,0.18,0.18,11,10,25,59.146,358,929,288,22,36.388
5804,0,1,0.20,0.21,16,12,36,85.177,598,148,490,1118,39.040
5805,0,1,2.85,2.86,18,12,24,53.876,544,1248,219,349,38.238
5806,0,1,0.04,0.05,7,4,17,43.075,182,316,349,1335,41.304
5807,0,1,0.06,0.06,10,8,27,64.503,429,1098,393,41,42.305
5808,0,1,0.38,0.39,16,12,31,67.804,46,36,213,1069,41.856
5809,0,1,0.22,0.23,11,9,29,70.538,128,102,446,1362,51.980
5810,0,1,3.07,3.07,15,11,24,50.644,173,322,601,1002,32.139
5811,0,1,0.10,0.10,8,7,20,48.115,388,24,187,936,37.355
5812,0,1,0.04,0.04,7,4,15,37.704,34,17,174,821,32.644
5813,0,1,3.33,3.34,20,15,38,89.279,566,52,181,1017,41.559
5814,0,1,5.49,5.50,39,25,42,91.751,481,40,610,907,35.062
5815,0,1,0.12,0.13,7,5,20,47.739,268,1114,92,62,42.665
5816,0,1,2.80,2.81,21,16,26,47.779,494,169,135,952,34.455
5817,0,1,0.49,0.49,9,4,15,37.411,601,156,431,984,33.811
5818,0,1,0.05,0.05,7,6,18,43.120,294,258,252,1025,30.726
5819,0,1,0.11,0.12,10,8,23,52.418,276,148,281,1253,44.200
5820,0,1,0.15,0.16,10,7,21,50.718,267,186,287,1201,40.608
5821,0,1,1.68,1.69,19,13,25,53.285,441,950,451,30,36.802
5822,0,1,0.03,0.03,7,4,16,41.145,266,254,256,1177,36.922
5823,0,1,2.39,2.40,21,17,38,83.870,482,1221,270,153,43.554
5824,0,1,1.89,1.89,15,11,25,52.920,219,1178,385,130,42.443
5825,0,1,0.08,0.10,10,9,27,60.687,614,29,300,1088,44.183
5826,0,1,6.20,6.21,16,12,20,36.220,367,393,396,1231,33.540
5827,0,1,0.50,0.50,17,12,28,61.145,520,390,183,1195,34.908
5828,0,1,0.41,0.42,13,11,25,54.787,591,1009,143,23,43.320
5829,0,1,0.05,0.06,9,7,24,57.674,69,239,212,1135,36.294
5830,0,0,500.01,500.01,0,0,0,0.000,60,1198,611,196,45.740
5831,0,1,0.19,0.20,12,11,28,62.379,49,920,514,40,39.812
5832,0,1,6.98,6.99,22,20,42,90.780,570,1018,107,196,37.737
5833,0,1,24.25,24.27,26,21,43,87.493,495,431,100,1331,39.315
5834,0,1,0.64,0.65,15,9,23,52.140,400,1197,300,258,37.772
5835,0,1,0.33,0.34,11,8,22,52.083,125,384,394,1100,30.595
5836,0,1,1.22,1.22,13,6,22,54.125,311,167,239,1149,39.385
5837,0,1,0.23,0.24,15,9,31,80.022,435,1035,612,48,40.110
5838,0,1,0.77,0.78,11,9,28,66.847,316,1300,111,99,48.735
5839,0,1,0.04,0.05,7,7,20,45.734,256,1193,190,174,40.845
5840,0,1,0.05,0.06,10,9,28,68.161,328,198,491,1072,35.563
5841,0,0,500.01,500.01,0,0,0,0.000,253,330,524,1155,34.735
5842,0,1,1.05,1.06,12,9,23,50.894,302,1325,545,174,47.055
5843,0,1,0.03,0.04,6,5,19,46.293,281,1214,513,117,44.851
5844,0,1,0.03,0.03,7,6,19,45.424,600,1146,413,281,35.399
5845,0,1,0.10,0.11,10,9,21,44.844,357,1080,126,342,30.932
5846,0,0,500.01,500.01,0,0,0,0.000,600,195,195,1184,42.748
5847,0,1,0.05,0.06,6,6,17,40.887,432,1324,318,513,32.759
5848,0,1,0.35,0.36,14,12,31,69.481,419,1190,458,44,45.867
5849,0,1,6.54,6.55,13,9,22,47.900,182,1165,502,302,36.817
5850,0,1,0.35,0.36,15,12,31,70.754,85,595,367,1327,31.378
5851,0,1,2.55,2.56,22,16,34,69.311,64,200,155,1190,39.767
5852,0,1,0.06,0.06,8,6,21,50.258,322,54,288,941,35.506
5853,0,1,2.84,2.84,14,10,23,52.521,269,1210,131,322,35.946
5854,0,1,0.58,0.59,12,10,22,46.330,619,667,142,63,30.786
5855,0,1,0.43,0.44,16,12,29,71.011,116,775,608,33,35.612
5856,0,1,0.02,0.03,8,7,20,46.049,461,383,241,1203,33.960
5857,0,1,0.06,0.07,12,8,29,73.554,617,43,424,1166,45.579
5858,0,1,0.04,0.04,7,4,16,38.469,213,422,365,1349,37.575
5859,0,1,0.03,0.04,6,5,14,35.180,535,192,437,937,30.057
5860,0,1,0.06,0.06,8,6,18,42.731,260,244,325,1182,37.610
5861,0,1,39.88,39.89,20,16,34,67.432,541,416,213,1364,40.126
5862,0,1,0.09,0.10,13,12,34,77.329,617,12,459,938,37.575
5863,0,1,18.85,18.86,32,26,42,71.461,127,474,593,1319,38.599
5864,0,1,0.23,0.23,13,6,19,47.363,182,1102,407,171,38.312
5865,0,1,13.43,13.44,24,21,38,76.274,21,883,430,34,37.695
5866,0,1,1.28,1.29,19,13,25,51.294,38,387,445,1143,34.344
5867,0,1,0.04,0.04,7,6,18,41.843,431,1210,181,386,34.444
5868,0,1,0.13,0.14,8,7,24,54.657,147,1129,48,25,44.337
5869,0,1,6.78,6.79,30,23,39,75.881,250,125,115,1318,48.025
5870,0,1,0.27,0.28,14,10,26,57.871,214,149,469,979,34.732
5871,0,1,0.05,0.05,11,7,24,60.004,532,37,414,896,34.683
5872,0,1,0.35,0.35,13,10,24,49.456,140,37,321,907,35.545
5873,0,1,0.06,0.07,9,7,23,58.349,289,1318,208,379,37.699
5874,0,1,1.11,1.12,20,11,29,70.239,488,95,433,900,32.275
5875,0,1,33.42,33.43,16,13,28,58.920,588,261,132,1258,43.853
5876,0,1,0.43,0.43,12,9,20,43.308,116,299,311,1286,40.243
5877,0,1,0.03,0.04,6,5,17,39.484,304,1287,425,521,31.020
5878,0,1,13.96,13.97,32,23,32,56.847,22,24,546,945,42.385
5879,0,1,2.97,2.98,21,10,26,64.295,260,1311,117,154,46.632
5880,0,1,0.05,0.05,8,4,18,46.008,215,932,444,16,37.768
5881,0,1,0.02,0.02,4,3,13,33.004,359,1164,423,355,32.461
5882,0,1,1.16,1.17,16,11,26,59.942,283,964,46,32,38.466
5883,0,1,0.48,0.50,14,9,24,55.347,352,1218,258,206,40.654
5884,0,1,13.48,13.49,22,13,27,60.432,535,1227,109,475,34.571
5885,0,1,0.05,0.06,10,7,22,52.891,258,1077,303,260,32.730
5886,0,1,0.07,0.08,10,6,21,51.266,86,22,293,1177,46.936
5887,0,1,0.02,0.02,8,6,22,54.020,48,62,231,1229,47.250
5888,0,1,138.80,138.82,30,21,34,63.956,292,244,70,1131,36.574
5889,0,1,0.13,0.14,9,9,24,51.069,300,127,316,1173,41.845
5890,0,1,0.22,0.22,10,7,21,47.290,252,109,356,1061,38.307
5891,0,1,0.30,0.31,9,6,19,45.427,512,170,440,1191,40.941
5892,0,1,38.99,39.00,14,12,20,39.289,187,389,204,1269,35.207
5893,0,1,0.27,0.28,10,7,23,58.625,63,1328,462,306,43.885
5894,0,1,0.03,0.03,8,7,24,54.505,302,12,365,1125,44.591
5895,0,1,0.22,0.23,16,12,34,85.013,591,58,264,1210,47.900
5896,0,1,0.23,0.24,14,9,26,60.520,614,1318,436,493,33.759
5897,0,1,26.47,26.48,27,14,27,57.670,125,402,505,1217,35.969
5898,0,1,1.11,1.12,24,18,34,76.754,591,941,596,34,36.281
5899,0,1,16.45,16.46,20,13,30,67.950,230,33,573,1018,41.720
5900,0,1,2.51,2.52,20,14,23,41.767,597,925,347,208,30.373
5901,0,1,0.14,0.15,13,8,27,61.865,86,58,418,884,35.609
5902,0,1,1.02,1.03,14,13,35,78.940,73,44,181,1061,40.909
5903,0,1,0.03,0.04,7,4,19,48.038,277,278,461,1165,36.235
5904,0,1,0.91,0.91,12,10,21,45.173,417,762,39,16,33.452
5905,0,1,0.55,0.56,11,7,22,51.176,541,200,274,1134,38.857
5906,0,1,0.54,0.55,19,14,37,78.133,505,97,253,1227,46.310
5907,0,1,0.02,0.02,6,5,19,47.863,438,988,176,55,38.764
5908,0,1,1.50,1.50,13,10,19,39.603,332,207,512,998,32.449
5909,0,0,500.01,500.01,0,0,0,0.000,339,315,290,1323,40.368
5910,0,1,0.32,0.33,8,7,18,44.004,314,1116,538,292,34.156
5911,0,1,0.08,0.09,9,8,24,56.137,519,1071,210,182,37.647
5912,0,1,0.01,0.02,5,4,17,41.229,196,180,253,1202,40.944
5913,0,1,7.04,7.05,26,12,36,82.595,317,1316,139,462,34.894
5914,0,1,2.64,2.64,14,12,26,53.952,485,1194,196,373,34.815
5915,0,1,3.49,3.50,17,13,21,39.263,109,140,524,779,30.477
5916,0,1,0.09,0.10,8,8,19,40.674,607,1022,361,277,31.383
5917,0,1,0.08,0.09,11,11,25,53.970,88,363,261,1098,30.203
5918,0,1,0.06,0.06,8,6,21,48.929,257,281,440,1128,34.662
5919,0,1,4.54,4.54,11,10,23,45.864,190,1287,467,278,41.853
5920,0,1,0.70,0.71,17,16,25,47.829,591,291,92,923,32.210
5921,0,1,0.04,0.05,8,7,18,43.084,359,1153,178,399,31.017
5922,0,1,0.02,0.03,5,4,14,32.245,217,784,134,30,30.342
5923,0,0,500.01,500.01,0,0,0,0.000,383,322,197,1351,41.827
5924,0,1,0.82,0.84,17,11,27,64.961,54,190,406,1231,43.956
5925,0,1,0.03,0.04,7,4,19,48.256,203,46,277,1041,39.910
5926,0,1,6.63,6.63,16,12,25,52.434,280,413,617,1336,39.304
5927,0,1,0.09,0.10,11,7,25,58.527,193,1192,329,51,45.963
5928,0,1,4.24,4.26,20,13,31,66.474,542,1273,267,117,47.530
5929,0,1,14.52,14.52,13,12,24,44.792,583,1327,470,422,36.481
5930,0,1,83.01,83.02,21,17,30,56.943,218,16,333,782,30.983
5931,0,1,0.22,0.23,9,9,23,50.464,137,32,136,1090,42.320
5932,0,1,2.06,2.07,20,16,27,51.525,265,837,510,114,30.535
5933,0,1,0.16,0.17,15,10,29,65.659,217,26,438,1052,41.981
5934,0,1,3.98,3.99,18,16,36,71.794,26,1210,218,193,41.399
5935,0,1,0.66,0.66,12,11,18,35.830,552,931,516,151,31.233
5936,0,1,0.83,0.84,14,14,28,59.077,196,61,260,1032,38.924
5937,0,1,0.17,0.18,13,10,23,52.161,173,1131,512,393,32.485
5938,0,1,0.95,0.96,14,10,20,43.887,205,36,519,729,30.433
5939,0,1,0.40,0.41,13,10,27,63.927,591,1331,192,509,36.549
5940,0,1,0.14,0.14,8,7,22,51.783,30,36,380,892,36.992
5941,0,1,0.48,0.49,11,8,22,49.375,404,1014,219,44,39.499
5942,0,1,0.06,0.06,6,4,18,44.785,333,1276,423,182,43.908
5943,0,1,0.10,0.10,7,6,18,39.956,457,914,127,181,32.154
5944,0,1,0.09,0.09,9,5,20,47.953,163,63,376,1140,43.914
5945,0,1,0.31,0.32,12,9,28,64.103,453,49,305,1228,47.530
5946,0,1,4.47,4.48,24,16,31,64.239,172,1318,515,592,32.118
5947,0,1,0.41,0.42,11,8,20,46.643,301,967,286,51,36.645
5948,0,1,0.58,0.58,16,9,20,45.476,385,1109,107,289,34.634
5949,0,1,21.82,21.82,15,10,18,36.432,357,490,104,1215,30.715
5950,0,1,7.97,7.98,12,10,23,48.269,410,1323,462,184,45.607
5951,0,1,0.07,0.07,9,7,22,53.691,395,1216,176,154,43.374
5952,0,1,0.71,0.72,15,10,24,54.204,502,215,412,1329,44.705
5953,0,1,0.03,0.04,9,8,26,61.034,308,1311,206,149,46.659
5954,0,1,0.02,0.02,8,5,19,44.690,102,40,216,1082,41.929
5955,0,1,1.94,1.95,15,11,22,48.060,458,1143,107,340,35.054
5956,0,1,0.07,0.07,7,7,17,37.606,66,195,346,933,31.573
5957,0,1,3.11,3.12,20,15,27,55.871,144,92,567,923,37.299
5958,0,1,1.80,1.81,19,13,26,54.891,555,1198,118,304,39.804
5959,0,1,0.29,0.29,11,8,23,54.363,57,192,400,1019,35.812
5960,0,0,500.01,500.01,0,0,0,0.000,256,312,320,1311,40.042
5961,0,1,0.10,0.10,7,6,18,44.733,309,1106,498,105,40.747
5962,0,1,3.50,3.50,16,15,25,48.062,251,97,573,1005,38.536
5963,0,1,0.48,0.48,10,8,26,64.233,496,337,412,1352,40.739
5964,0,1,0.06,0.06,11,10,32,78.067,54,12,355,915,38.074
5965,0,1,0.01,0.02,6,6,22,51.412,342,1299,169,45,50.635
5966,0,1,0.02,0.02,6,5,19,46.244,305,248,361,1288,41.660
5967,0,1,0.07,0.07,8,7,21,51.389,343,1238,220,182,42.526
5968,0,1,5.99,6.00,25,14,27,58.370,507,156,576,1314,46.402
5969,0,1,0.28,0.28,11,7,20,46.374,280,1102,576,158,39.573
5970,0,1,1.17,1.17,10,8,21,48.763,342,1297,559,454,34.819
5971,0,1,0.49,0.49,12,6,22,54.220,123,120,202,1044,37.095
5972,0,1,4.69,4.70,15,14,23,45.178,584,1017,218,237,34.464
5973,0,1,0.02,0.02,7,5,16,36.445,181,266,279,1162,36.054
5974,0,1,3.04,3.05,21,15,33,76.679,156,1198,606,29,50.105
5975,0,1,28.35,28.36,21,17,36,75.902,570,386,523,1239,34.172
5976,0,1,0.08,0.08,7,4,17,40.477,223,1143,217,135,40.321
5977,0,1,0.07,0.07,7,6,16,36.831,307,937,382,134,32.260
5978,0,1,2.60,2.61,23,15,39,88.840,356,1268,101,99,47.860
5979,0,1,0.68,0.69,13,7,17,35.521,133,1278,187,460,32.791
5980,0,1,0.43,0.44,12,10,21,42.817,239,1051,132,145,36.492
5981,0,1,0.03,0.03,6,5,18,43.217,614,18,209,723,32.522
5982,0,1,22.48,22.49,22,13,26,55.882,540,246,516,1237,39.652
5983,0,1,0.51,0.52,13,9,22,50.636,581,162,385,952,32.558
5984,0,1,0.16,0.17,14,14,27,53.724,184,1171,290,51,45.000
5985,0,1,115.42,115.42,13,13,30,57.110,321,276,38,1122,35.683
5986,0,1,11.97,11.98,13,10,20,39.662,375,639,61,1325,30.178
5987,0,1,0.07,0.07,8,6,20,50.747,252,76,349,1172,44.011
5988,0,1,0.30,0.31,17,10,26,59.248,98,358,193,1177,32.980
5989,0,1,0.06,0.07,12,9,25,59.133,23,297,265,1041,31.295
5990,0,1,0.02,0.03,5,5,18,41.130,185,256,373,1215,39.090
5991,0,1,11.09,11.10,23,15,34,73.243,84,543,420,1356,35.188
5992,0,1,0.05,0.06,9,7,20,46.908,269,1134,433,280,34.784
5993,0,1,0.02,0.02,5,4,16,39.217,192,275,329,1224,38.354
5994,0,0,500.01,500.01,0,0,0,0.000,129,132,21,876,30.072
5995,0,1,4.85,4.86,19,14,28,60.081,491,1248,608,135,44.765
5996,0,1,0.58,0.58,12,6,17,38.937,283,191,432,993,32.629
5997,0,1,0.17,0.18,11,9,26,60.783,142,1109,428,162,39.570
5998,0,1,2.37,2.37,20,14,25,52.420,151,1283,119,319,38.581
5999,0,1,0.12,0.13,8,5,15,36.365,364,900,194,133,31.425
6000,0,1,0.87,0.88,19,15,34,71.392,226,1228,28,406,33.820
6001,0,1,0.05,0.05,7,6,18,43.572,456,1264,208,364,37.342
6002,0,1,0.05,0.06,8,6,19,45.106,381,1309,349,239,42.819
6003,0,1,0.13,0.13,8,5,14,33.945,346,192,456,943,30.361
6004,0,1,0.40,0.40,11,8,17,37.431,510,829,171,159,30.035
6005,0,1,7.55,7.56,21,13,30,69.172,109,500,189,1303,32.279
6006,0,1,0.30,0.31,11,8,24,59.268,559,59,282,950,37.323
6007,0,1,5.24,5.25,16,11,23,47.836,444,1317,502,203,44.620
6008,0,1,4.13,4.14,17,11,24,48.842,310,1257,509,448,33.325
6009,0,1,8.98,8.99,12,10,18,35.057,346,1236,385,427,32.398
6010,0,1,1.05,1.06,21,16,30,65.495,594,925,548,49,35.088
6011,0,1,31.58,31.58,10,9,23,48.987,462,276,148,1221,39.832
6012,0,1,0.31,0.31,10,6,23,55.436,279,1256,378,15,49.798
6013,0,1,0.29,0.30,17,11,34,78.188,136,24,187,960,37.496
6014,0,1,0.42,0.42,15,9,24,55.989,328,194,366,1166,38.910
6015,0,1,0.13,0.13,13,11,29,67.509,537,219,222,1232,42.434
6016,0,1,0.46,0.46,10,9,19,44.134,198,547,620,1321,35.263
6017,0,1,4.46,4.47,22,14,33,68.881,272,1103,246,195,36.335
6018,0,1,0.07,0.07,9,9,29,68.095,616,394,303,1245,36.269
6019,0,1,21.20,21.21,18,15,30,62.794,438,41,578,1011,39.202
6020,0,1,0.10,0.11,9,7,22,50.927,405,111,191,1116,41.101
6021,0,0,500.01,500.01,0,0,0,0.000,610,206,400,1164,39.230
6022,0,1,21.56,21.57,27,18,33,65.118,513,292,449,1371,43.236
6023,0,1,3.18,3.19,27,19,34,60.383,47,1027,204,211,33.239
6024,0,1,16.54,16.55,27,17,36,74.114,144,124,89,1282,46.372
6025,0,1,0.03,0.04,6,4,15,35.841,428,282,434,1178,35.841
6026,0,1,0.40,0.41,13,12,27,61.252,134,1240,418,163,44.553
6027,0,1,6.44,6.46,28,20,36,71.112,510,1249,392,170,43.417
6028,0,1,0.05,0.05,13,8,32,79.955,113,38,380,1109,44.151
6029,0,1,0.05,0.05,9,6,22,52.672,175,23,371,1058,42.136
6030,0,1,0.99,1.00,14,7,22,51.437,255,1228,536,409,34.635
6031,0,1,0.04,0.04,7,4,18,45.744,220,1229,590,289,40.408
6032,0,1,1.98,2.00,23,17,33,71.446,242,1029,407,38,40.186
6033,0,1,5.54,5.54,13,10,23,51.323,311,1288,567,456,34.820
6034,0,1,4.01,4.02,13,10,21,46.236,228,1361,191,265,43.865
6035,0,1,0.32,0.33,12,8,26,63.131,320,1160,106,59,44.864
6036,0,1,0.36,0.37,11,10,24,53.837,561,1313,286,237,44.423
6037,0,1,1.83,1.83,16,13,29,60.779,268,1244,527,341,37.576
6038,0,1,3.25,3.25,15,14,25,47.826,562,1133,572,378,30.203
6039,0,1,3.86,3.87,14,12,27,52.129,102,1279,87,96,47.324
6040,0,1,10.00,10.01,21,17,27,46.862,288,449,522,1248,33.302
6041,0,1,3.67,3.68,21,15,26,51.440,117,699,539,1326,30.231
6042,0,1,0.06,0.06,9,6,22,52.471,64,46,132,1110,42.647
6043,0,1,0.31,0.31,9,7,16,33.138,108,824,165,32,31.762
6044,0,1,10.70,10.71,20,11,28,63.434,140,192,450,1383,49.227
6045,0,1,0.10,0.10,11,7,21,55.912,529,335,289,1137,33.486
6046,0,1,26.04,26.04,15,11,19,32.686,433,525,453,1321,31.850
6047,0,1,0.05,0.05,7,5,19,47.028,159,48,265,1164,44.841
6048,0,1,4.32,4.33,10,7,16,37.022,455,528,461,1381,34.121
6049,0,1,5.03,5.04,16,12,27,59.067,123,1155,102,374,31.251
6050,0,1,1.31,1.32,14,10,24,51.495,488,184,468,1323,45.567
6051,0,1,0.23,0.24,11,10,26,62.696,456,899,611,40,34.915
6052,0,1,2.88,2.89,19,13,28,56.623,308,1181,115,407,31.908
6053,0,1,2.84,2.85,16,12,30,67.964,545,1312,188,17,53.732
6054,0,1,10.27,10.28,12,8,24,58.494,457,212,224,1363,46.974
6055,0,1,0.16,0.16,11,10,28,66.953,580,171,147,1156,43.039
6056,0,1,38.94,38.96,22,15,33,69.805,59,593,426,1273,30.909
6057,0,1,3.93,3.94,12,10,25,56.469,338,272,409,1275,40.220
6058,0,1,0.82,0.83,15,8,21,50.301,412,1302,566,251,42.489
6059,0,1,5.13,5.14,24,15,35,73.036,110,417,56,1202,31.474
6060,0,1,0.07,0.07,9,8,23,53.384,281,1049,138,244,32.704
6061,0,1,0.03,0.03,7,7,21,48.368,250,1200,145,244,38.470
6062,0,1,0.13,0.14,9,8,24,55.570,488,121,317,1345,49.435
6063,0,1,38.10,38.11,19,13,31,68.213,530,27,77,1194,50.074
6064,0,1,3.87,3.87,10,9,22,46.209,248,48,50,1021,39.718
6065,0,1,0.76,0.77,11,9,21,45.926,439,179,317,1071,36.012
6066,0,1,0.08,0.08,12,9,27,62.038,335,57,442,979,37.128
6067,0,1,0.18,0.18,12,8,22,50.689,361,1070,230,61,40.699
6068,0,1,1.15,1.16,23,19,36,72.778,337,1044,562,20,41.937
6069,0,1,5.30,5.31,34,23,35,67.645,114,437,493,1155,32.476
6070,0,1,0.01,0.02,5,4,17,42.064,464,214,380,1258,41.895
6071,0,1,0.03,0.04,7,5,19,47.181,267,1314,465,394,37.643
6072,0,1,0.13,0.14,10,9,28,64.599,221,1181,149,63,44.813
6073,0,0,500.01,500.01,0,0,0,0.000,233,1216,245,348,34.723
6074,0,1,7.76,7.77,18,15,24,48.162,458,263,31,1024,34.904
6075,0,1,1.88,1.89,19,14,31,66.581,401,126,25,1314,49.843
6076,0,1,2.34,2.35,18,12,26,60.570,526,1330,142,195,47.928
6077,0,1,2.65,2.65,16,9,22,56.286,360,1273,255,211,42.687
6078,0,1,1.61,1.62,19,15,30,65.782,450,1271,74,59,50.759
6079,0,1,29.83,29.85,23,18,39,78.701,29,299,98,1312,40.614
6080,0,1,0.09,0.10,9,6,23,56.148,506,1081,383,257,33.325
6081,0,1,0.64,0.64,16,10,27,62.571,152,1195,92,317,35.202
6082,0,1,32.34,32.36,33,24,43,79.474,513,378,99,1334,41.672
6083,0,0,500.01,500.01,0,0,0,0.000,592,213,325,950,31.355
6084,0,1,0.79,0.81,21,13,29,63.129,143,344,327,1301,38.981
6085,0,1,0.02,0.03,5,4,16,39.776,440,265,221,1164,37.012
6086,0,1,28.92,28.93,32,18,33,69.392,96,421,30,1312,35.738
6087,0,1,2.27,2.28,19,14,23,42.006,247,448,222,1332,35.374
6088,0,1,0.16,0.17,12,11,23,53.137,449,323,193,1130,33.865
6089,0,1,0.77,0.77,18,13,31,73.116,609,376,304,1222,35.972
6090,0,1,0.15,0.16,13,10,23,48.335,453,842,135,107,32.034
6091,0,1,0.34,0.35,12,9,21,48.285,520,341,223,1097,32.490
6092,0,1,0.03,0.03,6,5,19,45.462,311,1314,301,520,31.763
6093,0,1,0.03,0.03,7,6,22,52.079,80,223,334,1151,38.485
6094,0,1,4.48,4.49,15,12,34,80.284,193,1387,221,17,54.811
6095,0,1,0.04,0.04,8,5,18,43.160,496,176,382,1214,41.770
6096,0,1,0.44,0.44,8,7,23,52.380,212,1201,539,211,41.704
6097,0,1,0.03,0.04,8,8,25,60.160,273,244,280,1062,32.721
6098,0,1,0.09,0.10,13,10,27,60.700,131,440,437,1227,33.776
6099,0,1,0.02,0.02,6,5,20,49.386,221,23,329,1183,46.601
6100,0,1,0.39,0.40,12,9,22,51.160,114,837,454,20,35.397
6101,0,1,0.03,0.03,8,6,24,55.388,160,17,252,1089,43.038
6102,0,1,60.83,60.85,24,13,31,69.429,357,58,556,1285,49.721
6103,0,1,0.09,0.10,11,9,25,56.873,593,45,223,1085,44.154
6104,0,1,1.04,1.04,14,9,25,58.693,511,328,404,1189,34.705
6105,0,1,14.33,14.34,17,12,25,49.938,447,275,209,1289,41.662
6106,0,1,0.63,0.64,15,12,28,62.466,93,1247,288,116,45.907
6107,0,1,2.79,2.80,25,20,34,64.446,497,210,173,957,32.570
6108,0,1,0.05,0.05,9,7,24,57.424,140,43,463,990,40.023
6109,0,1,18.25,18.26,21,18,34,69.702,472,51,33,1210,49.574
6110,0,1,0.16,0.17,10,6,23,56.591,466,1107,314,12,44.220
6111,0,1,2.28,2.29,19,17,27,46.306,256,446,436,1332,36.164
6112,0,1,0.12,0.13,10,9,22,49.983,545,160,375,1267,44.799
6113,0,1,0.45,0.46,13,9,22,48.983,176,81,337,1051,39.331
6114,0,1,1.99,2.00,14,9,24,57.012,293,1284,73,302,40.254
6115,0,1,0.19,0.20,14,9,27,68.738,80,385,240,1232,34.479
6116,0,1,0.52,0.53,15,9,26,61.777,368,1095,434,37,42.402
6117,0,1,0.05,0.05,5,5,18,40.627,230,1030,154,30,40.115
6118,0,1,0.05,0.06,7,4,17,44.088,572,43,175,762,32.853
6119,0,1,0.12,0.13,13,8,25,62.822,594,170,310,1235,44.089
6120,0,1,0.17,0.17,11,9,22,45.924,295,1281,202,386,35.993
6121,0,1,0.64,0.64,16,12,21,46.656,63,52,507,747,32.989
6122,0,1,0.11,0.11,11,9,22,51.147,323,1179,509,402,31.958
6123,0,1,1.55,1.56,16,12,27,56.585,142,185,464,1032,36.246
6124,0,1,0.10,0.10,8,6,26,65.222,435,61,400,1137,43.063
6125,0,1,0.03,0.03,7,4,17,45.099,156,50,310,1127,43.518
6126,0,0,500.01,500.01,0,0,0,0.000,263,343,423,1235,36.249
6127,0,1,9.15,9.16,24,13,29,64.594,474,1150,84,87,45.291
6128,0,1,2.04,2.05,22,17,29,59.202,129,52,102,857,32.218
6129,0,1,1.00,1.01,9,9,20,40.062,472,1018,537,234,31.468
6130,0,1,0.66,0.67,20,13,31,70.952,112,1001,416,40,40.317
6131,0,1,0.02,0.02,7,5,18,41.939,457,1226,216,304,38.119
6132,0,1,39.55,39.56,26,18,36,71.862,549,500,507,1335,33.442
6133,0,1,25.99,26.00,20,16,34,71.731,91,199,193,1332,45.503
6134,0,1,25.65,25.67,25,19,32,58.074,124,102,580,1007,40.536
6135,0,1,0.05,0.06,7,5,21,54.654,78,197,354,1260,43.930
6136,0,1,77.61,77.63,15,13,34,73.007,75,1134,355,33,45.442
6137,0,1,1.52,1.53,21,15,30,61.928,112,360,188,1243,35.451
6138,0,1,0.55,0.56,18,13,32,73.832,71,1333,198,322,40.758
6139,0,1,1.96,1.97,13,9,24,56.245,250,1195,261,162,41.322
6140,0,1,0.10,0.10,11,9,24,58.558,562,580,287,1280,30.083
6141,0,1,0.57,0.57,18,14,24,46.672,229,1350,428,469,36.128
6142,0,1,1.11,1.12,20,18,35,74.703,125,1207,258,30,47.380
6143,0,1,2.03,2.04,19,11,28,65.626,128,434,185,1285,34.116
6144,0,1,0.05,0.05,6,6,19,43.400,118,309,488,1004,31.494
6145,0,1,0.35,0.35,13,11,20,43.261,44,920,113,116,32.278
6146,0,1,0.05,0.06,10,6,23,54.288,213,1156,283,183,39.021
6147,0,1,42.34,42.35,26,17,34,63.954,271,113,518,1335,49.869
6148,0,1,13.52,13.53,13,12,21,40.225,595,1313,439,502,33.035
6149,0,1,1.63,1.64,21,16,31,64.180,456,1128,501,317,32.490
6150,0,1,5.60,5.61,12,8,23,54.037,223,25,493,1197,48.108
6151,0,1,0.25,0.25,14,12,27,59.415,495,87,307,937,34.822
6152,0,1,0.06,0.06,8,7,23,55.333,199,1069,168,240,33.183
6153,0,1,0.97,0.98,16,11,22,48.572,82,824,508,170,31.220
6154,0,1,9.39,9.40,19,17,36,72.575,563,33,422,1331,52.225
6155,0,1,4.37,4.38,21,12,29,64.223,139,999,569,252,34.477
6156,0,1,0.49,0.50,20,13,35,82.002,618,103,450,1221,45.222
6157,0,1,2.02,2.03,13,9,23,51.340,293,1162,282,171,39.642
6158,0,1,1.21,1.22,13,11,26,60.455,452,1322,119,359,40.758
6159,0,1,0.13,0.14,11,8,22,51.102,104,289,324,1144,35.314
6160,0,1,0.15,0.16,13,7,22,54.365,507,312,302,1251,38.445
6161,0,1,0.59,0.60,12,7,19,43.161,451,996,282,241,30.947
6162,0,1,0.08,0.09,10,8,26,62.111,103,42,415,992,39.997
6163,0,1,0.19,0.19,11,7,20,49.013,356,1254,518,480,31.631
6164,0,1,0.87,0.88,15,12,30,70.328,385,1064,619,19,42.835
6165,0,1,0.03,0.04,8,8,24,57.501,203,210,316,1284,43.197
6166,0,1,0.04,0.04,6,6,17,36.626,212,1113,86,288,33.383
6167,0,1,8.99,9.00,25,19,33,72.113,560,370,564,1328,38.320
6168,0,1,0.06,0.07,9,7,26,63.995,98,197,465,940,33.148
6169,0,1,0.47,0.47,16,9,27,67.432,174,951,426,50,37.423
6170,0,1,0.48,0.48,13,8,21,51.834,300,89,288,1122,41.323
6171,0,1,1.89,1.89,15,11,18,39.203,106,185,54,935,30.072
6172,0,1,0.01,0.02,5,4,16,38.952,616,290,397,1082,32.869
6173,0,1,12.92,12.93,27,21,37,71.589,434,1300,123,589,31.042
6174,0,1,5.51,5.52,21,17,35,72.723,499,1207,425,23,47.452
6175,0,1,0.02,0.02,7,6,20,48.473,233,269,290,1217,37.988
6176,0,1,2.87,2.88,17,13,30,66.229,476,156,96,911,33.809
6177,0,1,25.39,25.40,18,17,36,70.830,310,44,156,1222,47.521
6178,0,1,0.46,0.47,13,9,26,65.519,250,1150,130,211,37.865
6179,0,1,0.20,0.21,13,10,22,47.382,439,1182,261,193,40.196
6180,0,1,0.41,0.41,11,8,23,52.901,148,1089,411,157,38.736
6181,0,1,0.14,0.15,11,9,25,53.573,193,1131,560,391,33.040
6182,0,1,42.01,42.03,30,22,39,76.601,559,445,483,1267,33.020
6183,0,1,34.04,34.05,16,12,21,39.818,196,501,493,1244,32.006
6184,0,1,4.53,4.54,21,15,32,70.189,619,88,108,1331,53.758
6185,0,1,25.31,25.32,21,13,25,44.781,303,511,502,1273,31.502
6186,0,1,112.54,112.56,37,27,43,71.666,507,1204,142,535,30.484
6187,0,1,0.07,0.07,9,9,24,53.454,285,1146,318,173,38.942
6188,0,1,0.12,0.12,9,9,27,63.825,341,39,379,1050,40.469
6189,0,1,0.19,0.19,9,7,25,60.926,348,1292,180,376,37.251
6190,0,1,0.05,0.05,7,6,19,44.801,163,304,439,1090,33.322
6191,0,1,0.09,0.10,9,7,25,56.766,546,12,263,1038,42.573
6192,0,1,0.18,0.19,12,9,26,63.666,117,437,266,1298,34.952
6193,0,1,12.59,12.60,20,12,27,56.239,435,168,67,1201,43.864
6194,0,1,17.80,17.80,13,10,25,52.386,585,292,156,1206,40.387
6195,0,0,500.02,500.02,0,0,0,0.000,381,315,95,1325,41.988
6196,0,1,0.13,0.14,8,7,22,51.038,555,332,220,1094,33.296
6197,0,1,0.08,0.09,10,6,15,35.149,370,1318,430,501,32.768
6198,0,1,0.59,0.60,11,6,27,70.399,424,1202,434,45,46.282
6199,0,1,0.04,0.05,8,6,19,44.737,189,286,264,1335,42.067
6200,0,1,0.10,0.11,11,7,20,42.096,431,188,342,1193,40.357
6201,0,1,5.57,5.57,14,10,27,63.879,492,1219,376,21,48.144
6202,0,1,0.22,0.22,14,10,29,68.602,464,46,339,1234,47.782
6203,0,1,2.87,2.88,22,12,30,65.875,318,1095,62,236,35.853
6204,0,1,0.86,0.87,18,13,33,75.517,543,1227,470,22,48.288
6205,0,1,5.15,5.17,25,17,39,90.725,195,139,618,909,35.142
6206,0,1,7.79,7.79,11,8,20,49.083,380,282,139,1198,37.887
6207,0,1,0.51,0.52,19,13,31,69.309,493,213,410,1098,35.555
6208,0,1,1.17,1.18,17,13,33,72.350,175,1382,186,99,51.322
6209,0,1,43.59,43.59,22,13,26,49.588,374,158,520,1286,45.496
6210,0,1,0.24,0.25,12,9,29,68.968,511,1079,565,46,41.376
6211,0,1,0.09,0.10,7,7,18,40.284,469,171,99,829,30.196
6212,0,1,0.04,0.04,7,4,17,42.504,254,1210,460,254,39.118
6213,0,1,3.48,3.50,15,12,25,56.440,503,1318,542,455,34.555
6214,0,1,26.42,26.43,21,16,31,65.186,137,140,539,1269,47.937
6215,0,1,1.82,1.82,13,9,19,42.040,313,912,294,143,30.769
6216,0,1,0.32,0.33,12,8,25,58.752,252,1205,42,38,47.430
6217,0,1,48.80,48.80,16,13,29,55.573,121,120,100,1261,45.648
6218,0,1,0.22,0.22,15,12,28,61.283,90,1269,463,345,39.858
6219,0,1,1.92,1.93,17,12,32,72.731,286,1345,489,98,50.537
6220,0,1,0.10,0.11,12,6,16,35.569,200,312,186,1125,32.525
6221,0,1,0.32,0.33,13,10,25,57.875,547,423,363,1244,33.655
6222,0,1,0.09,0.10,8,7,20,44.225,84,26,558,729,33.915
6223,0,1,0.02,0.02,7,6,17,39.634,411,1128,560,386,30.272
6224,0,1,1.49,1.50,19,11,22,46.360,161,1107,505,398,31.522
6225,0,1,2.77,2.78,15,13,26,55.461,489,1253,238,274,40.427
6226,0,1,0.12,0.13,12,9,26,63.211,337,53,301,1273,48.821
6227,0,1,16.36,16.36,14,9,19,36.466,171,427,211,1297,34.837
6228,0,1,16.64,16.65,25,19,37,75.165,189,333,566,1213,38.294
6229,0,1,3.87,3.88,19,6,17,37.419,173,492,426,1284,33.257
6230,0,1,0.01,0.02,6,5,19,46.850,175,40,195,1207,46.687
6231,0,1,4.81,4.82,11,9,23,46.653,432,1348,398,255,43.741
6232,0,1,0.20,0.20,7,5,19,46.573,251,199,379,1102,36.481
6233,0,1,1.07,1.08,19,16,37,77.804,574,1332,409,16,53.052
6234,0,1,0.58,0.59,18,14,27,58.232,28,376,484,1146,35.796
6235,0,1,0.53,0.53,15,8,22,55.086,264,1308,583,472,35.792
6236,0,1,2.15,2.16,15,11,25,55.529,459,1143,143,459,30.139
6237,0,1,0.01,0.02,6,4,17,42.403,421,1196,307,262,37.637
6238,0,1,0.05,0.05,7,5,19,45.249,364,1101,273,156,37.975
6239,0,1,0.10,0.11,8,6,19,42.859,374,1237,391,240,39.886
6240,0,1,0.03,0.03,9,8,26,61.981,469,15,321,1197,47.649
6241,0,1,0.80,0.81,22,13,34,78.654,187,1072,608,34,44.805
6242,0,1,0.42,0.42,16,11,19,40.961,113,728,405,37,30.007
6243,0,1,1.74,1.75,14,10,24,53.138,434,1161,100,154,42.438
6244,0,1,0.59,0.59,14,11,34,77.414,186,947,475,37,38.192
6245,0,1,10.72,10.72,21,17,32,54.688,451,1342,515,373,38.844
6246,0,1,6.30,6.31,13,8,21,46.809,482,196,572,1126,37.374
6247,0,1,0.06,0.06,11,9,29,69.271,209,1208,372,17,48.084
6248,0,1,9.34,9.35,13,9,17,35.197,424,605,415,1356,30.042
6249,0,0,500.02,500.02,0,0,0,0.000,304,156,23,890,31.438
6250,0,1,1.25,1.26,13,10,27,62.490,516,345,347,1341,40.409
6251,0,1,3.40,3.41,20,17,38,83.429,554,21,580,1317,51.850
6252,0,1,4.29,4.30,26,15,25,51.538,247,187,43,927,30.704
6253,0,1,0.58,0.58,17,16,34,69.631,405,144,145,1085,39.050
6254,0,1,14.44,14.45,23,14,30,66.533,185,1323,224,53,50.824
6255,0,1,85.82,85.83,20,15,33,67.760,519,21,125,1333,54.795
6256,0,1,0.18,0.18,10,7,18,38.094,225,888,103,19,35.101
6257,0,1,0.12,0.12,8,6,20,47.015,125,248,325,1043,32.791
6258,0,1,0.13,0.13,13,8,29,68.326,191,1356,459,573,33.104
6259,0,1,0.77,0.78,18,13,29,66.972,70,40,397,896,36.653
6260,0,1,2.22,2.22,10,6,18,45.309,197,1031,536,337,30.895
6261,0,1,2.25,2.26,24,14,32,71.494,181,1343,533,407,40.000
6262,0,1,0.51,0.51,15,10,21,50.327,542,892,157,31,37.726
6263,0,1,0.79,0.80,18,12,29,66.432,269,912,389,50,34.813
6264,0,1,44.82,44.83,21,14,27,44.878,466,360,61,1129,34.765
6265,0,1,50.57,50.58,32,24,39,66.467,262,98,134,911,32.921
6266,0,1,0.03,0.03,7,6,23,55.617,308,1188,230,238,38.128
6267,0,1,1.49,1.50,24,17,36,78.935,377,1329,551,34,52.265
6268,0,1,8.95,8.95,11,11,21,37.041,468,517,533,1316,32.066
6269,0,1,1.40,1.41,20,18,36,73.164,112,1010,62,236,31.025
6270,0,1,0.23,0.23,12,10,22,51.421,364,1234,216,406,33.645
6271,0,1,0.36,0.36,14,9,30,72.237,302,1324,68,182,46.629
6272,0,1,0.11,0.11,11,7,22,54.366,343,1280,294,284,39.888
6273,0,1,0.12,0.13,10,4,17,44.163,396,203,326,1216,40.617
6274,0,1,0.29,0.30,11,10,27,57.158,501,356,175,1157,34.592
6275,0,1,0.31,0.31,9,6,19,42.118,377,173,378,948,31.000
6276,0,1,6.03,6.04,24,16,34,73.957,228,1311,195,202,44.380
6277,0,1,27.79,27.80,24,16,39,86.597,449,19,287,830,33.081
6278,0,1,0.08,0.08,9,7,22,51.483,460,241,396,1216,39.084
6279,0,1,0.24,0.25,10,7,19,41.137,136,76,455,822,32.454
6280,0,1,0.39,0.39,10,8,21,48.902,367,907,503,124,31.789
6281,0,1,0.05,0.05,5,5,17,39.607,536,1330,457,409,36.975
6282,0,1,0.74,0.75,16,14,27,54.397,160,1333,180,451,35.289
6283,0,1,0.51,0.51,14,11,25,55.650,232,1056,321,166,35.778
6284,0,1,0.22,0.22,9,5,19,48.433,369,1095,125,206,36.875
6285,0,1,5.85,5.86,24,22,38,72.603,600,1324,183,638,32.112
6286,0,1,0.90,0.91,21,17,38,87.448,149,1336,436,59,52.354
6287,0,1,1.12,1.13,17,11,26,57.956,120,419,373,1243,34.479
6288,0,1,18.05,18.06,21,13,25,53.818,544,218,588,1211,39.759
6289,0,1,0.97,0.97,12,10,22,46.142,533,1247,430,289,38.541
6290,0,1,1.47,1.48,21,13,29,60.402,145,1286,426,168,46.111
6291,0,1,0.22,0.22,10,8,26,60.760,431,1359,133,210,47.481
6292,0,1,6.69,6.69,11,11,21,37.970,395,428,280,1224,32.171
6293,0,1,0.31,0.32,12,9,27,62.996,482,1188,424,326,34.558
6294,0,1,11.95,11.96,14,13,24,46.544,204,1194,376,386,33.044
6295,0,1,0.31,0.31,11,11,31,71.455,128,301,191,1381,43.273
6296,0,1,3.89,3.90,11,10,20,40.077,213,881,517,149,31.705
6297,0,1,0.08,0.09,8,6,23,56.396,68,203,270,1182,39.985
6298,0,1,0.39,0.40,17,14,23,44.775,573,830,232,26,34.933
6299,0,1,0.30,0.31,12,9,19,41.873,565,1003,202,306,31.434
6300,0,1,8.84,8.85,21,19,28,52.359,498,1226,560,246,39.278
6301,0,1,2.06,2.07,21,15,33,68.633,126,1214,176,56,46.363
6302,0,1,9.69,9.70,27,17,39,87.364,274,178,230,1299,44.875
6303,0,1,1.21,1.22,18,14,32,73.639,112,1205,52,22,47.381
6304,0,1,0.18,0.19,17,10,26,58.702,176,86,465,1107,42.445
6305,0,1,4.94,4.95,19,14,32,72.325,596,15,409,1331,53.169
6306,0,0,500.01,500.01,0,0,0,0.000,330,1007,505,165,34.400
6307,0,1,0.21,0.22,10,9,28,63.442,554,306,470,1125,32.932
6308,0,0,500.01,500.01,0,0,0,0.000,571,1140,608,214,37.070
6309,0,1,2.35,2.36,10,8,17,34.418,254,1083,135,337,30.217
6310,0,1,0.06,0.07,9,8,23,52.003,265,160,91,896,30.252
6311,0,1,0.51,0.52,12,8,19,44.799,318,1053,139,49,40.793
6312,0,1,1.26,1.26,11,10,25,50.604,196,1326,189,97,49.161
6313,0,1,0.03,0.04,9,7,20,47.494,364,238,340,1183,37.812
6314,0,1,0.02,0.03,6,4,18,44.495,469,314,238,1204,36.780
6315,0,1,0.04,0.05,7,6,23,56.211,41,232,230,1222,40.315
6316,0,1,0.05,0.06,5,4,17,43.751,204,333,301,1126,31.956
6317,0,1,0.05,0.05,10,6,26,64.311,517,1159,115,52,47.109
6318,0,1,1.63,1.64,13,10,22,48.391,243,1108,357,192,36.923
6319,0,1,0.90,0.91,15,13,29,64.237,235,1192,421,281,37.192
6320,0,1,0.23,0.24,12,9,27,65.088,239,907,264,74,33.335
6321,0,1,0.01,0.02,5,4,17,42.163,328,1267,445,501,30.995
6322,0,1,17.77,17.80,11,9,18,32.063,442,1197,380,445,30.182
6323,0,1,10.65,10.66,23,19,39,74.691,562,1318,28,49,55.071
6324,0,1,2.13,2.14,18,14,26,55.313,210,957,398,105,34.900
6325,0,1,22.13,22.14,19,15,29,55.323,274,266,410,1383,45.010
6326,0,1,1.01,1.02,17,13,21,42.756,133,796,490,93,31.538
6327,0,1,0.16,0.17,15,13,31,70.219,249,1048,216,213,33.426
6328,0,1,28.56,28.58,34,26,37,73.467,91,358,612,1324,43.902
6329,0,1,0.03,0.04,7,4,21,53.109,435,14,216,1146,46.120
6330,0,0,500.01,500.01,0,0,0,0.000,188,201,585,864,30.911
6331,0,1,0.35,0.37,14,10,21,45.459,543,747,124,26,33.356
6332,0,1,1.65,1.66,18,11,25,55.721,603,130,116,751,31.567
6333,0,1,0.64,0.64,14,10,22,51.358,526,1003,247,53,39.605
6334,0,1,6.25,6.26,14,10,20,42.013,370,509,517,1322,33.047
6335,0,1,0.18,0.19,10,9,23,54.704,440,1088,118,38,43.931
6336,0,1,0.02,0.03,6,5,20,52.113,159,1163,201,247,36.678
6337,0,1,0.55,0.56,13,10,26,58.792,210,1299,205,492,32.281
6338,0,1,1.13,1.14,17,12,26,59.814,273,1267,78,456,33.365
6339,0,1,0.52,0.53,20,13,32,77.559,26,167,432,1070,39.603
6340,0,1,4.81,4.82,15,12,26,54.173,477,186,561,1152,38.786
6341,0,1,0.41,0.41,11,11,24,48.430,31,932,466,162,35.375
6342,0,1,4.39,4.40,18,15,31,63.416,618,1328,114,244,47.818
6343,0,1,0.16,0.17,14,12,31,68.933,251,130,151,1122,39.881
6344,0,1,0.69,0.70,19,14,31,68.899,509,1231,138,34,50.127
6345,0,1,0.03,0.04,8,5,23,57.139,172,53,213,1128,43.031
6346,0,1,0.12,0.13,13,9,28,69.809,98,39,129,1112,42.938
6347,0,1,36.21,36.23,20,17,30,59.389,180,1380,285,604,31.323
6348,0,1,0.31,0.32,16,12,28,64.467,537,521,317,1298,32.302
6349,0,1,0.28,0.29,15,11,31,73.455,144,1320,118,357,38.534
6350,0,1,23.41,23.42,19,11,23,46.949,210,187,134,1253,42.748
6351,0,1,0.12,0.13,11,7,27,68.438,306,1244,460,31,48.909
6352,0,1,0.34,0.34,14,11,31,70.214,444,35,350,1177,45.834
6353,0,1,4.14,4.14,13,10,23,49.560,411,1382,212,416,39.451
6354,0,1,0.23,0.24,20,13,34,82.378,104,1331,256,134,48.264
6355,0,1,16.11,16.12,21,15,29,61.677,545,495,142,1233,33.635
6356,0,0,500.01,500.01,0,0,0,0.000,403,1237,267,335,36.488
6357,0,1,0.05,0.05,6,6,19,43.504,224,250,463,1056,33.628
6358,0,1,3.74,3.75,15,11,24,47.111,288,1164,501,431,30.533
6359,0,1,0.21,0.22,10,10,26,58.691,537,459,242,1232,33.095
6360,0,1,0.67,0.68,20,12,33,79.923,496,1207,34,372,38.172
6361,0,1,20.27,20.28,12,9,21,43.400,426,301,456,1367,42.657
6362,0,1,0.21,0.22,13,8,34,85.423,344,13,436,761,30.145
6363,0,1,0.02,0.02,5,4,18,44.358,219,101,302,1186,43.527
6364,0,1,0.01,0.02,5,5,15,33.536,343,1196,422,450,30.007
6365,0,1,1.11,1.12,16,10,23,54.898,593,128,345,1238,45.495
6366,0,1,22.31,22.32,20,11,20,36.864,174,616,513,1286,30.035
6367,0,1,0.47,0.48,12,10,23,51.526,333,900,198,76,33.399
6368,0,1,0.02,0.02,5,4,14,35.695,433,1068,385,266,32.137
6369,0,1,3.15,3.16,18,15,30,65.519,231,1382,377,153,49.506
6370,0,1,0.20,0.20,16,10,30,74.948,165,1126,419,171,39.528
6371,0,1,0.15,0.15,10,8,19,42.696,83,833,575,163,33.250
6372,0,1,0.02,0.02,7,6,20,49.450,301,263,253,1213,38.048
6373,0,1,2.05,2.06,21,19,37,76.151,198,1212,73,187,41.304
6374,0,1,12.05,12.06,20,17,27,51.008,22,883,553,245,33.203
6375,0,1,0.15,0.15,13,9,26,60.821,457,1173,249,58,45.369
6376,0,1,1.50,1.51,18,13,30,66.212,272,1246,94,30,49.158
6377,0,0,500.01,500.01,0,0,0,0.000,533,22,598,870,34.020
6378,0,1,0.36,0.37,12,11,26,58.310,458,951,181,223,31.157
6379,0,1,21.81,21.82,17,10,23,49.395,414,237,94,1191,40.250
6380,0,1,7.87,7.88,28,23,34,55.023,79,1028,584,256,36.900
6381,0,1,6.90,6.91,11,10,28,66.759,447,60,84,1325,52.642
6382,0,1,0.52,0.53,12,9,20,44.068,114,231,395,1202,40.434
6383,0,1,6.79,6.81,18,14,33,74.070,136,494,93,1278,31.407
6384,0,1,0.02,0.02,7,5,17,41.426,445,274,200,1115,35.038
6385,0,1,26.21,26.22,22,17,25,36.397,200,639,537,1323,30.500
6386,0,1,10.70,10.71,30,23,46,92.253,99,1314,33,399,36.695
6387,0,1,0.13,0.14,12,11,30,67.200,316,1274,516,332,38.520
6388,0,1,0.02,0.02,6,5,21,49.873,514,1137,215,211,38.923
6389,0,1,2.44,2.44,10,6,17,42.185,220,1334,439,444,36.662
6390,0,1,0.27,0.27,11,7,22,53.003,76,947,250,121,33.765
6391,0,1,3.38,3.40,22,15,38,87.464,106,60,499,814,34.011
6392,0,1,0.20,0.21,15,8,24,58.820,277,1341,439,295,42.339
6393,0,1,0.01,0.01,5,5,17,37.286,418,1229,420,306,36.920
6394,0,1,0.67,0.68,12,10,26,56.865,54,1334,50,229,44.200
6395,0,1,0.05,0.06,10,9,27,59.409,355,1336,483,175,46.721
6396,0,1,1.12,1.12,12,9,24,51.296,313,918,391,101,32.829
6397,0,1,1.00,1.00,14,13,23,44.080,562,1020,396,157,35.153
6398,0,1,1.09,1.10,16,11,26,57.993,460,43,585,824,31.638
6399,0,1,0.04,0.04,10,8,24,56.125,268,102,298,1252,46.016
6400,0,1,0.03,0.03,6,6,19,41.496,285,1246,144,243,40.514
6401,0,1,0.07,0.08,8,7,23,52.415,406,1138,186,26,45.342
6402,0,1,1.86,1.87,20,15,29,58.463,445,1157,86,90,45.031
6403,0,1,9.19,9.20,23,16,34,69.807,428,171,436,1304,45.321
6404,0,1,1.61,1.62,18,14,26,56.374,452,953,532,35,36.859
6405,0,1,0.34,0.35,18,10,29,69.941,129,756,462,19,32.350
6406,0,1,0.01,0.01,4,4,14,31.369,431,904,508,146,30.476
6407,0,1,0.02,0.02,5,4,17,41.234,276,1151,458,226,37.709
6408,0,1,91.59,91.60,31,24,40,72.239,617,595,35,1127,31.540
6409,0,1,0.64,0.65,16,12,23,46.909,519,1334,22,637,34.242
6410,0,1,0.02,0.02,5,4,17,41.153,469,338,308,1136,32.563
6411,0,1,0.14,0.14,11,10,29,68.499,442,1179,440,19,46.400
6412,0,1,0.46,0.46,17,15,37,82.405,175,1384,495,34,55.496
6413,0,1,2.06,2.07,14,12,27,54.102,135,1246,481,170,45.210
6414,0,1,5.48,5.49,18,14,29,63.738,617,1203,108,423,37.255
6415,0,1,105.35,105.37,21,13,24,46.884,361,255,504,1256,40.447
6416,0,1,0.06,0.06,9,5,21,54.743,119,1159,225,254,36.447
6417,0,1,0.12,0.13,12,9,26,62.137,426,251,381,1220,38.802
6418,0,1,1.04,1.05,19,15,22,45.145,307,932,111,24,37.157
6419,0,1,9.32,9.34,19,15,24,43.664,503,88,499,956,34.720
6420,0,1,0.08,0.09,7,5,21,54.416,414,1224,213,61,47.210
6421,0,1,0.10,0.11,8,7,22,50.472,46,193,378,1278,45.386
6422,0,1,9.52,9.54,27,21,35,72.528,125,322,28,1325,40.307
6423,0,1,7.14,7.15,17,11,31,70.512,351,23,587,1315,52.535
6424,0,0,500.01,500.01,0,0,0,0.000,302,208,306,1006,31.920
6425,0,1,4.01,4.03,23,17,35,75.451,410,1221,583,52,47.269
6426,0,1,0.57,0.58,12,6,20,51.080,225,1110,260,154,38.266
6427,0,1,1.81,1.82,10,10,19,38.157,256,237,163,1035,32.136
6428,0,1,0.13,0.13,10,8,25,61.114,219,66,564,1022,40.654
6429,0,1,3.11,3.12,19,12,28,59.408,380,1233,111,96,46.736
6430,0,1,0.04,0.04,6,5,21,52.655,186,1225,577,161,45.343
6431,0,1,1.94,1.95,9,8,20,44.339,253,1220,106,189,41.657
6432,0,1,11.71,11.73,27,20,35,66.729,136,340,232,1373,41.498
6433,0,1,1.49,1.50,13,8,22,52.054,155,1112,560,289,36.690
6434,0,1,1.57,1.58,13,10,19,41.576,179,866,506,100,33.315
6435,0,1,3.90,3.90,19,15,27,56.087,128,1234,296,100,45.855
6436,0,1,23.34,23.34,18,13,34,71.389,492,47,484,1220,46.921
6437,0,1,16.60,16.61,24,20,37,68.399,505,523,436,1315,31.800
6438,0,1,0.21,0.21,8,8,18,38.683,257,460,433,1234,31.750
6439,0,1,0.03,0.03,5,4,17,43.178,430,1038,143,309,31.338
6440,0,1,2.58,2.59,17,14,26,51.471,132,948,564,261,32.461
6441,0,1,0.02,0.03,6,4,16,40.076,382,1127,508,183,38.095
6442,0,1,17.05,17.06,21,15,34,72.681,493,101,610,1324,49.143
6443,0,1,0.10,0.11,10,9,28,65.457,557,62,288,1120,43.666
6444,0,1,0.16,0.16,10,6,20,45.111,572,165,429,987,33.374
6445,0,1,0.19,0.19,9,6,18,39.854,144,1035,371,248,32.763
6446,0,1,0.01,0.02,5,4,15,35.676,426,261,382,1131,34.844
6447,0,1,1.07,1.08,12,7,19,46.802,289,1202,63,300,37.195
6448,0,1,0.06,0.06,8,7,25,61.379,103,47,404,1079,43.000
6449,0,1,0.06,0.06,7,6,21,51.636,213,1091,502,93,41.560
6450,0,1,0.35,0.36,15,11,27,59.464,118,176,142,999,32.934
6451,0,1,3.85,3.86,27,15,31,67.560,83,423,208,1370,38.209
6452,0,0,500.01,500.01,0,0,0,0.000,598,1144,257,326,35.449
6453,0,1,1.86,1.87,23,14,30,68.555,363,1265,535,506,31.130
6454,0,1,17.21,17.22,24,13,30,61.897,127,198,127,1274,43.040
6455,0,1,0.06,0.07,8,6,19,46.428,358,1167,165,302,35.451
6456,0,1,13.83,13.84,24,14,30,67.564,95,481,615,1126,33.140
6457,0,1,5.27,5.28,19,16,34,69.014,188,1382,502,130,51.631
6458,0,1,0.03,0.04,6,5,19,46.431,340,1239,180,234,40.706
6459,0,1,0.55,0.56,15,10,27,66.253,212,1207,90,24,47.571
6460,0,1,6.36,6.37,26,17,38,86.434,168,1319,499,47,52.574
6461,0,1,0.05,0.05,7,5,22,55.287,130,129,427,1213,44.958
6462,0,1,2.17,2.18,24,13,29,68.843,99,150,152,1316,46.688
6463,0,1,0.47,0.47,12,10,24,54.413,265,1178,598,143,43.490
6464,0,1,0.06,0.07,8,4,20,51.347,270,28,370,1235,48.445
6465,0,1,123.52,123.53,30,24,33,57.795,72,482,131,1273,31.728
6466,0,1,0.63,0.64,13,10,22,48.176,278,1267,412,169,44.246
6467,0,1,0.21,0.22,10,9,19,40.356,136,667,533,19,30.398
6468,0,1,8.20,8.21,20,17,34,64.813,224,1149,588,248,38.870
6469,0,1,0.39,0.39,11,10,23,47.611,517,13,90,789,35.429
6470,0,1,0.08,0.08,8,7,24,57.576,145,1100,399,152,39.258
6471,0,1,0.35,0.36,19,13,25,50.374,93,1278,40,379,36.022
6472,0,1,0.71,0.72,16,11,22,45.846,131,754,598,46,33.926
6473,0,1,0.15,0.16,6,6,18,42.820,509,783,179,46,32.300
6474,0,1,0.29,0.30,10,5,16,39.960,78,776,434,34,32.919
6475,0,1,132.56,132.57,17,13,33,74.488,340,171,44,1140,40.528
6476,0,1,0.20,0.21,15,7,27,66.148,34,19,151,1104,43.652
6477,0,1,0.09,0.09,8,6,19,45.970,429,1031,205,126,37.292
6478,0,1,0.22,0.23,11,8,22,52.163,450,841,333,25,32.974
6479,0,1,0.03,0.03,7,3,14,38.727,467,344,279,1149,33.066
6480,0,1,0.06,0.07,7,6,18,41.537,525,294,220,994,30.542
6481,0,1,6.12,6.13,23,16,32,69.487,464,167,78,851,31.416
6482,0,1,0.02,0.02,6,5,15,33.311,344,1279,426,467,32.645
6483,0,1,83.96,83.97,20,12,28,58.160,561,296,195,1298,42.670
6484,0,1,8.37,8.38,19,13,26,56.268,35,40,534,869,38.704
6485,0,1,4.85,4.87,28,20,36,70.389,355,1278,52,589,30.107
6486,0,1,1.88,1.89,16,13,27,56.616,274,1343,558,509,35.241
6487,0,1,0.13,0.13,12,10,27,64.948,338,14,478,1093,43.522
6488,0,1,32.20,32.21,17,13,31,66.058,592,303,541,1279,39.093
6489,0,1,0.85,0.86,11,9,22,54.239,455,1376,587,378,40.268
6490,0,1,1.10,1.10,20,14,28,58.024,488,1147,141,175,41.283
6491,0,0,500.01,500.01,0,0,0,0.000,259,330,241,1115,31.408
6492,0,1,21.38,21.39,22,16,34,69.725,508,463,194,1267,34.526
6493,0,1,0.07,0.08,8,6,17,36.583,332,1285,314,498,31.488
6494,0,1,49.16,49.17,24,14,26,49.585,204,286,490,1255,40.413
6495,0,1,0.04,0.04,7,5,15,34.146,259,254,219,1061,32.320
6496,0,1,1.15,1.16,16,12,36,84.643,475,1322,539,18,52.223
6497,0,1,0.04,0.05,9,7,25,59.746,502,36,311,1172,46.078
6498,0,1,19.20,19.21,18,17,31,52.645,426,437,197,1370,38.428
6499,0,1,49.36,49.37,27,20,38,72.051,261,124,504,1272,46.937
6500,0,1,1.21,1.22,21,12,29,63.772,579,1216,101,417,37.243
6501,0,1,0.15,0.15,12,10,25,53.171,112,323,323,1095,32.013
6502,0,1,0.16,0.16,12,8,23,57.457,199,1222,360,34,47.954
6503,0,1,0.35,0.36,21,14,30,70.540,181,1015,322,166,34.425
6504,0,1,3.78,3.79,18,10,24,54.679,385,1101,136,102,41.183
6505,0,1,0.33,0.34,10,8,23,52.574,505,36,198,965,39.136
6506,0,1,0.03,0.04,8,5,18,41.008,372,1319,433,368,38.118
6507,0,1,20.01,20.02,26,19,33,59.590,571,686,76,1318,32.111
6508,0,1,0.17,0.18,12,7,17,37.792,117,733,390,23,30.427
6509,0,1,3.02,3.02,10,8,17,38.032,332,506,455,1327,33.207
6510,0,1,0.85,0.86,19,11,31,73.648,381,48,251,1148,44.306
6511,0,1,12.83,12.84,21,17,29,53.801,453,200,584,1313,44.827
6512,0,1,12.22,12.22,22,18,35,70.804,565,363,537,1314,38.056
6513,0,1,0.41,0.42,11,9,23,53.993,349,1137,47,183,40.026
6514,0,1,0.15,0.16,12,8,22,49.188,438,179,276,1140,38.982
6515,0,1,0.80,0.80,14,10,27,63.771,293,1092,459,53,42.087
6516,0,1,0.34,0.34,12,10,29,65.686,218,1212,234,29,47.324
6517,0,1,38.80,38.81,23,16,31,59.084,103,29,347,781,31.624
6518,0,1,3.41,3.42,23,17,30,60.485,284,34,538,908,36.406
6519,0,1,0.21,0.21,12,9,24,57.340,113,1269,523,385,38.978
6520,0,1,0.90,0.90,17,13,30,68.863,536,304,460,1367,42.629
6521,0,1,0.20,0.20,13,9,26,63.738,501,1093,404,238,34.419
6522,0,1,4.29,4.30,14,11,28,64.211,338,181,504,1316,45.883
6523,0,1,0.01,0.02,5,4,16,40.583,207,217,220,1229,40.483
6524,0,1,0.22,0.22,10,10,21,43.285,76,832,270,29,33.044
6525,0,1,0.07,0.08,9,7,22,52.575,409,1299,251,271,41.603
6526,0,1,0.72,0.73,11,8,22,49.705,182,1120,527,161,40.767
6527,0,1,0.03,0.03,7,4,20,49.602,365,47,366,902,34.200
6528,0,1,16.93,16.93,15,13,27,53.172,37,1137,457,269,38.571
6529,0,1,11.93,11.94,19,13,29,61.105,232,39,66,1203,47.031
6530,0,1,2.63,2.64,17,10,16,34.900,505,140,546,891,30.085
6531,0,1,0.25,0.25,11,9,31,74.485,582,1145,585,29,44.640
6532,0,1,0.57,0.57,17,12,28,63.003,469,1106,495,109,39.894
6533,0,1,0.10,0.12,15,10,28,66.307,273,1053,105,50,40.679
6534,0,1,0.59,0.59,12,12,31,63.000,601,1124,119,45,47.271
6535,0,1,0.16,0.17,13,10,25,56.946,173,1127,73,204,37.136
6536,0,1,0.02,0.03,7,4,15,35.822,271,1162,442,378,32.097
6537,0,1,19.94,19.94,18,16,29,51.593,261,453,600,1199,32.777
6538,0,1,1.45,1.46,13,8,23,50.336,411,207,193,1043,34.558
6539,0,1,0.29,0.29,10,8,23,53.143,124,92,452,1127,43.429
6540,0,1,0.21,0.21,11,11,22,45.336,516,1142,391,178,38.883
6541,0,1,0.26,0.26,16,12,29,67.124,454,51,457,1217,46.640
6542,0,1,0.07,0.10,12,9,20,44.608,123,949,102,20,37.169
6543,0,1,0.92,0.92,14,9,23,49.136,435,1310,392,162,45.952
6544,0,1,0.28,0.29,16,13,30,68.504,356,22,452,1177,46.359
6545,0,1,1.86,1.87,21,14,28,55.486,186,58,497,815,32.736
6546,0,1,5.11,5.11,13,10,24,47.699,446,1311,416,534,31.103
6547,0,1,1.16,1.17,18,14,30,64.538,275,1085,431,29,42.698
6548,0,1,0.02,0.03,6,5,18,43.301,456,1160,515,202,38.393
6549,0,1,2.07,2.08,19,12,24,54.881,47,21,137,825,32.361
6550,0,1,22.31,22.32,29,17,32,62.589,117,333,496,1242,39.394
6551,0,1,5.54,5.55,16,14,29,61.906,217,1267,615,125,48.375
6552,0,1,0.53,0.54,13,10,26,63.738,544,426,309,1275,35.237
6553,0,1,0.13,0.13,11,10,31,73.482,258,1323,200,510,32.603
6554,0,1,3.54,3.55,22,15,34,75.036,196,1267,51,241,41.448
6555,0,1,97.96,97.97,31,22,41,80.348,96,33,44,1202,46.806
6556,0,1,0.19,0.19,11,10,32,72.505,495,376,403,1232,34.437
6557,0,1,0.76,0.77,13,10,21,47.701,494,1111,602,170,37.887
6558,0,1,4.21,4.22,16,9,22,51.408,269,1252,559,290,40.190
6559,0,1,48.50,48.52,25,21,44,85.175,35,1133,397,17,46.930
6560,0,1,1.99,2.00,20,12,26,56.463,220,1051,302,143,36.468
6561,0,1,26.74,26.75,20,17,29,51.513,435,509,26,1210,32.464
6562,0,1,0.02,0.02,5,4,16,38.872,452,320,256,1225,37.039
6563,0,1,0.39,0.39,8,6,17,42.646,336,1156,119,426,30.463
6564,0,1,0.11,0.11,9,9,24,51.318,292,1343,503,117,49.761
6565,0,1,15.58,15.59,23,13,23,44.608,115,236,504,897,30.679
6566,0,1,5.64,5.65,18,10,22,51.213,505,1091,141,419,30.570
6567,0,1,0.45,0.45,15,12,27,59.570,404,265,383,1193,37.130
6568,0,1,1.87,1.88,17,16,36,74.669,563,1322,265,61,51.829
6569,0,1,0.02,0.02,7,5,17,44.113,406,1229,502,167,42.653
6570,0,1,0.20,0.21,10,9,24,54.684,406,1203,247,21,47.706
6571,0,1,3.19,3.20,19,15,33,71.786,503,1270,343,170,44.463
6572,0,1,0.13,0.14,10,9,28,62.397,487,1194,364,183,40.738
6573,0,1,0.04,0.04,7,4,15,35.598,364,56,183,785,30.045
6574,0,1,0.05,0.06,8,6,27,68.544,496,48,418,1083,41.517
6575,0,1,8.13,8.14,30,22,37,73.656,22,1280,124,432,34.164
6576,0,1,0.02,0.02,5,4,16,36.513,196,233,146,1081,33.979
6577,0,1,14.56,14.56,17,14,22,44.114,608,1207,256,449,33.430
6578,0,1,1.63,1.64,17,15,30,59.707,37,1336,466,469,38.693
6579,0,1,0.13,0.14,11,7,29,71.697,464,1011,553,56,38.366
6580,0,1,0.03,0.03,7,6,23,54.752,454,992,350,15,39.301
6581,0,1,0.04,0.04,6,5,17,41.811,176,258,399,1071,33.721
6582,0,1,0.56,0.56,14,13,23,50.437,504,333,173,1007,30.036
6583,0,1,0.44,0.45,19,12,30,67.608,560,1196,75,236,43.022
6584,0,1,6.03,6.04,14,9,17,38.748,366,426,269,1269,33.942
6585,0,1,0.48,0.48,15,13,25,49.937,568,1335,399,247,44.042
6586,0,1,0.21,0.21,8,6,19,44.830,269,1035,146,38,40.182
6587,0,1,0.16,0.16,9,8,24,58.724,194,1193,96,185,40.510
6588,0,1,3.29,3.30,18,15,29,58.492,127,1325,397,279,43.211
6589,0,1,0.81,0.82,20,11,26,63.404,484,16,340,1050,41.759
6590,0,1,0.23,0.24,9,5,22,56.229,249,1118,501,32,44.594
6591,0,1,2.79,2.80,14,10,28,63.943,485,1216,273,17,48.704
6592,0,1,0.53,0.53,12,7,18,42.533,388,212,474,1039,33.258
6593,0,1,0.06,0.06,11,7,19,43.699,268,242,465,1101,35.252
6594,0,1,0.02,0.04,6,5,21,50.136,349,1184,118,248,38.563
6595,0,1,1.03,1.04,17,13,29,68.389,469,1319,464,30,51.560
6596,0,1,63.82,63.83,23,20,30,52.984,264,274,21,1282,41.475
6597,0,1,0.64,0.65,13,8,21,48.360,173,1137,370,189,38.730
6598,0,1,0.54,0.55,12,7,20,48.812,267,1318,285,490,33.128
6599,0,1,5.29,5.30,22,20,39,72.584,20,1131,122,111,41.003
6600,0,1,0.02,0.02,7,4,14,33.497,420,544,280,1289,30.322
6601,0,1,0.05,0.08,8,8,22,48.630,367,1137,201,156,39.798
6602,0,1,3.75,3.76,20,13,25,56.610,440,946,535,47,36.160
6603,0,1,0.07,0.08,10,7,22,54.339,403,41,422,990,37.968
6604,0,1,56.65,56.67,17,12,25,47.107,448,364,224,1362,40.913
6605,0,1,0.21,0.22,10,7,21,47.978,238,263,254,1158,35.806
6606,0,1,0.11,0.12,10,7,24,57.828,421,1207,217,16,48.334
6607,0,1,0.10,0.11,8,7,22,53.138,97,838,138,21,32.721
6608,0,1,1.91,1.92,9,8,19,38.366,351,522,192,1281,31.019
6609,0,1,15.37,15.39,16,12,21,44.764,421,493,181,1323,34.560
6610,0,1,0.24,0.25,11,9,25,57.723,186,1069,203,316,30.128
6611,0,1,0.03,0.03,7,5,21,51.795,462,192,191,1120,38.670
6612,0,1,4.59,4.60,23,13,28,61.713,187,126,505,1094,40.756
6613,0,1,0.29,0.30,12,11,32,71.537,277,56,436,1048,40.186
6614,0,0,500.01,500.01,0,0,0,0.000,436,1367,619,211,46.816
6615,0,1,1.93,1.95,15,10,19,43.900,376,26,75,753,31.474
6616,0,1,2.05,2.05,14,9,20,39.838,142,165,143,1036,34.840
6617,0,1,2.62,2.63,19,14,34,74.315,419,1141,578,53,43.982
6618,0,1,0.09,0.09,8,8,24,54.939,592,1332,386,140,48.387
6619,0,1,0.60,0.60,14,11,31,69.560,438,21,356,1179,46.436
6620,0,0,500.01,500.01,0,0,0,0.000,543,1270,287,325,39.162
6621,0,1,0.31,0.32,8,6,16,38.498,130,806,34,21,31.634
6622,0,1,0.11,0.12,10,6,19,42.393,335,965,254,161,32.323
6623,0,1,0.21,0.21,9,4,21,54.622,215,1096,529,45,43.876
6624,0,1,3.30,3.31,14,13,24,43.996,137,107,390,870,32.154
6625,0,0,500.01,500.01,0,0,0,0.000,608,201,496,1247,42.079
6626,0,1,2.68,2.69,16,11,26,64.387,420,1233,111,500,31.819
6627,0,1,0.37,0.38,13,9,19,41.137,330,184,367,946,30.516
6628,0,1,1.04,1.05,13,8,20,46.039,457,299,567,1159,34.680
6629,0,1,1.78,1.78,10,10,24,54.716,186,312,158,1074,30.501
6630,0,1,43.41,43.42,13,11,22,44.742,190,1188,364,452,30.252
6631,0,1,0.25,0.26,13,9,25,54.924,127,194,302,1176,39.899
6632,0,1,0.06,0.07,7,7,21,48.571,221,1116,467,190,38.325
6633,0,1,6.28,6.28,15,15,32,67.902,562,1209,327,20,48.480
6634,0,1,0.14,0.14,10,9,27,61.020,185,1296,450,511,33.141
6635,0,1,0.08,0.09,12,7,28,68.467,143,22,449,716,30.339
6636,0,1,0.03,0.03,7,5,15,36.738,342,1197,435,352,34.004
6637,0,1,0.25,0.26,14,9,24,57.548,558,352,365,1178,33.930
6638,0,1,0.97,0.98,15,13,30,64.698,578,1145,348,55,44.560
6639,0,1,0.19,0.20,11,6,24,58.866,29,373,426,1195,36.514
6640,0,1,1.84,1.85,16,12,25,55.590,41,221,200,1262,42.123
6641,0,1,0.67,0.67,12,8,15,33.476,142,804,235,56,30.150
6642,0,1,0.26,0.26,12,11,32,71.996,613,1149,184,62,46.744
6643,0,1,0.03,0.03,10,6,21,50.655,147,1140,427,267,36.672
6644,0,1,15.16,15.18,21,15,30,59.532,107,108,612,1135,45.778
6645,0,1,0.47,0.48,15,10,26,57.886,197,1356,361,251,44.684
6646,0,1,0.09,0.10,11,8,20,45.416,242,1052,483,182,36.111
6647,0,1,0.36,0.36,11,10,21,49.535,387,1058,257,163,36.176
6648,0,1,0.85,0.86,10,7,23,55.801,199,32,225,1375,53.730
6649,0,1,0.28,0.29,8,8,20,44.046,224,913,503,97,34.495
6650,0,1,0.04,0.05,6,6,17,38.866,327,1046,462,195,34.466
6651,0,1,0.37,0.37,12,8,20,47.021,208,159,136,946,31.611
6652,0,1,13.07,13.08,17,11,32,71.342,93,516,230,1334,33.176
6653,0,1,3.00,3.01,12,11,26,57.731,471,163,157,1324,48.108
6654,0,1,0.19,0.20,10,8,18,44.360,211,1330,342,520,32.821
6655,0,1,1.84,1.84,16,11,20,43.629,362,1099,98,210,37.095
6656,0,1,0.02,0.02,6,5,18,43.569,373,1201,506,287,36.945
6657,0,1,0.06,0.06,7,4,14,33.820,385,1049,413,239,32.419
6658,0,1,0.16,0.16,12,9,25,57.503,110,168,332,1175,41.247
6659,0,1,147.27,147.29,23,17,33,60.770,139,244,22,1141,36.184
6660,0,1,5.47,5.48,19,14,36,81.066,22,1216,179,21,48.211
6661,0,1,0.52,0.53,11,8,27,66.074,81,456,341,1275,34.371
6662,0,1,0.37,0.38,13,11,22,47.418,509,826,104,50,35.013
6663,0,1,0.14,0.15,9,9,20,44.577,513,158,480,1128,38.822
6664,0,1,1.62,1.63,19,14,30,61.519,497,1046,82,188,38.124
6665,0,1,41.34,41.36,26,13,26,52.598,110,60,105,1283,48.920
6666,0,1,0.18,0.19,11,9,23,51.492,176,1328,524,640,30.840
6667,0,1,0.15,0.16,10,7,22,54.892,312,38,334,1259,48.848
6668,0,1,0.50,0.50,19,14,30,68.089,173,955,182,127,33.122
6669,0,1,0.26,0.26,11,9,23,53.506,227,1325,353,274,42.341
6670,0,1,0.05,0.05,10,6,25,60.357,200,26,444,905,36.489
6671,0,1,0.28,0.28,15,9,24,56.548,249,85,372,925,33.958
6672,0,1,0.33,0.34,16,15,27,55.804,486,1114,101,208,39.376
6673,0,1,0.61,0.61,16,14,31,70.219,21,549,317,1272,31.250
6674,0,1,1.18,1.19,14,11,26,63.290,177,1056,73,291,30.881
6675,0,1,9.02,9.04,26,17,37,86.569,536,511,53,1197,33.559
6676,0,1,12.68,12.69,20,13,25,51.690,435,288,140,1282,41.474
6677,0,1,14.45,14.45,21,18,36,66.104,62,1136,539,507,31.576
6678,0,1,1.82,1.83,18,15,27,54.403,417,1294,255,124,47.246
6679,0,1,1.25,1.25,15,11,28,60.138,268,269,113,1331,42.930
6680,0,1,0.25,0.26,14,9,26,62.165,150,1316,260,15,52.226
6681,0,1,8.13,8.14,21,17,33,66.642,29,1214,485,35,50.564
6682,0,1,1.28,1.28,16,13,31,65.949,351,766,587,43,30.422
6683,0,1,0.06,0.06,8,7,26,65.536,363,35,358,1226,47.640
6684,0,1,0.04,0.05,9,8,24,52.190,229,36,368,932,36.269
6685,0,1,0.51,0.51,11,7,19,44.027,433,884,364,45,33.673
6686,0,1,0.60,0.60,18,14,37,84.759,581,60,304,1288,50.354
6687,0,1,0.32,0.33,16,12,24,53.397,85,939,573,43,40.811
6688,0,1,0.09,0.10,10,5,24,61.280,604,20,332,1126,45.558
6689,0,1,14.70,14.71,24,20,34,66.070,134,44,429,1340,53.166
6690,0,1,2.22,2.23,11,9,24,54.895,241,1144,513,372,32.741
6691,0,1,1.19,1.20,19,13,29,61.650,297,819,414,20,32.301
6692,0,1,0.16,0.17,13,11,25,56.624,618,287,297,1222,39.543
6693,0,1,0.30,0.30,11,9,23,54.039,52,190,219,1121,37.834
6694,0,1,0.29,0.30,11,9,21,47.584,194,16,570,818,35.431
6695,0,1,4.09,4.10,22,19,29,58.474,385,29,585,919,36.488
6696,0,1,0.02,0.03,6,5,17,38.747,177,43,319,905,34.945
6697,0,1,0.40,0.41,15,11,23,50.147,594,810,389,31,32.221
6698,0,1,0.10,0.11,13,9,23,51.125,571,163,91,816,32.418
6699,0,1,38.38,38.39,31,24,47,92.722,403,198,59,1314,46.713
6700,0,1,1.14,1.15,17,16,30,57.598,23,1247,173,382,35.116
6701,0,1,0.03,0.03,9,8,26,59.136,613,19,321,921,37.923
6702,0,1,0.12,0.12,6,4,17,43.222,215,1023,112,97,37.268
6703,0,1,0.10,0.10,7,7,20,46.191,370,244,88,1157,38.222
6704,0,1,0.75,0.75,12,9,24,54.170,427,1306,248,163,46.277
6705,0,1,0.03,0.03,7,7,16,37.613,505,174,478,1002,33.138
6706,0,0,500.01,500.01,0,0,0,0.000,257,351,410,1219,35.255
6707,0,1,80.27,80.28,23,19,27,40.640,218,16,140,893,35.218
6708,0,1,0.05,0.06,6,4,16,38.867,198,59,330,891,33.696
6709,0,1,0.68,0.69,17,12,27,63.700,409,1320,545,379,38.031
6710,0,1,0.34,0.35,10,8,21,43.187,362,1315,497,321,40.125
6711,0,1,0.42,0.43,20,17,40,88.106,131,95,329,929,34.287
6712,0,1,0.05,0.06,11,7,24,60.112,446,1213,141,25,49.061
6713,0,1,3.74,3.75,18,12,26,53.145,349,1213,540,350,35.355
6714,0,1,0.60,0.60,16,10,25,59.009,182,1386,460,218,48.025
6715,0,1,0.01,0.02,7,4,16,39.042,240,1126,467,304,34.111
6716,0,1,4.94,4.95,16,10,32,72.430,527,58,434,1373,52.731
6717,0,1,0.04,0.04,5,4,14,31.289,225,495,326,1247,30.350
6718,0,1,0.22,0.23,6,4,13,32.115,160,1039,203,249,31.647
6719,0,1,0.03,0.04,9,6,22,57.951,50,29,455,1273,52.331
6720,0,1,0.03,0.03,6,5,16,38.187,174,82,213,1019,37.512
6721,0,1,51.08,51.09,16,14,25,44.264,331,535,409,1296,30.599
6722,0,1,0.47,0.48,11,9,24,51.635,438,1339,246,270,43.444
6723,0,1,0.29,0.30,7,5,18,42.721,211,949,510,97,36.118
6724,0,1,0.04,0.04,7,6,16,38.061,399,1119,564,292,33.732
6725,0,1,1.10,1.11,15,11,24,53.292,419,60,86,924,37.038
6726,0,1,0.05,0.05,8,7,22,48.792,399,136,238,1197,42.926
6727,0,1,2.12,2.13,18,15,34,73.949,446,216,527,1319,44.239
6728,0,1,0.16,0.17,10,5,21,50.961,248,1174,455,162,41.318
6729,0,1,0.10,0.11,11,9,21,46.517,249,1083,515,364,30.665
6730,0,1,0.19,0.19,11,7,17,39.151,492,104,326,914,33.073
6731,0,1,6.11,6.13,22,16,32,66.935,176,1362,107,228,45.444
6732,0,1,0.04,0.05,11,6,27,66.742,319,27,451,928,36.425
6733,0,1,0.04,0.04,7,5,20,49.518,365,1182,271,21,46.592
6734,0,1,0.04,0.04,8,3,12,31.580,277,1334,439,573,31.122
6735,0,1,0.21,0.22,11,9,20,42.334,272,1069,575,375,30.290
6736,0,1,0.03,0.03,6,5,19,46.419,402,1226,209,231,40.542
6737,0,1,0.25,0.26,18,12,34,81.402,89,40,223,1124,43.690
6738,0,1,5.46,5.47,12,10,25,53.853,495,94,596,1206,44.663
6739,0,1,0.28,0.28,14,8,25,59.179,252,187,166,1133,37.996
6740,0,1,0.23,0.24,11,10,29,70.524,149,1234,132,76,46.325
6741,0,1,7.74,7.75,15,9,17,33.127,187,543,231,1319,31.090
6742,0,1,38.62,38.63,25,20,38,76.953,451,20,63,1014,42.682
6743,0,1,0.04,0.05,8,7,22,50.606,380,53,227,1105,42.523
6744,0,1,0.02,0.02,5,5,15,33.016,205,532,258,1290,30.394
6745,0,1,10.67,10.68,28,23,31,58.566,600,112,520,949,33.633
6746,0,1,1.61,1.63,26,17,31,68.378,265,98,73,931,34.194
6747,0,1,37.82,37.83,24,18,32,62.472,546,429,156,1257,36.610
6748,0,1,13.44,13.45,17,16,25,40.500,592,1023,191,381,30.278
6749,0,1,0.26,0.26,13,11,29,70.807,281,1339,405,47,51.917
6750,0,1,10.64,10.65,19,14,27,56.746,546,255,496,1214,38.412
6751,0,1,2.68,2.68,12,9,24,51.720,439,382,582,1129,30.423
6752,0,1,0.01,0.02,5,3,14,34.204,446,368,286,1168,32.634
6753,0,1,0.05,0.05,7,6,21,49.241,203,129,294,1345,48.776
6754,0,1,1.44,1.45,14,12,27,54.519,328,1101,438,180,37.102
6755,0,1,0.07,0.07,9,6,18,41.627,243,1145,354,255,35.876
6756,0,1,106.74,106.76,26,22,41,81.825,418,167,115,1269,45.716
6757,0,1,0.16,0.17,12,9,24,56.685,111,238,221,1153,36.864
6758,0,1,12.02,12.03,17,15,32,66.466,484,32,92,1332,54.313
6759,0,1,0.07,0.07,9,8,24,54.118,182,1157,199,224,37.326
6760,0,1,0.01,0.01,5,4,15,35.214,437,464,192,1212,31.484
6761,0,1,0.40,0.41,16,9,26,64.348,280,156,428,1161,40.634
6762,0,1,10.77,10.78,23,18,25,34.396,362,598,423,1361,30.617
6763,0,1,0.79,0.79,15,10,25,62.440,507,1057,128,384,30.895
6764,0,1,2.54,2.55,18,9,25,57.506,65,1027,444,17,43.151
6765,0,1,0.07,0.08,9,7,24,57.256,90,425,370,1235,34.281
6766,0,1,0.02,0.02,5,3,13,31.498,202,290,228,1077,31.497
6767,0,1,0.31,0.31,12,8,25,57.051,356,1251,186,323,37.738
6768,0,1,0.51,0.51,8,7,19,44.753,334,1161,506,193,39.326
6769,0,1,0.03,0.03,6,6,20,44.025,240,1098,97,173,37.440
6770,0,1,0.50,0.51,17,14,31,62.603,263,199,135,1107,36.679
6771,0,1,0.07,0.07,9,8,20,44.537,515,149,121,798,30.369
6772,0,1,0.30,0.31,14,11,33,75.983,160,1128,257,135,39.909
6773,0,1,19.03,19.04,18,11,24,49.024,298,1336,367,400,37.542
6774,0,1,16.12,16.13,14,8,17,34.117,470,529,459,1343,32.563
6775,0,1,1.94,1.94,14,11,26,55.868,186,1323,591,288,44.457
6776,0,1,2.03,2.03,22,16,31,63.367,365,826,356,39,31.482
6777,0,1,0.25,0.25,13,11,28,62.826,171,1161,320,245,37.122
6778,0,1,1.10,1.11,22,16,37,87.088,600,153,262,1240,45.534
6779,0,1,0.03,0.03,8,5,23,58.754,194,1226,131,301,37.086
6780,0,1,1.10,1.11,20,15,31,66.154,593,121,296,922,34.172
6781,0,1,15.64,15.64,13,9,22,48.567,354,1315,374,411,36.169
6782,0,1,0.02,0.02,6,4,16,39.573,266,1250,422,321,37.680
6783,0,1,52.18,52.20,27,23,35,47.403,30,1123,383,449,30.434
6784,0,1,0.05,0.06,5,5,19,43.622,438,331,373,1309,39.206
6785,0,1,0.85,0.86,18,12,27,59.197,127,845,96,48,31.904
6786,0,1,0.18,0.19,11,9,24,54.304,328,1294,267,124,46.864
6787,0,1,23.29,23.31,35,27,46,91.474,570,257,487,1197,37.746
6788,0,1,2.41,2.42,13,12,26,57.260,434,1269,122,164,45.928
6789,0,0,500.01,500.01,0,0,0,0.000,345,321,142,1243,37.763
6790,0,1,0.58,0.59,17,12,30,69.956,346,174,397,1089,36.657
6791,0,1,6.94,6.95,16,12,29,66.048,526,32,343,811,32.008
6792,0,1,58.02,58.04,26,18,31,55.137,383,405,556,1217,33.209
6793,0,1,33.79,33.80,11,9,20,41.973,421,454,127,1226,33.043
6794,0,1,35.92,35.92,14,10,26,53.057,475,167,93,1265,46.502
6795,0,1,35.81,35.82,18,13,27,56.059,400,162,503,1255,43.914
6796,0,1,0.42,0.43,19,12,28,66.608,237,36,184,935,36.022
6797,0,1,0.22,0.22,12,7,24,56.633,452,1124,129,66,44.248
6798,0,1,2.27,2.28,18,13,26,53.110,186,1169,133,299,34.865
6799,0,1,0.11,0.12,11,7,25,60.756,430,1198,24,46,48.858
6800,0,1,0.08,0.09,8,6,18,45.109,395,800,112,42,32.364
6801,0,1,0.05,0.05,9,5,20,48.497,200,1029,469,304,30.932
6802,0,1,0.07,0.07,11,8,28,64.869,573,30,184,1211,49.737
6803,0,1,18.71,18.73,22,20,41,80.433,46,1327,303,462,36.095
6804,0,1,0.06,0.07,9,7,22,55.276,121,170,383,1231,43.715
6805,0,1,0.12,0.13,11,9,26,63.312,601,482,351,1255,32.497
6806,0,1,0.26,0.26,8,7,24,53.814,73,191,322,1080,36.929
6807,0,1,2.35,2.35,14,11,24,50.133,66,292,532,1087,36.860
6808,0,1,0.91,0.92,15,9,23,51.826,341,1191,281,181,40.471
6809,0,1,0.20,0.21,12,7,20,46.172,368,209,417,1058,34.017
6810,0,1,0.64,0.65,13,8,22,53.520,384,1189,110,111,44.491
6811,0,1,1.00,1.00,12,7,23,52.238,404,137,239,1095,38.884
6812,0,1,23.83,23.85,22,13,28,55.683,620,654,129,1269,31.478
6813,0,1,0.04,0.04,5,4,15,34.408,225,887,190,42,33.829
6814,0,1,10.13,10.15,23,16,25,48.959,620,92,143,836,35.351
6815,0,1,5.02,5.02,12,12,26,55.994,186,1335,470,308,42.622
6816,0,1,3.99,4.00,17,13,31,68.375,562,37,282,828,33.564
6817,0,1,46.17,46.18,25,23,44,86.958,522,172,38,1201,45.486
6818,0,0,500.01,500.01,0,0,0,0.000,609,216,408,1047,34.199
6819,0,1,6.06,6.07,19,14,23,39.239,194,129,141,942,32.589
6820,0,1,0.03,0.03,6,5,19,48.083,196,35,192,1230,47.800
6821,0,1,0.44,0.45,15,8,21,49.337,532,464,311,1213,31.237
6822,0,1,1.20,1.21,17,10,28,66.271,207,14,179,1072,42.335
6823,0,1,0.14,0.15,13,10,26,58.294,569,379,248,1224,36.157
6824,0,1,0.01,0.01,4,3,13,31.389,200,56,187,840,31.364
6825,0,1,0.63,0.64,15,11,19,40.117,123,800,570,160,31.226
6826,0,1,2.15,2.15,11,9,24,56.459,259,1334,594,109,50.799
6827,0,1,1.15,1.16,15,14,25,49.847,115,1256,99,330,37.046
6828,0,1,0.33,0.33,12,8,26,63.790,563,171,495,1150,39.254
6829,0,1,22.67,22.69,24,18,35,77.271,498,594,27,1312,34.348
6830,0,1,1.95,1.96,18,11,29,68.271,132,1331,559,247,46.603
6831,0,1,0.22,0.23,10,8,25,61.445,165,1149,115,361,31.583
6832,0,1,7.77,7.78,20,13,27,57.086,186,275,581,1322,44.761
6833,0,1,20.69,20.71,25,19,38,79.741,568,1198,125,211,43.274
6834,0,1,0.37,0.38,12,8,24,53.732,313,1261,453,210,42.411
6835,0,1,1.90,1.91,15,11,30,68.326,489,1279,300,57,49.461
6836,0,1,0.08,0.08,5,4,14,32.457,387,1017,419,243,30.986
6837,0,1,0.12,0.12,11,8,26,64.722,538,490,370,1317,33.756
6838,0,1,0.06,0.06,10,7,24,59.211,495,174,174,933,32.964
6839,0,1,0.48,0.49,15,12,25,51.454,146,20,427,915,37.523
6840,0,1,0.18,0.19,11,9,25,54.639,366,1073,166,22,42.794
6841,0,1,0.34,0.35,14,9,21,42.192,83,911,500,143,34.956
6842,0,1,0.94,0.95,19,13,26,60.179,356,1178,358,18,46.400
6843,0,1,0.02,0.02,5,4,15,36.779,263,1189,451,348,34.470
6844,0,1,3.38,3.39,20,14,28,62.759,56,371,432,1321,40.868
6845,0,1,168.28,168.30,37,30,47,84.086,123,102,24,874,31.133
6846,0,1,5.39,5.40,9,8,16,32.558,367,382,372,1135,30.121
6847,0,1,0.02,0.03,6,5,18,43.131,378,157,349,1097,37.618
6848,0,1,131.31,131.32,18,15,31,62.090,285,168,40,1196,42.272
6849,0,1,0.03,0.03,5,4,14,35.915,429,296,318,1141,34.090
6850,0,1,0.06,0.06,10,10,27,62.736,402,1187,160,40,46.890
6851,0,1,0.33,0.34,11,9,24,56.366,266,1310,401,172,45.839
6852,0,1,0.02,0.02,5,4,15,38.066,168,1139,449,406,31.401
6853,0,1,0.04,0.04,9,8,26,61.018,87,452,450,1217,33.870
6854,0,1,24.58,24.60,29,21,42,87.125,202,1356,27,543,33.265
6855,0,1,114.04,114.05,18,12,24,42.033,433,475,513,1273,32.080
6856,0,1,1.31,1.32,16,13,26,63.255,515,354,152,1209,37.155
6857,0,1,1.00,1.01,14,8,24,58.280,249,1047,619,262,34.713
6858,0,1,0.25,0.26,13,12,27,57.919,411,1301,428,272,41.166
6859,0,1,0.02,0.02,7,6,23,56.210,23,23,323,1192,48.275
6860,0,1,2.95,2.96,20,14,29,62.489,101,1227,498,501,33.098
6861,0,1,0.10,0.11,7,6,20,45.730,394,927,275,109,33.064
6862,0,1,8.84,8.84,10,8,19,39.776,478,1316,470,369,37.881
6863,0,1,2.43,2.43,16,12,28,56.895,415,1371,142,248,46.228
6864,0,1,1.07,1.08,14,11,26,59.488,225,1209,454,35,47.845
6865,0,1,0.17,0.17,9,7,25,60.283,438,29,251,1196,47.275
6866,0,1,0.04,0.04,8,7,24,55.399,188,151,280,1122,39.014
6867,0,1,0.02,0.02,6,4,23,58.521,308,1243,452,59,47.709
6868,0,1,12.73,12.74,17,13,23,48.260,173,432,549,1322,38.647
6869,0,1,0.04,0.05,6,4,17,44.457,382,150,447,1223,42.999
6870,0,1,0.03,0.04,7,5,20,48.078,453,238,174,1131,37.423
6871,0,1,0.64,0.64,12,8,22,49.674,268,893,312,33,34.445
6872,0,1,0.25,0.26,15,13,27,61.585,233,1006,272,251,30.240
6873,0,1,0.35,0.35,15,13,32,77.273,269,153,42,1324,47.712
6874,0,1,0.16,0.17,10,7,23,56.017,240,36,465,1130,44.676
6875,0,1,0.09,0.09,5,4,14,33.380,195,1268,199,437,33.240
6876,0,0,500.01,500.01,0,0,0,0.000,234,1182,333,326,34.468
6877,0,1,5.13,5.13,9,7,17,36.260,337,491,455,1263,31.239
6878,0,1,0.10,0.10,15,10,29,71.119,493,14,369,1212,48.176
6879,0,1,0.75,0.76,24,18,39,86.015,389,93,458,867,31.083
6880,0,1,2.14,2.15,19,15,25,49.070,80,892,397,125,33.197
6881,0,1,1.32,1.33,19,17,33,71.345,525,1039,322,246,32.743
6882,0,1,4.64,4.65,23,16,31,65.206,251,116,545,915,34.055
6883,0,1,0.14,0.15,8,7,19,44.567,73,19,374,973,40.014
6884,0,1,0.04,0.05,8,4,15,36.799,177,256,285,1118,34.750
6885,0,1,31.27,31.29,23,18,31,55.405,172,1333,355,372,39.131
6886,0,1,1.57,1.58,19,14,27,57.988,448,793,599,37,30.837
6887,0,1,0.04,0.04,8,5,20,50.991,506,1140,198,89,43.808
6888,0,1,72.22,72.24,26,21,32,53.357,28,1313,390,420,38.543
6889,0,1,13.94,13.95,15,10,19,34.022,437,448,520,1245,32.052
6890,0,0,500.03,500.03,0,0,0,0.000,610,216,225,1306,46.240
6891,0,1,0.59,0.60,11,8,25,58.775,281,255,172,998,30.038
6892,0,1,0.45,0.45,10,6,20,49.940,172,180,288,1186,40.507
6893,0,1,13.27,13.29,45,30,51,101.245,250,151,573,915,33.179
6894,0,1,7.15,7.16,15,15,27,55.115,145,95,582,1013,40.668
6895,0,1,5.43,5.44,28,16,27,53.724,144,49,594,930,39.571
6896,0,1,0.08,0.09,11,9,30,68.707,475,43,423,947,36.220
6897,0,0,500.01,500.01,0,0,0,0.000,351,317,208,1336,41.159
6898,0,1,0.72,0.73,9,8,22,50.882,439,205,191,943,31.142
6899,0,1,36.59,36.60,22,15,35,77.854,620,609,100,1268,33.578
6900,0,1,70.45,70.46,14,14,26,47.635,176,22,293,770,30.284
6901,0,1,0.57,0.58,13,8,21,49.853,110,326,403,1062,31.687
6902,0,1,6.72,6.73,23,14,27,55.295,559,1190,184,167,43.583
6903,0,1,27.84,27.86,26,17,34,64.152,540,469,40,1211,35.790
6904,0,1,0.32,0.32,10,9,19,43.230,339,34,184,857,33.499
6905,0,1,0.21,0.22,11,7,19,43.477,467,186,185,963,33.064
6906,0,1,0.84,0.84,12,10,21,44.983,119,1227,464,443,34.262
6907,0,1,0.01,0.02,5,4,18,45.009,289,1301,175,188,44.753
6908,0,1,6.41,6.42,12,10,27,59.484,191,106,550,1195,45.866
6909,0,1,0.04,0.04,11,10,33,81.884,295,24,445,802,31.693
6910,0,1,0.34,0.35,13,9,21,52.104,135,949,64,35,36.670
6911,0,1,1.39,1.40,18,9,22,49.992,518,484,322,1242,31.317
6912,0,1,0.40,0.41,14,9,29,69.360,601,22,199,1105,46.208
6913,0,1,0.08,0.09,10,7,29,70.504,384,50,335,1323,50.958
6914,0,1,0.93,0.94,13,9,19,44.061,497,226,276,957,30.547
6915,0,1,1.52,1.53,10,10,25,55.711,527,1271,225,247,42.704
6916,0,1,0.29,0.30,9,8,22,49.268,125,114,365,1072,39.504
6917,0,1,0.21,0.22,15,13,23,48.666,580,930,211,96,36.479
6918,0,1,0.17,0.18,17,13,35,79.125,501,55,399,1067,40.685
6919,0,1,1.33,1.34,17,12,31,72.126,270,1323,505,428,37.014
6920,0,1,0.49,0.49,14,10,25,56.712,344,1334,460,202,45.517
6921,0,1,0.77,0.77,12,9,20,41.837,448,1316,349,528,31.768
6922,0,1,0.02,0.03,7,6,20,43.409,217,84,254,1149,42.626
6923,0,1,26.80,26.81,19,14,31,65.521,120,21,607,1141,48.852
6924,0,1,0.06,0.07,8,7,27,66.541,496,294,432,1191,35.971
6925,0,0,500.01,500.01,0,0,0,0.000,619,216,428,1207,40.370
6926,0,1,0.24,0.25,11,9,27,60.986,451,1323,217,56,51.537
6927,0,1,0.27,0.27,8,7,22,50.224,436,1234,400,108,45.063
6928,0,1,0.10,0.11,8,8,22,51.637,331,1084,95,314,32.214
6929,0,1,1.01,1.02,20,12,25,58.610,326,894,119,131,31.623
6930,0,1,0.26,0.26,12,12,30,67.088,374,1309,517,185,45.322
6931,0,1,66.58,66.60,38,21,33,58.032,113,294,414,1278,41.160
6932,0,0,500.02,500.02,0,0,0,0.000,389,317,594,1149,34.275
6933,0,1,0.33,0.34,12,8,23,53.951,395,130,217,1021,36.344
6934,0,0,500.01,500.01,0,0,0,0.000,587,858,200,107,33.794
6935,0,1,0.29,0.30,11,9,19,41.354,217,228,178,1145,36.713
6936,0,1,6.00,6.01,15,11,29,62.838,573,171,186,1054,38.563
6937,0,1,0.82,0.83,17,12,29,63.292,334,1333,261,211,44.975
6938,0,1,1.78,1.79,15,14,25,47.695,508,1196,531,349,33.892
6939,0,1,17.12,17.14,28,21,43,91.138,536,571,475,1333,30.578
6940,0,1,2.07,2.08,19,11,21,39.922,365,913,287,101,32.630
6941,0,1,0.41,0.41,10,8,26,63.311,448,978,24,36,41.321
6942,0,1,0.05,0.05,5,2,13,35.623,424,1144,456,254,35.623
6943,0,1,0.23,0.23,13,10,27,60.175,87,373,604,1150,37.331
6944,0,1,1.03,1.04,19,13,25,52.407,360,206,102,936,30.970
6945,0,1,7.59,7.60,17,11,28,64.932,139,530,488,1195,30.041
6946,0,1,0.29,0.30,16,12,31,73.564,151,38,163,1125,43.483
6947,0,0,500.01,500.01,0,0,0,0.000,406,1204,335,318,35.554
6948,0,1,1.42,1.43,15,13,28,62.544,504,345,190,1224,37.336
6949,0,1,0.92,0.93,15,10,25,61.369,328,210,238,1227,40.839
6950,0,1,0.02,0.02,5,4,16,38.488,413,241,394,1196,38.208
6951,0,1,14.53,14.54,17,15,32,63.666,501,37,151,1187,48.083
6952,0,1,0.13,0.14,15,11,33,80.580,508,62,209,1075,42.248
6953,0,1,0.59,0.60,11,8,20,44.957,300,1340,143,321,41.241
6954,0,1,1.54,1.54,11,11,26,54.905,208,1330,412,266,43.335
6955,0,1,0.09,0.10,11,5,27,72.852,388,21,442,863,33.749
6956,0,1,0.21,0.21,13,10,24,53.647,610,94,322,1284,48.974
6957,0,1,0.36,0.36,8,7,19,43.101,166,996,263,110,35.652
6958,0,1,0.02,0.03,6,4,16,39.505,440,330,264,1259,37.821
6959,0,1,0.02,0.02,6,5,15,34.302,244,501,393,1237,30.037
6960,0,1,0.07,0.07,10,7,25,59.165,102,136,209,1186,42.218
6961,0,1,7.08,7.09,16,10,27,60.883,217,54,458,1371,53.555
6962,0,1,0.04,0.05,5,4,14,34.486,337,245,210,992,30.309
6963,0,1,0.30,0.31,15,10,22,49.341,555,289,146,995,32.637
6964,0,1,0.04,0.05,6,6,21,47.839,389,1226,340,260,38.690
6965,0,1,0.05,0.06,10,9,24,56.625,245,1096,402,123,39.423
6966,0,1,8.71,8.72,22,15,33,67.099,258,860,333,20,33.734
6967,0,1,13.05,13.07,21,14,26,51.994,67,1022,294,109,37.632
6968,0,1,0.03,0.03,7,6,21,47.871,407,245,292,1197,38.357
6969,0,1,0.01,0.02,5,5,19,43.787,391,1159,291,266,35.943
6970,0,1,50.92,50.93,17,12,20,35.991,187,481,149,1283,32.116
6971,0,1,0.05,0.06,8,7,21,48.141,182,1153,602,297,38.139
6972,0,0,500.01,500.01,0,0,0,0.000,358,1183,248,374,32.658
6973,0,1,87.21,87.22,18,15,25,47.029,578,260,606,1017,30.301
6974,0,1,0.40,0.41,16,12,30,69.852,331,1128,297,61,42.702
6975,0,1,0.10,0.11,9,6,22,51.993,209,158,468,882,30.757
6976,0,1,1.74,1.75,14,11,23,49.138,182,1015,299,130,35.708
6977,0,1,0.29,0.30,12,9,28,65.744,329,26,375,1135,44.398
6978,0,1,0.46,0.46,8,7,20,49.126,221,241,483,1127,36.957
6979,0,1,14.19,14.21,30,25,39,75.863,520,1209,588,33,47.119
6980,0,1,5.52,5.53,12,10,22,47.123,216,298,417,1276,39.938
6981,0,1,1.60,1.61,19,12,25,57.516,551,1252,65,212,45.918
6982,0,1,0.60,0.61,11,10,23,49.317,396,1227,53,371,36.887
6983,0,1,0.07,0.07,8,6,19,44.512,459,203,371,1260,42.426
6984,0,1,0.03,0.03,8,6,24,58.867,289,1232,462,37,48.298
6985,0,1,1.43,1.43,11,8,18,37.173,95,900,149,19,35.306
6986,0,1,0.34,0.35,15,11,27,62.448,575,254,209,1320,45.083
6987,0,1,0.01,0.02,5,4,17,41.906,215,272,381,1211,38.142
6988,0,1,9.74,9.75,21,15,30,67.630,517,1232,40,584,32.185
6989,0,1,0.12,0.13,12,9,26,60.051,248,79,137,1118,41.796
6990,0,1,0.15,0.16,12,8,26,60.296,588,156,314,1164,41.783
6991,0,1,14.47,14.48,10,7,17,38.317,155,1219,422,470,31.807
6992,0,1,2.24,2.26,25,17,34,71.830,287,154,351,1288,45.432
6993,0,1,1.70,1.70,12,8,25,60.938,77,53,571,1145,47.942
6994,0,1,0.09,0.10,11,8,21,51.897,179,1056,250,43,40.619
6995,0,1,11.82,11.83,11,10,22,41.758,177,500,454,1381,36.941
6996,0,1,1.76,1.77,16,10,23,48.803,437,1220,559,449,31.224
6997,0,1,0.15,0.16,12,5,19,51.712,496,1161,112,105,44.946
6998,0,1,0.13,0.14,9,6,20,48.832,108,994,191,135,34.520
6999,0,1,4.70,4.70,15,10,23,50.060,435,1221,555,393,33.466
7000,0,1,0.09,0.10,9,8,24,53.280,601,146,118,1147,44.457
7001,0,1,0.05,0.05,6,4,15,38.164,285,287,213,1131,33.883
7002,0,1,0.24,0.25,10,6,18,42.713,355,1063,336,275,31.529
7003,0,1,6.18,6.19,19,13,30,61.643,407,1368,86,395,40.983
7004,0,1,4.03,4.04,16,14,28,57.727,479,1313,260,268,42.708
7005,0,1,1.36,1.36,16,9,24,52.747,254,80,371,1243,46.755
7006,0,1,0.12,0.13,9,7,23,56.187,324,1239,584,299,39.012
7007,0,1,0.20,0.20,8,7,21,49.541,108,1276,327,533,30.984
7008,0,1,12.45,12.46,19,15,34,67.060,55,481,487,1262,35.701
7009,0,1,0.09,0.10,12,12,29,72.359,552,493,376,1305,33.234
7010,0,1,0.04,0.04,7,7,24,56.491,175,1121,504,104,42.756
7011,0,1,0.10,0.10,10,8,21,48.106,191,1322,151,303,40.791
7012,0,1,8.64,8.65,13,8,18,37.124,428,623,424,1387,30.560
7013,0,1,0.58,0.59,12,9,21,48.922,431,888,144,53,35.318
7014,0,1,1.17,1.18,19,13,24,53.121,140,413,337,1216,33.072
7015,0,1,0.02,0.02,6,6,16,35.496,361,1111,407,256,34.249
7016,0,1,15.68,15.69,20,17,33,68.947,595,169,57,1013,40.036
7017,0,1,3.81,3.81,17,12,24,47.817,619,1202,276,458,32.770
7018,0,1,7.76,7.78,19,9,26,58.001,372,41,199,1321,51.666
7019,0,1,1.05,1.05,9,6,18,38.471,444,182,476,1096,36.582
7020,0,1,1.24,1.25,15,13,27,60.670,578,300,357,1328,42.059
7021,0,1,1.32,1.32,21,14,37,88.406,207,1340,383,25,53.069
7022,0,1,0.57,0.58,19,11,27,61.009,139,62,379,1288,49.971
7023,0,1,0.06,0.06,8,6,17,38.320,504,1006,319,240,31.521
7024,0,1,0.80,0.81,17,8,21,49.336,352,782,154,50,30.332
7025,0,1,1.75,1.75,10,7,20,46.231,190,373,544,1232,37.163
7026,0,1,0.47,0.48,15,12,27,57.463,146,28,404,1086,43.560
7027,0,1,4.65,4.66,18,13,27,58.722,419,1284,197,520,31.824
7028,0,1,0.52,0.52,14,13,21,40.418,254,265,162,1040,31.218
7029,0,1,0.24,0.25,12,9,27,63.318,273,1222,144,54,47.004
7030,0,1,2.18,2.19,20,15,31,67.071,611,250,138,987,35.029
7031,0,1,0.02,0.02,4,3,13,31.947,470,438,388,1231,31.889
7032,0,1,0.29,0.30,10,7,18,39.729,263,266,459,1041,31.976
7033,0,1,0.07,0.08,9,8,26,61.669,476,997,541,21,39.126
7034,0,1,0.09,0.09,11,9,26,60.402,539,339,299,1270,38.457
7035,0,1,0.16,0.16,12,9,25,61.031,464,1018,418,53,38.644
7036,0,1,1.78,1.79,17,12,29,64.474,606,1330,59,187,50.686
7037,0,1,0.02,0.02,6,5,20,49.980,330,172,210,1062,35.922
7038,0,1,9.40,9.41,22,17,29,54.712,417,1338,497,323,40.726
7039,0,1,3.70,3.71,23,11,27,62.503,86,105,440,1276,48.934
7040,0,1,0.05,0.05,7,7,24,56.590,295,1337,186,362,39.243
7041,0,1,0.59,0.60,14,11,25,54.100,584,293,142,1093,36.559
7042,0,1,1.70,1.71,18,13,27,55.199,468,33,531,851,32.817
7043,0,1,0.06,0.06,6,5,16,39.735,455,832,191,78,31.955
7044,0,1,4.72,4.74,22,14,32,74.191,95,1277,142,430,33.932
7045,0,1,0.74,0.75,10,9,22,48.934,455,193,492,1277,43.385
7046,0,1,15.73,15.74,27,22,35,63.291,586,385,55,1017,33.018
7047,0,1,2.25,2.26,22,17,28,59.411,294,932,550,166,32.306
7048,0,1,0.55,0.56,19,14,30,71.426,164,1107,114,57,42.048
7049,0,1,0.05,0.06,7,6,19,44.970,130,146,208,1215,42.874
7050,0,1,1.03,1.03,13,9,26,57.037,355,1096,594,167,38.370
7051,0,1,0.47,0.48,17,12,35,81.168,559,550,352,1276,30.197
7052,0,1,1.33,1.34,13,8,24,59.455,417,966,406,51,36.603
7053,0,1,1.28,1.28,18,12,28,61.642,483,1336,189,198,47.015
7054,0,1,14.23,14.24,16,12,26,52.606,209,32,108,1207,47.173
7055,0,1,0.15,0.16,12,8,24,55.937,133,1148,264,259,35.944
7056,0,1,0.55,0.56,15,12,26,56.946,431,185,205,1325,46.487
7057,0,1,0.03,0.04,9,8,22,52.609,453,1037,158,254,33.469
7058,0,1,0.56,0.57,14,8,23,56.082,140,329,294,1187,34.868
7059,0,1,0.08,0.09,10,6,23,59.316,423,44,285,1291,50.185
7060,0,1,0.28,0.28,15,14,34,71.083,514,413,365,1215,32.629
7061,0,1,0.41,0.41,13,12,29,66.360,616,1133,345,38,45.121
7062,0,1,3.23,3.24,19,15,31,66.075,80,1316,120,122,47.787
7063,0,1,0.06,0.06,8,7,20,48.348,121,236,459,977,32.578
7064,0,1,3.47,3.48,28,16,32,67.390,22,1203,547,489,35.450
7065,0,1,0.19,0.21,10,7,26,65.320,598,1324,212,53,53.133
7066,0,1,1.48,1.49,19,11,25,54.431,103,289,333,1217,38.243
7067,0,1,0.24,0.25,14,11,30,67.439,437,1168,20,59,47.392
7068,0,1,0.80,0.81,21,16,36,81.127,431,1321,449,45,51.045
7069,0,1,0.02,0.03,6,3,16,41.868,191,191,305,1221,41.452
7070,0,1,0.98,0.99,16,12,28,60.078,226,1050,29,173,35.954
7071,0,1,0.19,0.20,16,14,35,85.633,123,27,280,1043,41.122
7072,0,1,0.10,0.11,9,4,16,40.967,132,164,211,1083,36.896
7073,0,1,0.94,0.95,14,12,26,55.601,219,946,619,155,35.455
7074,0,1,7.99,8.00,12,10,21,40.202,104,1215,442,532,30.482
7075,0,1,27.57,27.58,21,19,39,78.020,387,94,540,1271,47.476
7076,0,0,500.01,500.01,0,0,0,0.000,617,217,532,1229,40.623
7077,0,1,60.04,60.06,14,12,31,67.184,607,54,107,1223,50.858
7078,0,1,77.30,77.31,22,14,23,43.699,189,338,156,1238,36.024
7079,0,1,2.22,2.23,21,13,27,60.873,149,15,125,779,30.575
7080,0,0,500.01,500.01,0,0,0,0.000,455,1128,365,315,32.719
7081,0,1,0.54,0.56,17,14,30,64.010,546,1323,197,150,48.953
7082,0,1,0.02,0.03,7,6,19,42.901,208,79,216,1132,42.121
7083,0,1,0.13,0.13,12,6,20,48.154,192,129,366,1049,37.452
7084,0,1,0.06,0.06,9,7,25,60.118,33,39,331,1268,50.585
7085,0,1,0.22,0.22,8,7,18,41.088,434,201,447,1081,35.204
7086,0,1,10.84,10.86,21,16,26,47.919,359,178,559,990,33.451
7087,0,1,0.49,0.50,13,9,23,57.374,207,1076,186,265,32.451
7088,0,1,0.34,0.34,10,9,19,42.248,137,788,320,30,31.191
7089,0,1,19.05,19.06,26,20,35,64.162,197,1298,72,376,37.217
7090,0,1,0.08,0.09,9,7,22,52.737,292,1163,582,389,33.062
7091,0,1,27.13,27.14,24,16,35,66.869,25,30,521,1036,44.865
7092,0,1,0.16,0.17,13,11,27,62.850,166,61,368,899,34.480
7093,0,1,0.32,0.32,7,6,19,44.916,145,209,126,1083,34.968
7094,0,1,0.02,0.02,5,3,15,37.662,214,996,182,55,37.662
7095,0,1,1.18,1.19,19,12,32,78.481,557,571,231,1289,31.542
7096,0,1,2.15,2.16,18,11,24,54.578,372,1298,108,93,49.343
7097,0,1,3.93,3.93,19,15,30,58.349,435,335,146,1028,30.034
7098,0,1,7.76,7.76,15,8,18,39.303,459,602,184,1382,33.082
7099,0,1,0.05,0.05,7,6,21,52.627,348,193,153,1125,38.087
7100,0,1,1.34,1.34,12,8,21,51.119,515,96,493,1255,46.368
7101,0,1,0.21,0.22,13,10,27,63.589,276,49,217,1014,38.672
7102,0,1,0.04,0.04,10,7,23,58.534,258,26,369,1327,52.229
7103,0,1,2.36,2.36,13,7,21,52.316,202,77,189,1342,50.603
7104,0,1,0.26,0.27,19,13,30,65.125,265,96,366,1265,46.934
7105,0,1,1.41,1.41,14,8,23,54.395,306,1171,125,329,34.449
7106,0,1,0.05,0.06,8,7,20,49.369,513,106,277,1036,38.379
7107,0,1,1.96,1.97,19,8,22,53.698,439,1218,270,172,42.383
7108,0,1,2.48,2.49,13,11,29,66.684,546,1279,202,72,50.203
7109,0,1,0.01,0.02,4,3,13,30.891,442,1005,456,235,30.805
7110,0,1,4.43,4.44,20,10,30,74.346,517,35,187,1324,53.223
7111,0,1,1.01,1.01,12,9,22,52.011,183,1083,600,298,35.555
7112,0,1,1.85,1.86,18,10,29,69.771,435,1335,34,49,53.883
7113,0,1,51.03,51.04,16,12,23,41.503,420,381,507,1223,33.859
7114,0,1,0.40,0.40,12,11,25,52.965,116,1324,205,138,47.573
7115,0,1,0.21,0.21,10,6,18,43.373,496,178,309,1188,41.087
7116,0,1,0.03,0.05,8,6,22,55.329,363,161,362,1280,44.760
7117,0,1,0.42,0.43,12,11,23,47.413,564,1203,196,512,31.315
7118,0,1,0.11,0.11,11,8,25,60.662,613,383,416,1126,30.747
7119,0,1,63.15,63.17,21,19,35,64.334,33,403,507,1198,37.023
7120,0,1,2.11,2.12,14,10,22,48.884,216,1350,99,201,46.198
7121,0,1,99.18,99.20,25,18,36,75.005,292,192,577,1204,42.055
7122,0,1,0.88,0.89,14,9,23,54.828,498,1121,265,110,41.500
7123,0,1,0.19,0.20,9,5,14,34.107,355,1233,464,427,32.533
7124,0,1,0.38,0.38,11,6,20,49.932,522,171,251,1156,40.864
7125,0,1,1.69,1.70,11,11,26,54.377,245,1103,618,148,41.010
7126,0,1,64.23,64.24,30,22,43,83.665,541,36,32,1322,55.323
7127,0,1,16.14,16.15,17,15,29,53.585,219,265,68,1019,30.759
7128,0,1,0.09,0.10,11,7,25,58.517,600,89,404,1042,38.918
7129,0,1,0.31,0.32,17,14,26,51.326,484,1327,126,666,30.069
7130,0,1,5.65,5.65,16,12,29,69.726,395,158,75,1315,48.017
7131,0,1,0.12,0.13,8,7,21,47.151,267,95,431,1093,40.455
7132,0,1,2.12,2.12,21,17,31,65.296,174,1323,534,381,40.338
7133,0,1,0.02,0.03,5,4,16,38.186,581,1151,469,362,31.876
7134,0,1,0.22,0.23,14,7,24,62.231,374,1279,294,20,50.462
7135,0,1,1.82,1.83,14,9,28,70.618,136,107,33,1326,48.934
7136,0,1,2.06,2.07,26,15,36,86.098,108,1012,509,62,41.247
7137,0,1,1.14,1.15,18,13,28,62.423,443,1337,121,97,51.245
7138,0,1,1.62,1.64,17,10,26,60.556,386,1099,95,217,37.151
7139,0,1,93.56,93.57,30,18,30,54.681,503,288,200,1366,44.791
7140,0,1,8.67,8.68,16,10,29,71.667,162,46,518,1265,50.797
7141,0,1,1.88,1.88,17,15,34,73.234,59,17,535,757,35.195
7142,0,1,11.08,11.09,13,8,22,52.073,190,127,175,1316,47.564
7143,0,1,0.06,0.07,9,7,20,46.862,277,257,445,1228,39.417
7144,0,1,0.73,0.74,20,15,30,59.743,372,1327,287,188,45.687
7145,0,1,7.59,7.60,17,13,25,51.177,321,247,483,1234,40.008
7146,0,1,0.27,0.27,14,12,25,54.579,130,174,359,1075,37.186
7147,0,1,0.29,0.30,10,7,18,41.759,195,1147,82,180,38.943
7148,0,1,9.74,9.75,16,10,32,76.405,335,24,445,1275,50.233
7149,0,1,0.17,0.18,14,10,23,55.309,110,363,468,1130,33.857
7150,0,1,0.03,0.04,6,5,19,47.824,210,1218,168,25,47.750
7151,0,1,1.52,1.53,19,18,34,63.527,415,1356,63,659,31.234
7152,0,1,0.11,0.11,12,10,22,45.655,440,1337,445,539,31.921
7153,0,1,0.07,0.07,7,5,17,42.948,392,187,342,1178,39.690
7154,0,1,0.10,0.10,9,6,22,56.428,356,46,337,1292,49.846
7155,0,1,0.26,0.27,12,9,22,52.106,394,1237,613,89,46.748
7156,0,1,18.87,18.88,16,11,22,46.090,463,225,557,1216,39.818
7157,0,1,0.17,0.18,8,7,17,39.406,384,424,156,1149,30.400
7158,0,0,500.01,500.01,0,0,0,0.000,607,218,428,1374,46.791
7159,0,1,20.11,20.12,18,15,30,57.186,176,38,110,1275,49.550
7160,0,1,0.03,0.03,5,4,17,42.089,189,114,249,1163,42.029
7161,0,1,0.09,0.09,11,9,26,58.222,205,1330,460,284,43.065
7162,0,1,17.35,17.36,12,6,16,36.503,216,522,450,1340,34.032
7163,0,1,9.20,9.21,22,14,26,50.311,190,411,493,1242,35.381
7164,0,1,3.53,3.54,27,18,36,78.532,171,1075,101,97,39.220
7165,0,1,0.70,0.71,16,10,31,72.599,91,393,586,1330,42.389
7166,0,1,0.93,0.94,14,8,20,44.701,287,962,102,41,37.576
7167,0,1,0.03,0.03,7,6,19,42.304,229,262,424,1214,38.871
7168,0,1,0.52,0.53,15,11,28,65.202,364,1050,330,30,40.823
7169,0,1,0.11,0.11,10,7,22,52.481,172,1107,506,343,33.353
7170,0,1,0.11,0.12,9,7,25,62.471,451,1148,526,321,33.216
7171,0,1,0.01,0.02,8,5,22,53.694,180,976,375,242,30.378
7172,0,0,500.01,500.01,0,0,0,0.000,218,1079,297,317,30.643
7173,0,1,3.02,3.03,16,14,30,60.978,335,1262,104,424,34.770
7174,0,1,3.84,3.85,18,10,22,48.748,546,1280,570,376,36.173
7175,0,1,0.07,0.07,12,7,20,45.018,223,1172,304,240,37.421
7176,0,1,0.01,0.01,5,4,14,31.403,475,1045,447,263,31.300
7177,0,1,0.03,0.04,10,7,21,47.563,430,958,171,200,32.041
7178,0,1,0.39,0.40,13,6,21,50.822,496,1131,138,288,36.635
7179,0,1,2.28,2.29,28,19,38,84.672,549,952,246,121,35.381
7180,0,1,0.01,0.02,6,4,15,33.830,459,406,287,1198,32.418
7181,0,1,0.12,0.12,13,10,30,74.710,69,291,198,1376,43.706
7182,0,1,0.61,0.61,12,9,22,52.592,69,939,571,160,37.070
7183,0,1,0.15,0.16,11,8,28,65.112,424,16,289,1239,49.217
7184,0,1,3.87,3.88,25,14,38,85.322,221,251,524,939,30.071
7185,0,1,0.05,0.05,8,5,20,48.601,190,1076,387,155,37.673
7186,0,1,37.56,37.57,19,15,35,71.254,273,22,533,1261,50.639
7187,0,1,1.47,1.48,16,13,29,64.485,174,1337,613,128,51.449
7188,0,1,0.39,0.40,12,8,24,59.764,307,17,384,887,34.936
7189,0,1,0.38,0.39,10,9,21,44.371,312,1085,495,158,37.796
7190,0,1,1.42,1.43,15,11,26,56.646,463,1386,543,432,38.294
7191,0,0,500.02,500.02,0,0,0,0.000,273,138,570,871,31.635
7192,0,1,0.77,0.79,12,10,23,55.201,490,1194,387,141,42.321
7193,0,1,6.73,6.74,21,15,35,74.146,525,31,454,1343,52.557
7194,0,1,9.04,9.05,23,19,39,74.966,210,1316,144,28,51.588
7195,0,1,1.77,1.78,18,14,29,60.612,544,35,119,1036,43.499
7196,0,1,0.02,0.03,9,6,24,60.159,368,43,379,1238,47.802
7197,0,1,0.28,0.29,12,9,23,55.878,268,985,274,25,38.401
7198,0,1,2.06,2.07,18,14,26,54.036,197,1297,329,510,31.920
7199,0,1,0.24,0.25,12,9,28,63.701,594,141,261,1293,47.967
7200,0,1,0.02,0.03,6,4,20,51.210,504,297,228,1216,38.382
7201,0,0,500.01,500.01,0,0,0,0.000,284,968,586,217,32.378
7202,0,1,0.52,0.53,15,9,24,61.229,297,1182,301,53,45.160
7203,0,1,0.02,0.03,6,6,21,50.112,462,33,345,917,35.668
7204,0,1,0.39,0.40,15,9,27,65.390,253,207,189,1006,32.062
7205,0,1,0.07,0.07,9,7,24,56.854,306,1335,94,49,52.134
7206,0,1,0.45,0.46,18,11,24,57.022,542,358,184,1117,33.568
7207,0,1,2.58,2.59,18,13,26,52.828,208,1296,327,237,42.627
7208,0,1,1.33,1.34,12,8,19,42.617,197,321,130,1328,40.369
7209,0,1,0.27,0.28,11,7,19,44.385,513,746,192,45,30.840
7210,0,1,0.09,0.09,12,9,30,70.117,131,1148,381,49,45.083
7211,0,1,0.21,0.22,14,10,28,63.373,601,19,329,1125,45.558
7212,0,0,500.01,500.01,0,0,0,0.000,375,1336,578,197,46.278
7213,0,1,0.10,0.11,10,8,27,64.447,374,1309,191,23,51.958
7214,0,1,0.19,0.20,11,9,24,54.883,618,159,275,1116,40.664
7215,0,1,0.22,0.23,12,10,24,55.976,98,933,572,33,40.688
7216,0,1,0.46,0.47,11,6,16,37.326,239,1129,124,249,35.499
7217,0,1,0.04,0.04,7,3,13,32.448,436,332,329,1113,31.532
7218,0,1,0.28,0.29,17,12,32,71.480,554,59,334,1192,46.166
7219,0,1,0.02,0.03,6,5,15,35.048,221,1235,418,492,30.747
7220,0,1,0.69,0.70,15,13,25,49.890,63,1190,403,268,39.308
7221,0,1,0.02,0.02,6,4,17,41.986,207,345,418,1198,35.148
7222,0,1,0.03,0.04,10,8,26,61.473,510,46,188,1256,50.084
7223,0,1,2.05,2.06,21,17,31,63.018,118,1234,610,100,49.445
7224,0,1,0.85,0.86,10,9,24,56.231,341,1190,32,185,42.057
7225,0,1,0.05,0.05,9,6,21,54.168,455,1164,238,279,36.449
7226,0,1,0.07,0.08,10,8,23,55.205,197,145,427,882,30.882
7227,0,1,2.81,2.82,10,7,25,59.936,519,362,333,1329,39.389
7228,0,1,6.06,6.07,21,14,30,65.802,316,1265,505,484,32.142
7229,0,1,0.90,0.90,13,10,20,39.856,553,1220,428,319,36.385
7230,0,1,0.06,0.06,7,7,22,53.077,336,185,153,1117,37.992
7231,0,1,2.82,2.84,25,17,35,73.281,482,1333,321,205,45.577
7232,0,1,0.09,0.09,11,11,25,57.963,86,339,255,1217,35.765
7233,0,1,0.01,0.02,5,5,19,44.230,443,343,194,1153,33.896
7234,0,1,120.36,120.38,29,22,31,42.043,526,638,117,1318,31.741
7235,0,1,0.19,0.20,10,9,24,57.925,134,1128,57,205,37.048
7236,0,1,0.37,0.37,9,6,17,38.784,385,1105,423,212,35.752
7237,0,1,0.04,0.05,10,7,23,55.376,173,61,253,1030,38.892
7238,0,1,0.75,0.75,19,12,25,51.368,522,959,332,19,38.360
7239,0,1,30.94,30.95,18,10,19,36.880,281,1183,354,396,31.615
7240,0,1,0.04,0.04,5,4,15,33.797,212,428,307,1258,33.417
7241,0,0,500.02,500.02,0,0,0,0.000,229,1382,578,225,48.340
7242,0,1,0.06,0.06,5,3,14,36.436,300,1175,458,383,32.304
7243,0,1,4.90,4.91,15,10,23,52.378,104,179,456,1306,47.228
7244,0,1,18.20,18.22,14,11,29,66.167,123,293,95,1218,37.017
7245,0,1,2.48,2.49,21,16,29,49.047,585,1136,530,341,31.876
7246,0,1,25.22,25.22,15,14,25,43.953,446,330,522,1187,34.415
7247,0,1,1.93,1.94,12,11,22,47.635,587,1006,437,178,33.659
7248,0,1,3.50,3.51,22,19,31,58.570,532,1324,304,600,30.362
7249,0,1,14.06,14.07,21,16,28,51.431,483,1147,619,257,36.013
7250,0,1,0.06,0.06,8,8,20,45.817,286,1079,139,300,31.710
7251,0,1,0.80,0.81,9,6,16,38.540,352,194,504,1011,33.241
7252,0,1,2.01,2.02,23,17,29,64.247,551,59,596,947,35.566
7253,0,1,0.12,0.13,13,9,25,61.457,533,350,505,1103,30.141
7254,0,1,0.17,0.17,9,7,20,47.407,328,924,218,46,35.395
7255,0,1,67.57,67.59,29,21,41,80.300,556,55,101,1277,52.158
7256,0,1,0.11,0.12,9,7,22,53.599,241,1071,288,131,37.647
7257,0,1,0.40,0.40,12,8,24,55.808,261,48,257,1103,42.200
7258,0,0,500.01,500.01,0,0,0,0.000,366,313,413,1373,42.442
7259,0,1,2.08,2.10,20,16,31,62.338,158,1073,497,104,41.064
7260,0,1,0.06,0.07,8,5,20,49.161,493,153,364,1340,47.760
7261,0,1,2.71,2.72,11,9,20,43.682,446,1301,171,517,33.233
7262,0,1,0.67,0.68,17,10,28,64.671,358,1270,185,183,44.027
7263,0,1,0.06,0.07,11,7,21,51.243,278,279,291,1041,30.484
7264,0,1,1.31,1.32,17,13,25,51.116,454,983,391,23,38.483
7265,0,1,0.36,0.37,10,10,23,51.668,552,1216,259,238,40.838
7266,0,1,0.07,0.07,9,7,20,46.281,257,1297,162,293,40.339
7267,0,1,21.58,21.60,14,12,29,63.759,209,77,366,839,31.120
7268,0,1,7.60,7.61,19,14,26,53.718,382,162,576,953,32.578
7269,0,1,1.66,1.67,17,13,31,68.810,228,1314,540,43,52.349
7270,0,1,21.12,21.13,14,9,25,57.265,150,300,436,1357,43.800
7271,0,1,0.61,0.61,12,10,24,54.889,408,212,494,1110,36.084
7272,0,1,0.41,0.42,12,10,21,46.556,151,1025,49,55,39.014
7273,0,1,0.10,0.10,9,6,19,42.825,95,759,412,26,31.944
7274,0,1,0.67,0.68,14,11,27,59.974,204,1170,159,54,44.676
7275,0,1,0.18,0.19,9,7,22,56.647,218,1229,154,298,37.328
7276,0,1,0.66,0.66,16,12,29,71.998,518,380,290,1321,38.729
7277,0,1,0.12,0.13,8,8,22,47.240,577,262,311,1184,38.384
7278,0,1,0.12,0.13,11,9,23,55.433,373,916,335,31,35.433
7279,0,1,6.65,6.67,28,21,40,84.019,579,1318,71,596,35.312
7280,0,1,75.85,75.88,41,29,39,66.434,123,686,605,1333,32.272
7281,0,1,0.04,0.05,9,6,21,50.532,235,273,266,1190,36.701
7282,0,1,0.05,0.06,9,7,20,49.336,266,1251,394,129,45.171
7283,0,1,1.12,1.13,15,8,21,51.425,563,329,327,1296,39.815
7284,0,1,0.70,0.71,13,12,27,55.957,407,893,141,118,32.775
7285,0,1,5.48,5.49,11,8,20,46.885,430,356,225,1270,37.468
7286,0,1,2.85,2.86,18,14,27,56.224,397,60,74,881,35.290
7287,0,1,5.21,5.22,24,14,28,58.434,357,417,608,1217,33.538
7288,0,1,63.68,63.70,17,14,29,61.874,212,163,514,1272,45.975
7289,0,1,0.26,0.27,11,9,23,60.246,353,1288,266,246,41.825
7290,0,1,0.20,0.21,9,8,19,44.735,112,1006,126,71,37.404
7291,0,1,0.03,0.04,6,5,17,38.696,286,1117,370,254,34.683
7292,0,1,0.37,0.38,14,10,26,61.335,223,1155,452,58,44.826
7293,0,1,7.70,7.71,27,22,34,61.306,446,1281,246,96,48.070
7294,0,1,0.20,0.20,15,8,25,56.396,379,35,432,987,38.139
7295,0,0,500.02,500.02,0,0,0,0.000,251,13,594,873,37.035
7296,0,1,0.14,0.15,10,8,21,49.670,116,335,354,1126,33.041
7297,0,1,5.30,5.31,20,14,30,66.102,235,33,215,1340,52.286
7298,0,1,5.13,5.14,15,8,18,38.935,461,517,154,1313,34.126
7299,0,1,2.62,2.63,20,12,24,50.144,448,887,299,123,31.136
7300,0,1,0.73,0.74,22,16,31,68.398,563,1189,464,198,39.837
7301,0,1,0.26,0.26,9,4,15,34.862,542,167,366,913,30.659
7302,0,1,1.27,1.28,19,14,30,68.644,177,933,434,35,37.362
7303,0,1,15.87,15.90,30,20,41,86.995,143,598,533,1264,30.872
7304,0,1,0.10,0.10,9,7,18,39.822,381,1109,544,218,36.231
7305,0,1,0.05,0.05,7,6,18,39.809,265,15,184,962,38.018
7306,0,1,0.64,0.65,15,13,30,64.409,345,1225,132,92,46.114
7307,0,1,0.12,0.13,11,8,23,53.853,393,131,298,1046,36.797
7308,0,1,0.59,0.60,11,10,21,39.497,377,461,259,1330,35.079
7309,0,1,13.51,13.52,15,11,24,47.970,427,304,123,1212,38.302
7310,0,1,4.63,4.64,16,13,32,65.306,429,1282,66,30,52.142
7311,0,1,0.14,0.14,11,10,27,66.552,371,1082,437,61,40.925
7312,0,1,4.77,4.78,17,7,26,66.510,104,430,181,1314,35.494
7313,0,1,0.11,0.12,9,5,17,40.442,243,45,245,1028,39.320
7314,0,1,5.67,5.68,20,16,34,71.991,324,27,23,1207,48.711
7315,0,1,0.86,0.87,18,13,31,70.895,287,1342,384,94,50.071
7316,0,1,18.78,18.79,19,13,33,68.341,140,143,115,1231,43.531
7317,0,1,0.21,0.22,9,7,20,48.941,84,34,200,1112,43.369
7318,0,1,0.02,0.03,7,6,20,48.684,473,167,227,1174,41.464
7319,0,1,0.71,0.72,15,11,25,55.868,407,1274,552,329,38.242
7320,0,1,0.02,0.03,7,5,22,54.376,120,1138,447,201,39.697
7321,0,1,80.70,80.71,17,16,26,41.599,269,1209,388,386,33.262
7322,0,1,485.19,485.21,33,25,41,69.677,352,173,101,1257,44.507
7323,0,1,0.33,0.35,15,10,30,78.851,526,203,171,1127,39.594
7324,0,1,0.13,0.14,10,6,27,68.547,400,1176,470,18,46.405
7325,0,1,20.27,20.29,32,19,33,67.232,260,27,555,1214,48.924
7326,0,1,0.07,0.08,10,6,24,61.488,516,37,200,1193,47.936
7327,0,1,0.47,0.48,16,12,21,43.139,141,897,332,19,35.941
7328,0,1,0.56,0.56,12,10,27,57.758,340,1104,266,50,42.264
7329,0,1,0.37,0.37,12,10,22,50.168,101,1255,354,526,30.866
7330,0,1,36.53,36.54,15,13,28,54.933,294,1265,393,405,34.627
7331,0,1,0.78,0.78,8,8,20,46.275,527,49,127,779,33.296
7332,0,1,0.81,0.82,14,11,22,47.272,563,687,228,1366,30.286
7333,0,1,0.05,0.06,6,5,19,45.927,172,208,280,1340,45.486
7334,0,1,0.63,0.64,19,10,26,60.025,138,1030,387,254,32.599
7335,0,1,0.02,0.03,6,5,18,42.443,301,1176,561,289,36.973
7336,0,1,55.38,55.40,23,17,31,58.930,139,55,101,1336,51.263
7337,0,1,0.03,0.03,7,5,17,42.308,282,1182,458,193,40.182
7338,0,1,6.10,6.11,21,11,22,50.505,186,830,602,38,35.784
7339,0,1,0.65,0.66,20,15,34,76.780,102,1191,90,49,45.683
7340,0,1,9.68,9.69,18,14,30,62.682,569,1002,213,45,40.843
7341,0,1,2.39,2.40,20,13,26,58.607,538,1254,71,186,46.626
7342,0,1,27.52,27.53,18,14,30,60.458,89,31,218,1310,51.420
7343,0,1,0.19,0.20,12,9,30,73.407,84,53,369,1205,47.469
7344,0,1,0.72,0.73,12,7,18,40.967,436,848,302,46,32.525
7345,0,1,0.89,0.90,22,12,27,58.968,80,499,386,1191,30.265
7346,0,1,0.16,0.17,14,12,31,65.868,390,195,393,1119,36.960
7347,0,1,0.22,0.23,11,9,26,62.695,308,1131,375,44,43.563
7348,0,1,0.28,0.28,11,9,25,59.434,441,919,574,18,36.431
7349,0,1,0.59,0.60,14,12,24,51.566,470,812,57,41,34.986
7350,0,1,6.14,6.16,18,10,25,57.883,412,162,86,1329,48.467
7351,0,1,0.39,0.40,15,11,29,70.973,371,1233,415,24,48.392
7352,0,1,0.35,0.36,7,6,16,34.978,461,1033,348,259,31.288
7353,0,1,1.02,1.03,18,11,25,61.442,335,1295,485,199,44.249
7354,0,1,0.14,0.15,13,12,33,76.983,65,23,444,967,40.690
7355,0,1,0.03,0.04,8,5,20,52.679,256,48,412,1092,42.224
7356,0,1,0.14,0.15,9,7,23,55.734,345,1095,187,46,42.433
7357,0,1,5.39,5.39,15,9,23,53.014,536,1251,175,364,38.306
7358,0,1,4.43,4.45,21,14,28,58.376,49,188,414,1327,47.842
7359,0,1,0.10,0.11,11,8,30,73.952,600,1321,32,29,56.454
7360,0,1,7.14,7.16,26,13,23,48.149,216,171,573,914,32.973
7361,0,1,0.04,0.04,7,5,18,43.078,395,1032,153,245,32.935
7362,0,1,1.18,1.19,18,13,26,56.716,326,950,98,207,31.088
7363,0,1,0.97,0.98,14,11,21,45.885,445,829,114,53,33.746
7364,0,1,0.35,0.36,14,12,32,77.579,313,39,459,844,32.725
7365,0,1,61.94,61.95,20,12,31,70.595,502,20,446,1351,53.287
7366,0,1,0.88,0.89,12,9,25,59.549,244,44,523,1157,45.897
7367,0,1,0.05,0.05,9,9,22,47.286,176,964,524,195,33.763
7368,0,1,0.02,0.03,7,6,19,45.186,291,1190,508,152,42.418
7369,0,1,15.34,15.35,21,16,33,63.793,405,26,360,778,30.134
7370,0,1,0.25,0.26,10,8,18,42.726,368,1286,215,476,32.973
7371,0,1,0.06,0.06,6,6,21,49.006,190,289,425,1339,43.039
7372,0,1,7.65,7.67,17,12,26,54.932,593,1315,166,288,44.489
7373,0,1,0.34,0.34,13,10,31,73.866,272,58,287,941,35.325
7374,0,1,2.77,2.78,21,16,37,81.949,438,1360,496,316,41.824
7375,0,1,0.29,0.30,13,10,29,71.407,67,600,273,1343,30.841
7376,0,0,500.01,500.01,0,0,0,0.000,619,209,274,1322,46.610
7377,0,1,0.05,0.06,6,3,12,30.287,427,345,403,1099,30.175
7378,0,1,7.36,7.36,9,8,20,41.412,422,1301,450,305,39.856
7379,0,1,0.05,0.05,10,5,25,67.685,220,46,430,811,31.732
7380,0,1,10.71,10.72,22,14,24,47.508,271,51,112,956,36.754
7381,0,1,0.03,0.03,7,5,17,40.050,210,1212,424,301,37.432
7382,0,1,5.86,5.87,22,13,32,70.859,492,1322,35,295,44.964
7383,0,1,0.06,0.06,5,4,16,38.795,427,1156,410,266,35.606
7384,0,1,3.12,3.13,22,13,25,49.036,79,910,249,114,32.558
7385,0,1,0.34,0.34,14,10,23,52.095,232,24,538,750,31.514
7386,0,1,4.12,4.13,26,15,27,53.980,119,941,368,176,32.180
7387,0,1,16.55,16.56,26,17,38,80.683,460,1362,599,23,53.848
7388,0,1,0.02,0.02,6,5,21,53.977,178,121,326,1181,42.811
7389,0,1,0.06,0.06,6,6,22,51.594,355,893,500,33,34.886
7390,0,1,0.03,0.03,7,5,20,50.217,312,253,273,1124,34.875
7391,0,1,0.03,0.03,7,5,17,40.137,432,1141,296,254,35.895
7392,0,1,10.47,10.47,11,7,18,39.491,440,286,511,1226,37.707
7393,0,1,3.07,3.08,23,16,30,64.128,87,921,608,123,38.121
7394,0,1,0.01,0.01,4,4,14,33.296,248,1230,214,399,33.268
7395,0,1,2.21,2.22,22,13,25,60.771,368,1219,581,158,43.287
7396,0,1,0.25,0.26,11,7,17,39.158,385,1098,218,345,30.852
7397,0,1,0.12,0.12,11,8,19,41.368,380,1332,200,587,30.657
7398,0,1,0.21,0.22,10,9,20,43.293,41,927,270,58,35.947
7399,0,0,500.01,500.01,0,0,0,0.000,457,1121,365,325,32.052
7400,0,1,1.22,1.23,12,8,17,39.121,546,840,267,113,31.148
7401,0,1,1.98,1.99,19,13,32,66.981,605,134,592,1188,42.163
7402,0,1,0.23,0.23,8,6,19,44.592,524,181,348,1231,42.586
7403,0,1,4.55,4.56,15,11,30,70.630,515,1282,444,427,34.318
7404,0,1,1.29,1.30,16,15,33,65.839,599,1312,99,172,49.793
7405,0,1,1.20,1.21,12,11,24,56.039,391,184,264,960,31.453
7406,0,1,1.37,1.38,14,9,26,60.755,435,1207,94,447,33.320
7407,0,1,11.82,11.83,11,9,20,42.897,275,418,514,1138,30.345
7408,0,1,2.24,2.25,21,14,32,69.055,425,1351,93,571,33.909
7409,0,1,1.99,2.00,16,13,24,40.831,216,395,419,1281,36.358
7410,0,1,0.02,0.02,5,4,18,43.044,465,194,377,1261,42.825
7411,0,1,0.20,0.21,15,11,28,63.291,509,489,165,1328,36.271
7412,0,1,0.11,0.12,6,6,18,38.165,256,1052,160,243,32.587
7413,0,1,0.04,0.04,7,4,16,42.708,469,275,259,1292,41.538
7414,0,1,0.11,0.11,8,7,21,49.751,316,1124,258,154,38.869
7415,0,1,0.16,0.17,9,7,20,46.597,508,176,246,1172,41.195
7416,0,1,0.03,0.03,6,5,17,42.750,408,508,299,1341,33.604
7417,0,1,0.14,0.14,8,7,16,34.337,64,184,182,941,30.646
7418,0,1,1.06,1.06,14,10,24,54.674,375,1268,466,192,43.194
7419,0,1,0.07,0.08,9,6,22,54.530,521,1152,94,313,37.656
7420,0,1,0.04,0.04,6,5,20,53.330,502,306,330,1270,39.169
7421,0,1,4.45,4.46,29,22,39,79.578,601,102,54,938,39.962
7422,0,1,2.46,2.47,18,14,28,55.457,279,108,74,940,34.275
7423,0,1,0.57,0.58,15,11,25,54.515,579,251,448,1364,44.827
7424,0,0,500.01,500.01,0,0,0,0.000,279,319,259,1202,35.329
7425,0,0,500.04,500.04,0,0,0,0.000,245,342,203,1146,32.204
7426,0,1,6.79,6.80,22,18,28,52.615,537,1263,386,148,45.007
7427,0,1,0.36,0.36,11,9,20,41.957,354,457,298,1335,35.191
7428,0,1,0.05,0.05,7,7,21,46.162,399,273,200,1235,39.295
7429,0,1,54.47,54.48,14,13,28,54.604,470,302,95,1250,40.779
7430,0,1,51.11,51.12,15,10,25,51.258,208,134,529,1217,45.183
7431,0,1,2.69,2.70,14,12,26,55.534,110,1222,499,122,46.670
7432,0,1,23.18,23.19,20,15,30,62.935,529,464,147,1273,35.786
7433,0,1,19.73,19.74,28,20,34,61.154,121,141,469,1317,49.056
7434,0,1,0.34,0.35,13,9,21,50.676,407,910,115,25,37.277
7435,0,1,0.12,0.12,8,6,17,40.892,297,237,231,1152,36.695
7436,0,1,0.05,0.05,6,4,13,32.924,172,448,341,1183,30.167
7437,0,1,0.02,0.02,6,3,15,40.051,223,1166,104,192,39.250
7438,0,1,1.42,1.43,22,12,30,66.681,288,1242,445,173,43.219
7439,0,1,1.35,1.36,16,12,25,54.842,187,1241,551,502,32.951
7440,0,1,0.02,0.03,8,6,25,63.336,214,211,458,943,30.864
7441,0,1,0.02,0.03,8,8,22,50.637,352,1276,192,538,30.206
7442,0,1,3.87,3.88,25,14,27,59.383,92,1232,499,447,35.369
7443,0,1,0.10,0.10,10,8,24,56.980,115,257,258,1163,36.689
7444,0,1,0.09,0.10,11,7,23,55.286,98,179,454,1112,39.944
7445,0,1,0.29,0.29,8,7,18,40.591,353,1085,507,191,36.287
7446,0,1,5.35,5.36,28,21,35,75.844,533,455,457,1370,36.726
7447,0,1,0.22,0.23,12,7,19,43.284,115,177,220,1043,34.894
7448,0,1,0.05,0.06,10,8,25,59.740,494,53,344,1165,44.883
7449,0,1,13.25,13.26,22,14,33,73.920,561,322,423,1384,42.837
7450,0,1,0.66,0.67,15,11,32,74.281,531,1216,479,62,46.207
7451,0,1,9.17,9.18,22,16,28,49.239,112,1287,349,441,35.143
7452,0,1,6.94,6.95,19,12,20,36.711,173,1311,563,662,30.287
7453,0,1,0.24,0.25,14,8,25,64.181,85,515,310,1302,32.741
7454,0,1,0.13,0.14,10,7,21,51.451,74,227,453,1178,40.950
7455,0,1,17.75,17.76,18,16,33,66.887,219,1319,170,462,34.336
7456,0,1,0.11,0.11,9,8,24,53.336,381,1184,53,219,40.769
7457,0,1,0.26,0.27,14,9,29,69.948,508,422,229,1218,33.739
7458,0,0,500.01,500.01,0,0,0,0.000,278,125,593,860,31.986
7459,0,1,5.02,5.03,23,15,28,56.342,83,31,585,822,37.474
7460,0,1,2.52,2.53,26,17,40,94.147,549,23,523,801,31.137
7461,0,1,0.24,0.25,11,9,26,61.803,288,164,330,1101,37.518
7462,0,1,0.44,0.44,15,11,24,55.386,462,913,471,61,34.082
7463,0,1,0.17,0.17,8,6,21,49.422,287,278,191,1077,32.190
7464,0,1,0.03,0.03,5,4,18,44.547,196,165,320,1256,43.921
7465,0,1,12.33,12.34,21,14,31,59.381,455,184,163,1036,36.026
7466,0,1,1.44,1.45,19,11,28,65.963,218,1285,251,170,44.620
7467,0,1,0.50,0.50,8,7,16,35.380,208,60,107,842,31.540
7468,0,1,0.85,0.86,12,10,28,60.114,599,1002,542,214,31.602
7469,0,1,0.60,0.60,15,9,21,50.059,282,157,240,923,30.686
7470,0,1,0.53,0.54,12,11,25,52.183,606,260,246,1051,34.763
7471,0,1,1.17,1.17,17,12,26,60.541,388,917,317,26,35.753
7472,0,1,5.63,5.64,25,18,31,57.571,141,1246,95,470,31.094
7473,0,1,28.92,28.93,23,13,35,76.858,543,21,139,1189,49.436
7474,0,1,2.80,2.81,16,13,24,48.661,77,1026,539,333,33.315
7475,0,1,38.71,38.72,17,13,22,45.596,127,1253,364,444,33.720
7476,0,0,500.01,500.01,0,0,0,0.000,368,1136,617,213,38.240
7477,0,1,48.90,48.92,32,18,37,74.551,552,494,483,1284,31.720
7478,0,1,0.14,0.15,11,7,22,56.229,65,49,183,1181,45.525
7479,0,1,3.66,3.67,18,13,20,38.736,396,172,544,934,31.050
7480,0,1,0.17,0.18,9,7,18,42.694,181,879,439,57,34.462
7481,0,1,1.83,1.84,15,10,21,44.117,451,171,61,937,34.383
7482,0,1,13.68,13.69,19,15,28,54.167,431,1283,513,368,36.747
7483,0,0,500.01,500.01,0,0,0,0.000,294,323,484,1078,31.142
7484,0,1,5.15,5.16,14,13,24,44.371,508,1321,133,658,30.468
7485,0,1,0.15,0.16,12,11,25,57.824,54,239,319,1150,37.950
7486,0,1,0.05,0.06,8,5,20,50.965,119,146,408,999,36.025
7487,0,1,0.01,0.02,5,5,14,31.056,334,1221,446,465,30.570
7488,0,1,0.10,0.11,13,11,31,76.689,105,111,249,933,33.381
7489,0,1,128.03,128.04,22,13,25,50.552,277,1266,372,377,35.762
7490,0,1,0.04,0.05,8,6,20,44.386,506,137,300,1177,42.408
7491,0,0,500.01,500.01,0,0,0,0.000,309,1102,370,316,31.535
7492,0,0,500.03,500.03,0,0,0,0.000,362,322,328,1318,39.863
7493,0,1,0.46,0.48,13,12,28,60.231,411,998,461,53,37.853
7494,0,1,12.54,12.55,26,18,35,68.577,443,1307,88,590,32.003
7495,0,0,500.01,500.01,0,0,0,0.000,264,350,435,1154,32.879
7496,0,1,0.11,0.11,7,5,17,42.980,319,267,318,1075,32.320
7497,0,1,0.57,0.58,21,15,33,71.712,490,17,364,1311,52.005
7498,0,1,72.90,72.92,21,20,34,69.185,21,1261,264,462,33.405
7499,0,1,0.59,0.60,16,13,26,52.486,156,1083,384,202,36.401
7500,0,1,36.35,36.37,25,17,29,57.589,218,216,508,1236,42.417
7501,0,1,0.07,0.07,9,7,17,38.579,234,280,276,1097,32.723
7502,0,1,8.25,8.26,25,17,34,70.535,114,153,33,1195,41.806
7503,0,1,0.09,0.09,8,6,24,58.303,460,27,212,1038,41.639
7504,0,1,68.99,69.00,14,9,23,47.420,457,261,193,1266,41.564
7505,0,1,0.21,0.22,13,7,22,52.661,490,1123,80,342,35.283
7506,0,1,7.52,7.53,26,24,40,81.915,262,1281,69,490,32.568
7507,0,1,36.52,36.53,20,15,23,38.419,440,1135,332,382,30.428
7508,0,1,4.96,4.97,16,11,30,65.880,240,1129,55,298,34.054
7509,0,1,0.04,0.05,10,7,27,68.580,426,16,426,906,35.600
7510,0,1,1.61,1.61,11,8,23,56.242,96,305,440,1312,42.565
7511,0,1,1.68,1.69,15,14,35,80.157,588,1199,47,45,50.981
7512,0,1,0.78,0.79,21,16,37,84.972,146,1317,380,507,33.725
7513,0,1,0.75,0.76,14,13,26,57.249,249,1171,359,14,46.489
7514,0,1,0.07,0.07,8,5,20,49.499,267,1310,415,512,32.464
7515,0,1,0.46,0.47,13,10,27,64.395,291,1101,268,98,40.131
7516,0,1,0.44,0.44,12,10,26,55.056,396,1158,99,134,42.648
7517,0,1,0.85,0.85,15,10,24,55.835,563,39,117,789,34.904
7518,0,1,1.49,1.50,10,8,16,37.104,216,1373,440,610,31.808
7519,0,1,0.93,0.93,15,13,24,49.231,131,63,502,852,34.875
7520,0,1,0.34,0.34,11,9,23,51.542,540,201,147,1097,39.136
7521,0,1,1.13,1.14,21,14,31,64.224,134,89,87,927,33.573
7522,0,1,0.49,0.50,13,10,28,64.767,509,1074,303,104,39.665
7523,0,1,0.47,0.48,17,15,37,88.134,546,1330,567,38,51.687
7524,0,1,5.90,5.90,11,9,25,55.430,429,1369,307,189,47.452
7525,0,1,0.04,0.04,8,5,19,48.884,35,22,229,1004,40.039
7526,0,1,0.48,0.48,15,11,30,66.939,492,1129,258,111,41.782
7527,0,1,6.82,6.83,20,11,29,68.244,29,398,186,1280,35.835
7528,0,1,3.82,3.83,14,13,23,44.314,46,1028,115,187,33.753
7529,0,1,0.01,0.01,4,3,13,31.921,418,1106,423,308,31.921
7530,0,1,35.74,35.75,30,14,29,61.266,78,533,535,1241,33.707
7531,0,1,0.04,0.05,7,6,23,58.258,341,1335,89,220,45.725
7532,0,1,0.36,0.36,14,10,24,55.867,300,1045,392,127,36.904
7533,0,1,6.98,6.99,13,10,28,60.634,99,1322,272,43,51.626
7534,0,1,0.29,0.30,12,8,20,42.979,431,710,78,31,30.611
7535,0,1,5.10,5.11,15,11,26,58.596,216,1293,136,117,47.149
7536,0,1,0.17,0.18,14,11,24,53.183,607,825,130,42,36.674
7537,0,1,0.05,0.06,8,6,27,67.391,472,19,231,1235,49.586
7538,0,1,0.06,0.06,7,7,19,43.181,505,1004,264,116,36.805
7539,0,1,1.22,1.22,14,10,28,65.298,103,561,560,1195,31.262
7540,0,1,11.62,11.63,22,17,29,55.480,375,171,147,1045,36.130
7541,0,1,0.77,0.77,14,12,26,55.356,386,912,299,99,32.706
7542,0,1,0.03,0.04,8,5,15,34.661,194,385,286,1211,33.244
7543,0,1,0.03,0.03,7,6,18,41.039,439,166,395,1159,39.759
7544,0,1,2.65,2.66,17,15,33,72.784,113,1336,107,35,52.041
7545,0,1,0.09,0.09,11,8,19,43.161,177,422,247,1185,30.648
7546,0,1,0.22,0.23,16,12,28,64.221,151,27,182,956,37.181
7547,0,1,0.04,0.04,6,4,18,45.574,210,1096,84,13,43.612
7548,0,1,0.10,0.11,12,10,29,69.363,259,172,366,1337,46.796
7549,0,1,0.04,0.04,7,5,20,49.529,376,1307,497,113,48.005
7550,0,1,21.87,21.88,17,11,21,40.558,171,15,132,901,35.474
7551,0,1,0.13,0.14,8,6,17,41.237,184,1013,271,41,39.035
7552,0,1,21.65,21.66,16,8,17,34.937,220,486,143,1271,31.551
7553,0,1,0.08,0.09,5,4,17,40.011,470,166,361,1148,39.521
7554,0,1,3.93,3.95,32,17,33,72.183,195,984,300,205,31.442
7555,0,1,0.05,0.05,5,5,20,46.483,200,371,275,1252,35.367
7556,0,1,0.31,0.32,13,11,30,70.418,613,89,212,963,38.464
7557,0,1,195.71,195.72,20,16,30,50.988,141,49,81,1134,43.466
7558,0,1,1.10,1.11,10,7,19,47.211,171,291,67,1316,41.211
7559,0,1,1.47,1.48,20,15,27,59.598,556,37,81,933,40.565
7560,0,1,0.60,0.61,14,11,25,56.608,371,1200,116,114,44.621
7561,0,1,0.68,0.69,15,14,25,49.022,27,961,309,38,38.605
7562,0,1,24.09,24.11,22,18,30,57.611,604,289,197,1356,45.680
7563,0,1,1.03,1.04,15,11,33,75.946,411,894,504,19,35.197
7564,0,1,0.15,0.16,10,9,21,45.986,122,209,358,1086,36.328
7565,0,1,0.05,0.06,10,9,21,47.852,123,1155,116,294,34.441
7566,0,1,19.79,19.80,13,11,25,51.021,411,1296,484,162,45.454
7567,0,1,1.16,1.18,13,11,26,55.208,281,1249,317,168,43.264
7568,0,1,0.07,0.08,6,5,16,37.014,494,189,414,1020,33.394
7569,0,1,0.21,0.22,9,5,22,54.487,510,316,323,1251,38.141
7570,0,1,0.07,0.07,6,6,20,44.819,129,83,437,879,34.140
7571,0,1,45.06,45.08,24,18,34,65.772,317,200,158,1313,44.972
7572,0,1,0.17,0.18,10,5,16,39.271,402,889,207,126,31.501
7573,0,1,6.17,6.18,26,20,37,80.454,59,61,54,1191,45.200
7574,0,1,0.08,0.08,7,6,18,40.430,302,1179,431,439,30.046
7575,0,1,2.14,2.15,16,10,19,42.925,228,910,489,93,34.307
7576,0,1,0.68,0.69,17,14,34,81.796,543,229,498,1107,35.166
7577,0,1,1.78,1.79,15,10,28,64.138,542,359,187,1361,42.521
7578,0,1,5.53,5.55,23,15,29,66.383,592,385,433,1311,37.582
7579,0,1,0.20,0.21,12,10,21,43.115,204,451,532,1139,30.487
7580,0,1,1.46,1.47,20,12,25,53.750,148,1012,268,212,32.358
7581,0,1,0.19,0.20,13,11,27,60.745,429,38,321,1144,44.450
7582,0,1,5.74,5.75,30,18,36,72.193,227,1381,253,19,54.490
7583,0,1,46.87,46.89,31,21,39,71.706,537,403,568,1200,31.904
7584,0,1,1.46,1.47,17,11,26,62.510,521,1034,246,211,34.709
7585,0,1,0.11,0.11,14,10,27,65.121,311,177,421,983,32.539
7586,0,1,3.93,3.94,24,20,29,56.808,52,370,602,931,31.425
7587,0,1,9.85,9.86,17,10,22,45.532,367,420,87,1203,33.262
7588,0,1,0.10,0.10,8,5,18,44.020,192,113,140,1124,40.493
7589,0,1,0.38,0.39,12,12,35,81.687,172,1101,566,60,44.523
7590,0,1,0.13,0.13,8,6,20,51.849,376,194,260,1312,44.960
7591,0,1,1.51,1.52,18,14,24,53.730,300,117,107,907,32.529
7592,0,1,0.42,0.43,18,13,27,63.066,530,386,265,1195,34.052
7593,0,1,0.11,0.12,14,8,24,56.830,357,1313,53,207,45.881
7594,0,1,0.06,0.07,11,7,25,65.626,519,50,403,1117,42.931
7595,0,1,0.05,0.06,7,5,18,46.183,283,57,240,1112,42.235
7596,0,1,13.42,13.43,24,17,36,71.185,91,466,151,1246,31.292
7597,0,1,0.07,0.07,9,6,18,41.378,52,52,241,924,35.690
7598,0,1,4.98,4.99,21,15,29,56.318,101,1201,330,12,48.434
7599,0,1,1.53,1.54,18,10,27,63.874,338,1295,497,502,32.351
7600,0,1,0.05,0.06,5,4,14,32.449,177,501,359,1268,31.532
7601,0,1,0.65,0.66,15,11,23,47.014,273,961,91,215,30.715
7602,0,1,0.10,0.11,13,9,31,75.785,562,62,364,1319,50.900
7603,0,1,0.65,0.66,14,12,29,70.871,601,1128,274,20,46.210
7604,0,1,10.14,10.15,27,19,29,53.603,433,20,607,918,36.588
7605,0,1,0.62,0.63,15,12,26,56.238,399,1196,78,300,38.071
7606,0,1,0.41,0.42,16,12,29,69.100,590,295,342,1235,38.887
7607,0,1,0.06,0.06,11,9,27,62.457,558,429,333,1335,37.341
7608,0,1,0.04,0.05,13,6,23,57.180,365,1063,322,41,40.916
7609,0,1,0.66,0.67,11,8,19,42.638,543,1322,357,518,33.009
7610,0,1,13.83,13.85,23,15,35,77.599,121,173,148,1314,45.653
7611,0,1,1.01,1.02,12,10,25,58.070,325,172,216,1006,33.644
7612,0,1,0.02,0.03,6,3,19,50.784,380,1264,201,47,49.204
7613,0,1,0.66,0.67,16,14,31,65.845,571,1145,209,225,39.546
7614,0,1,0.17,0.18,11,7,17,38.255,102,807,61,26,31.283
7615,0,1,0.71,0.72,11,10,25,54.766,134,1329,218,99,49.315
7616,0,1,0.28,0.28,9,8,25,58.551,280,1051,536,58,41.019
7617,0,1,5.30,5.31,14,10,19,38.704,404,644,32,1324,31.004
7618,0,1,52.80,52.80,16,10,20,36.557,444,493,513,1285,31.800
7619,0,1,0.92,0.93,14,14,22,43.535,392,141,140,852,30.173
7620,0,1,9.16,9.17,16,9,24,58.401,337,1207,78,446,32.155
7621,0,1,0.22,0.23,11,5,21,53.351,433,318,379,1292,39.020
7622,0,1,0.37,0.37,9,8,17,36.564,354,1064,397,245,32.805
7623,0,1,0.80,0.81,10,7,19,45.803,425,1183,605,376,33.073
7624,0,1,0.19,0.19,9,9,23,51.585,374,43,261,912,35.053
7625,0,1,9.86,9.87,21,17,35,73.102,411,54,483,1218,46.649
7626,0,1,0.39,0.40,19,12,32,72.956,608,169,130,1160,44.010
7627,0,1,0.09,0.09,11,10,20,40.749,442,827,173,47,33.003
7628,0,1,45.45,45.46,29,23,40,67.979,612,552,145,1242,33.327
7629,0,1,2.51,2.52,12,11,26,56.682,480,25,81,1005,42.324
7630,0,1,0.72,0.73,13,10,23,49.959,403,1145,595,156,40.299
7631,0,1,0.26,0.26,13,12,34,78.275,325,1187,410,13,47.083
7632,0,1,0.42,0.43,10,10,22,43.978,536,935,218,163,33.397
7633,0,1,29.19,29.20,26,16,27,44.609,445,430,572,1213,31.729
7634,0,0,500.02,500.02,0,0,0,0.000,95,107,586,872,36.361
7635,0,1,1.77,1.78,21,13,27,60.554,307,838,218,20,32.913
7636,0,1,0.14,0.15,11,6,23,55.340,119,36,338,1335,52.693
7637,0,1,4.75,4.77,16,9,23,49.686,187,1275,60,382,36.079
7638,0,1,0.04,0.05,7,6,18,42.009,400,257,230,1105,34.595
7639,0,1,3.46,3.47,15,13,28,60.081,92,1270,78,433,33.485
7640,0,1,0.82,0.83,11,8,25,59.776,101,118,460,1344,51.099
7641,0,1,11.29,11.30,17,12,21,40.904,117,97,573,728,31.141
7642,0,1,12.93,12.95,28,20,36,79.171,28,1202,82,421,31.315
7643,0,1,2.23,2.24,26,21,40,81.163,448,173,136,953,33.603
7644,0,0,500.02,500.02,0,0,0,0.000,89,200,606,867,33.756
7645,0,1,0.79,0.81,21,13,32,77.810,574,17,311,1043,42.367
7646,0,1,0.04,0.04,6,5,16,34.767,332,1125,451,306,33.104
7647,0,0,500.02,500.02,0,0,0,0.000,45,203,581,878,34.477
7648,0,1,53.43,53.44,19,14,25,42.819,368,1224,300,444,31.318
7649,0,1,0.35,0.36,14,11,28,64.560,268,1075,135,67,40.669
7650,0,1,10.16,10.17,25,14,32,77.250,522,453,44,1205,35.642
7651,0,1,259.08,259.10,20,15,32,67.837,496,552,35,1206,32.006
7652,0,1,0.06,0.07,5,4,16,40.252,179,413,432,1204,33.219
7653,0,1,139.55,139.58,32,20,38,74.509,507,154,164,1318,48.539
7654,0,1,0.97,0.98,18,14,36,81.595,340,815,496,39,31.661
7655,0,1,4.92,4.93,14,12,27,58.618,315,164,60,1127,39.848
7656,0,1,17.28,17.29,20,11,25,51.989,498,206,604,1193,39.707
7657,0,1,0.70,0.71,11,8,23,51.090,470,930,73,39,39.018
7658,0,1,0.85,0.86,16,12,28,65.305,258,1251,406,114,45.864
7659,0,1,0.97,0.98,17,9,27,59.952,149,304,455,1351,43.632
7660,0,1,3.99,4.00,22,17,27,48.590,22,895,563,288,32.524
7661,0,1,48.45,48.47,19,13,29,63.601,602,155,157,1326,50.108
7662,0,1,0.06,0.07,8,6,19,45.239,502,92,445,1198,44.299
7663,0,1,0.21,0.21,7,5,17,39.507,282,894,148,14,35.606
7664,0,1,11.15,11.16,16,12,26,53.588,111,102,199,1385,51.441
7665,0,1,0.36,0.37,12,9,24,53.432,143,330,285,1184,34.629
7666,0,0,500.01,500.01,0,0,0,0.000,227,1005,589,198,35.379
7667,0,1,1.48,1.49,17,13,29,66.404,41,1325,329,179,47.265
7668,0,1,0.11,0.11,6,5,15,35.153,524,998,460,220,31.225
7669,0,1,0.24,0.25,11,9,22,52.402,495,223,127,1135,39.338
7670,0,1,2.78,2.79,24,14,31,71.414,194,1351,554,576,34.181
7671,0,1,27.38,27.39,31,26,49,102.066,477,22,308,811,32.276
7672,0,1,6.59,6.60,19,15,27,54.080,551,1257,298,192,43.786
7673,0,0,500.01,500.01,0,0,0,0.000,249,26,584,878,36.620
7674,0,1,18.03,18.03,14,9,18,37.510,450,1285,390,423,34.563
7675,0,1,1.54,1.55,21,15,33,72.852,527,1221,119,146,45.993
7676,0,1,29.52,29.52,15,14,33,70.398,476,14,70,1323,54.821
7677,0,1,3.79,3.80,22,17,33,66.427,575,51,79,1015,43.365
7678,0,0,500.03,500.03,0,0,0,0.000,592,856,323,36,34.520
7679,0,1,1.46,1.48,22,15,33,72.217,447,1171,531,50,44.966
7680,0,1,3.18,3.19,18,12,33,75.462,310,1308,565,365,39.075
7681,0,1,3.51,3.51,13,9,19,41.823,537,1208,470,296,36.578
7682,0,1,34.55,34.56,18,15,28,54.183,185,83,343,818,30.072
7683,0,1,0.54,0.54,16,13,26,61.492,106,332,174,1146,32.673
7684,0,1,0.12,0.12,8,7,22,51.691,620,288,162,1145,38.868
7685,0,1,0.38,0.39,12,9,24,48.776,300,1122,449,277,34.321
7686,0,1,0.07,0.07,11,10,28,63.201,197,76,463,943,36.276
7687,0,1,0.16,0.17,12,9,26,59.033,308,1083,249,26,42.346
7688,0,1,1.40,1.41,17,11,30,69.644,119,436,227,1364,37.371
7689,0,1,3.81,3.82,20,15,26,47.640,610,1197,540,321,35.152
7690,0,1,0.14,0.14,7,5,22,56.898,213,1156,456,41,45.647
7691,0,1,0.04,0.05,10,7,18,40.893,358,522,324,1300,31.150
7692,0,1,0.53,0.54,18,16,31,62.339,182,1338,301,35,52.337
7693,0,1,0.60,0.61,18,13,32,70.369,68,1315,462,374,40.806
7694,0,1,0.05,0.05,8,6,18,45.454,32,182,222,1176,40.480
7695,0,1,0.06,0.06,9,8,24,56.078,312,179,361,1231,42.126
7696,0,1,1.30,1.31,10,6,20,49.172,170,1313,188,150,46.526
7697,0,1,0.07,0.07,8,5,17,39.463,186,856,516,163,30.702
7698,0,1,19.12,19.14,24,19,28,50.630,103,659,551,1318,31.874
7699,0,1,0.56,0.56,15,9,20,42.676,568,908,93,313,30.454
7700,0,1,0.02,0.02,6,4,14,32.473,451,357,391,1160,32.210
7701,0,0,500.01,500.01,0,0,0,0.000,89,181,603,884,34.835
7702,0,1,0.12,0.13,12,9,32,80.322,22,52,437,945,39.389
7703,0,1,0.03,0.04,6,3,14,36.013,170,210,280,1092,35.553
7704,0,1,0.68,0.69,12,11,22,49.268,417,1355,280,525,33.649
7705,0,1,48.44,48.45,22,14,27,50.593,392,509,93,1265,32.519
7706,0,1,0.27,0.28,15,10,28,66.480,170,1074,59,204,35.082
7707,0,1,0.05,0.06,12,8,30,75.827,581,49,411,999,38.604
7708,0,1,0.50,0.50,15,12,27,59.241,256,55,412,1160,44.638
7709,0,1,1.86,1.87,21,16,37,79.263,100,1198,76,379,32.774
7710,0,1,0.65,0.66,12,10,25,58.352,153,1145,219,178,38.770
7711,0,1,0.68,0.68,15,8,21,49.047,477,1128,364,194,37.632
7712,0,0,500.01,500.01,0,0,0,0.000,304,1271,376,322,38.069
7713,0,1,0.13,0.14,9,8,25,56.784,611,290,293,1255,40.642
7714,0,1,1.94,1.95,16,9,19,43.675,491,1150,389,176,39.173
7715,0,1,8.32,8.33,14,12,28,59.693,273,202,195,1321,44.869
7716,0,1,2.10,2.11,20,10,21,45.092,499,356,223,1095,31.554
7717,0,1,0.43,0.44,18,16,33,69.822,71,52,523,769,33.903
7718,0,1,0.02,0.02,4,3,13,33.183,257,1101,199,281,32.882
7719,0,1,2.31,2.32,18,15,32,64.605,222,1367,558,459,38.727
7720,0,1,0.41,0.41,8,7,20,47.341,203,852,605,114,33.615
7721,0,1,29.14,29.14,12,10,25,54.121,191,69,587,1006,40.690
7722,0,1,0.16,0.17,10,8,28,68.392,517,31,413,1206,47.184
7723,0,1,0.30,0.31,14,8,26,61.761,24,49,193,1069,41.356
7724,0,1,9.94,9.96,38,21,34,73.355,119,356,583,946,30.024
7725,0,1,0.07,0.08,10,8,25,59.868,79,320,211,1216,36.227
7726,0,1,1.26,1.27,11,8,23,53.479,343,1206,113,359,35.107
7727,0,1,0.02,0.02,5,5,18,42.508,229,17,263,1059,41.702
7728,0,1,31.19,31.20,19,13,28,64.227,79,218,604,1206,44.753
7729,0,1,1.28,1.29,16,14,25,57.047,272,1107,293,117,39.609
7730,0,1,1.61,1.62,9,7,19,40.291,96,1275,211,349,37.325
7731,0,1,0.28,0.29,10,9,21,47.317,377,1127,601,384,31.041
7732,0,0,500.01,500.01,0,0,0,0.000,295,1207,600,206,41.857
7733,0,1,0.06,0.07,7,7,23,52.649,189,142,278,1245,44.263
7734,0,1,3.47,3.48,18,14,24,50.706,138,114,538,819,32.423
7735,0,1,0.15,0.16,6,5,15,33.905,118,1036,266,281,30.775
7736,0,1,0.76,0.77,7,4,15,37.659,413,1190,506,301,35.754
7737,0,1,0.26,0.27,12,6,19,44.406,209,1006,254,120,35.486
7738,0,1,0.05,0.05,9,8,26,62.123,461,903,258,19,36.280
7739,0,1,0.03,0.03,6,5,20,47.546,204,91,303,1258,46.848
7740,0,1,1.79,1.80,10,7,21,49.955,534,201,266,1257,43.579
7741,0,1,3.07,3.08,11,9,20,43.050,534,1219,410,239,39.513
7742,0,1,0.04,0.05,7,6,16,36.419,449,1074,371,281,31.873
7743,0,1,0.17,0.18,11,9,27,66.234,404,43,293,1335,51.870
7744,0,1,7.65,7.65,19,14,28,54.828,281,280,68,1203,37.890
7745,0,1,2.74,2.75,13,11,28,63.701,355,1162,606,127,42.600
7746,0,1,0.04,0.04,8,7,20,47.500,452,1304,511,346,38.393
7747,0,1,1.81,1.82,22,15,26,55.496,544,162,87,896,34.586
7748,0,1,3.90,3.91,16,11,32,76.228,587,39,476,1333,51.950
7749,0,1,5.12,5.13,16,13,27,54.995,35,1214,560,383,39.318
7750,0,1,0.08,0.08,6,5,17,40.576,441,251,285,1141,36.143
7751,0,1,1.51,1.52,11,9,23,51.142,352,1198,560,463,30.555
7752,0,1,16.64,16.66,30,22,43,94.191,582,55,132,1245,50.890
7753,0,1,0.04,0.04,8,7,24,55.102,109,234,392,1048,34.472
7754,0,1,1.08,1.09,16,12,25,53.296,485,1215,521,416,31.992
7755,0,1,1.16,1.16,9,7,19,40.265,136,19,83,851,33.347
7756,0,1,0.44,0.45,12,11,25,53.549,574,389,294,1105,30.752
7757,0,1,20.90,20.91,18,10,23,44.899,457,164,536,1191,41.201
7758,0,1,1.73,1.74,14,11,29,67.196,615,1197,411,42,46.915
7759,0,1,0.23,0.23,15,12,27,60.508,431,186,470,997,32.477
7760,0,1,53.96,53.98,24,18,31,56.254,131,379,143,1228,33.963
7761,0,1,0.10,0.10,8,6,17,38.027,265,1036,197,128,36.422
7762,0,1,28.89,28.90,28,22,39,74.122,538,305,22,1313,45.296
7763,0,1,0.05,0.05,8,8,24,54.053,316,1308,393,430,35.255
7764,0,1,0.08,0.08,8,7,22,51.449,249,911,99,142,31.340
7765,0,1,0.15,0.16,14,9,30,74.912,545,521,343,1342,33.819
7766,0,1,0.03,0.03,6,6,20,48.164,129,259,405,1156,37.540
7767,0,1,1.08,1.09,13,11,27,62.142,87,17,369,979,40.099
7768,0,1,1.49,1.49,15,8,21,48.085,546,41,90,849,37.112
7769,0,1,1.75,1.76,13,11,20,42.062,615,1024,528,174,34.178
7770,0,1,37.83,37.84,11,11,23,40.566,452,367,186,1263,37.386
7771,0,1,18.59,18.59,12,12,20,35.959,396,502,539,1240,30.069
7772,0,1,1.72,1.73,19,9,20,41.176,116,323,236,1184,34.773
7773,0,1,0.43,0.44,19,16,28,54.920,98,28,400,784,32.564
7774,0,1,0.70,0.71,22,16,29,58.616,302,812,119,43,31.619
7775,0,1,0.19,0.19,7,5,16,39.273,393,209,382,1116,36.283
7776,0,1,0.05,0.06,11,9,25,63.559,257,1164,182,146,40.830
7777,0,1,26.85,26.86,29,18,35,70.835,500,31,52,1209,50.413
7778,0,1,3.84,3.85,16,13,28,62.251,429,1312,296,110,48.373
7779,0,0,500.01,500.01,0,0,0,0.000,182,1103,255,329,31.097
7780,0,1,0.04,0.04,5,4,18,45.194,203,338,421,1088,31.242
7781,0,0,500.01,500.01,0,0,0,0.000,610,879,259,56,35.789
7782,0,1,1.20,1.21,22,18,32,65.895,476,1318,119,404,39.250
7783,0,1,0.03,0.03,8,7,20,44.836,452,314,249,1058,30.848
7784,0,1,0.44,0.45,14,10,26,59.010,166,1316,503,204,46.478
7785,0,1,0.16,0.17,15,11,31,72.154,231,998,177,42,38.301
7786,0,1,0.71,0.72,18,15,37,87.704,612,154,456,1130,39.536
7787,0,1,0.02,0.02,6,5,17,41.873,417,277,260,1083,32.846
7788,0,1,0.31,0.32,14,10,23,54.932,144,1141,458,167,40.935
7789,0,1,0.16,0.17,10,9,28,65.898,254,1208,409,45,46.931
7790,0,1,0.08,0.09,11,8,25,57.216,105,322,328,1339,41.646
7791,0,1,1.84,1.85,25,20,39,78.769,597,390,401,1185,32.752
7792,0,1,0.07,0.07,9,7,25,63.904,100,447,276,1277,33.938
7793,0,1,0.77,0.78,20,15,35,77.900,553,449,328,1315,35.790
7794,0,1,0.38,0.39,13,8,29,70.905,382,1178,456,15,46.614
7795,0,1,0.19,0.20,10,8,26,63.615,120,1321,247,274,42.187
7796,0,1,0.01,0.02,5,3,14,33.249,425,1069,441,250,32.766
7797,0,1,1.26,1.27,19,12,25,56.105,29,934,362,185,32.788
7798,0,1,0.74,0.75,10,8,20,50.759,119,206,435,1166,40.427
7799,0,1,1.36,1.37,17,9,23,55.729,489,1136,138,369,33.740
7800,0,1,0.78,0.78,18,13,32,74.538,577,374,210,1228,37.181
7801,0,1,0.04,0.04,6,4,15,36.971,199,423,363,1256,33.960
7802,0,1,4.03,4.04,17,14,30,58.090,180,1369,460,255,45.946
7803,0,1,0.07,0.08,10,7,21,48.961,350,940,248,58,35.515
7804,0,1,0.04,0.05,11,7,29,72.658,399,39,340,1052,40.589
7805,0,0,500.01,500.01,0,0,0,0.000,74,1128,588,220,41.736
7806,0,1,0.32,0.33,12,11,29,66.358,455,1300,120,241,44.429
7807,0,1,159.88,159.90,18,15,31,58.046,387,169,67,1129,40.477
7808,0,1,0.03,0.04,6,4,17,42.095,443,268,283,1281,41.022
7809,0,1,0.64,0.64,8,7,20,47.510,359,208,382,1199,39.651
7810,0,1,8.61,8.62,19,15,32,67.673,382,1108,583,251,35.210
7811,0,1,0.80,0.81,13,9,21,48.864,403,779,297,24,30.496
7812,0,1,6.40,6.41,21,18,37,75.549,103,1274,346,33,50.583
7813,0,1,35.42,35.43,15,11,22,42.390,156,1190,367,420,31.935
7814,0,1,0.40,0.41,14,11,25,56.194,127,955,283,38,37.207
7815,0,1,0.37,0.38,11,7,26,66.639,326,1253,453,15,49.780
7816,0,1,3.34,3.34,10,8,17,35.773,376,438,239,1195,30.772
7817,0,1,0.05,0.05,8,5,17,42.126,325,1096,139,254,34.492
7818,0,1,4.01,4.02,19,13,28,61.307,440,1212,81,474,32.827
7819,0,1,1.23,1.24,11,11,20,41.943,403,1040,590,254,32.318
7820,0,1,1.44,1.45,18,14,29,59.933,61,236,609,809,31.715
7821,0,1,6.03,6.04,23,13,33,73.481,504,1242,593,148,43.905
7822,0,1,53.67,53.68,25,16,33,63.213,232,51,84,1195,46.141
7823,0,1,54.77,54.78,14,12,24,43.578,560,1142,247,449,30.416
7824,0,1,0.20,0.20,11,8,23,56.851,366,930,541,40,36.282
7825,0,1,9.45,9.47,24,16,25,49.077,521,1261,276,461,33.467
7826,0,1,0.09,0.09,8,7,22,49.482,196,998,424,163,34.623
7827,0,1,1.45,1.46,15,11,23,52.878,253,484,450,1286,33.034
7828,0,1,0.03,0.03,6,5,19,49.119,172,208,444,1219,41.878
7829,0,1,0.27,0.28,9,7,21,49.958,132,217,210,1100,35.458
7830,0,1,0.02,0.03,7,5,15,34.249,462,514,323,1342,33.583
7831,0,1,6.00,6.01,12,10,23,43.593,425,1281,484,303,39.191
7832,0,0,500.01,500.01,0,0,0,0.000,614,216,384,1194,40.187
7833,0,1,2.42,2.44,28,22,37,74.082,460,30,613,962,37.779
7834,0,1,0.19,0.20,9,6,21,51.546,333,1075,243,275,32.202
7835,0,1,0.02,0.03,5,4,16,39.109,240,1166,266,261,36.215
7836,0,1,28.13,28.14,32,18,31,59.184,70,383,540,1326,42.145
7837,0,1,2.74,2.75,14,12,25,51.403,126,1222,497,315,39.198
7838,0,1,0.10,0.11,8,7,21,51.058,464,764,30,35,33.936
7839,0,1,0.06,0.07,10,8,27,64.682,229,1209,124,393,32.909
7840,0,1,0.05,0.05,10,7,21,51.602,316,203,215,1153,38.214
7841,0,1,0.04,0.05,7,4,22,58.224,219,1102,562,62,43.804
7842,0,1,0.07,0.08,11,9,25,53.829,97,110,408,1112,41.966
7843,0,1,15.02,15.03,21,12,29,62.973,493,144,456,1317,46.943
7844,0,1,0.05,0.05,7,5,24,61.555,205,1219,557,31,49.562
7845,0,1,5.35,5.35,19,14,28,57.332,317,263,564,1149,36.791
7846,0,1,1.93,1.95,21,16,34,66.277,110,1277,423,315,40.466
7847,0,1,0.05,0.05,7,6,24,61.725,534,357,439,1188,33.457
7848,0,1,0.10,0.11,10,7,25,62.696,398,46,479,1135,43.680
7849,0,1,0.26,0.27,10,8,23,55.102,219,247,280,1335,43.588
7850,0,1,0.02,0.02,7,5,19,46.077,594,34,209,816,34.865
7851,0,1,0.04,0.05,9,6,15,32.174,394,490,366,1246,30.261
7852,0,1,0.99,1.00,16,14,30,60.679,26,1285,230,493,32.714
7853,0,1,0.01,0.03,6,5,16,38.993,470,1141,174,339,34.195
7854,0,1,2.56,2.57,23,19,35,73.973,142,1197,133,178,40.762
7855,0,1,0.05,0.06,8,7,21,49.055,238,1097,348,251,34.125
7856,0,1,0.05,0.05,7,6,22,52.654,104,243,342,1189,39.019
7857,0,1,11.70,11.71,15,12,24,49.201,547,1216,550,319,35.880
7858,0,1,2.06,2.06,12,11,29,66.137,345,1174,266,134,41.720
7859,0,1,0.05,0.05,8,7,22,52.904,403,1100,198,95,41.028
7860,0,1,1.08,1.09,15,11,23,49.585,454,1121,140,316,34.563
7861,0,1,6.71,6.72,18,11,29,64.341,551,1266,552,310,38.240
7862,0,0,500.01,500.01,0,0,0,0.000,247,342,457,1129,32.581
7863,0,1,0.10,0.11,8,5,25,63.294,252,164,176,1108,37.882
7864,0,1,2.57,2.58,17,11,25,54.616,262,255,537,1212,39.829
7865,0,1,1.50,1.51,12,9,21,45.347,127,1188,468,496,30.858
7866,0,1,0.44,0.45,14,11,25,54.306,289,30,443,1203,47.323
7867,0,1,1.81,1.82,15,9,21,46.814,345,1157,524,325,34.042
7868,0,1,0.06,0.07,9,5,18,46.893,187,165,362,1052,36.164
7869,0,1,0.10,0.10,8,6,17,41.140,471,986,364,184,32.364
7870,0,1,0.29,0.29,16,9,26,63.510,376,47,568,937,36.419
7871,0,1,4.36,4.37,16,9,22,48.223,455,268,407,1339,42.883
7872,0,1,5.69,5.70,27,20,31,59.464,546,937,560,43,35.764
7873,0,1,0.12,0.12,8,8,17,39.728,143,788,387,60,30.712
7874,0,1,0.04,0.04,9,7,23,52.527,471,1105,169,237,36.761
7875,0,1,0.56,0.56,14,11,24,53.813,617,163,137,762,30.704
7876,0,1,4.13,4.14,23,17,26,52.434,271,41,29,950,37.626
7877,0,1,0.11,0.12,12,11,33,76.484,90,18,180,1106,43.669
7878,0,1,0.02,0.02,6,5,17,40.663,399,254,336,1241,39.560
7879,0,1,2.21,2.22,16,13,32,72.980,375,45,42,1325,52.904
7880,0,1,0.10,0.10,10,9,26,58.981,301,1185,291,31,46.162
7881,0,1,6.15,6.16,23,17,33,70.120,291,117,41,1201,44.498
7882,0,1,0.07,0.07,8,5,18,45.693,501,172,337,1265,44.209
7883,0,1,63.80,63.81,30,22,37,65.873,500,25,366,791,31.105
7884,0,1,1.22,1.23,15,11,25,52.706,39,1324,535,733,30.862
7885,0,1,0.21,0.21,14,11,35,82.336,462,15,233,1065,42.987
7886,0,1,2.53,2.54,14,9,26,61.630,501,1234,71,25,51.328
7887,0,1,0.09,0.09,13,8,26,62.632,358,38,490,1155,44.991
7888,0,1,0.27,0.28,11,8,28,70.669,521,1158,527,51,44.281
7889,0,1,0.33,0.34,12,8,22,53.284,435,1058,196,21,42.567
7890,0,1,0.04,0.06,7,7,20,46.991,118,202,506,990,35.134
7891,0,1,0.07,0.07,9,7,25,61.333,300,1187,550,16,47.896
7892,0,1,0.38,0.39,11,5,19,46.875,506,133,284,1194,43.359
7893,0,1,0.02,0.03,5,4,16,39.741,217,889,113,57,33.539
7894,0,1,5.60,5.61,19,16,28,56.661,79,1320,544,673,31.871
7895,0,0,500.01,500.01,0,0,0,0.000,274,1164,617,198,41.004
7896,0,1,1.35,1.37,16,13,33,73.656,234,1170,330,162,40.502
7897,0,1,0.64,0.65,20,14,32,74.076,510,219,272,1091,36.156
7898,0,1,0.02,0.03,6,5,16,39.487,200,349,428,1141,32.967
7899,0,1,0.24,0.25,9,7,23,55.899,402,1163,229,22,46.162
7900,0,1,4.20,4.22,18,8,28,69.511,525,34,449,1342,52.408
7901,0,0,500.01,500.01,0,0,0,0.000,92,1266,608,216,46.798
7902,0,1,0.08,0.09,12,9,25,58.527,195,207,304,1323,44.852
7903,0,1,0.19,0.20,7,7,21,48.452,206,1219,476,302,38.237
7904,0,1,27.08,27.09,25,16,35,73.575,560,43,489,1281,49.601
7905,0,1,0.06,0.07,8,6,25,66.250,525,340,380,1168,33.624
7906,0,1,0.07,0.07,9,7,21,52.628,291,19,175,1154,45.636
7907,0,1,1.62,1.63,12,9,22,48.399,401,1146,620,117,42.082
7908,0,1,5.55,5.56,17,11,24,48.890,417,188,494,1276,43.629
7909,0,1,0.08,0.09,9,7,22,53.407,429,291,300,1344,42.435
7910,0,1,1.31,1.32,19,14,34,80.382,53,27,604,1012,45.146
7911,0,1,0.72,0.72,10,8,22,48.946,347,1320,519,209,44.969
7912,0,1,3.40,3.41,21,13,30,68.325,252,1212,141,448,30.881
7913,0,1,1.03,1.03,11,8,19,41.307,582,26,137,676,31.509
7914,0,1,0.27,0.27,8,8,24,53.443,238,1148,518,173,40.576
7915,0,1,1.53,1.54,25,15,33,74.272,342,188,281,940,30.179
7916,0,1,0.07,0.07,8,6,21,52.175,252,33,329,1132,44.068
7917,0,1,0.91,0.92,18,15,28,55.650,187,1105,70,291,32.895
7918,0,1,13.12,13.13,15,14,27,52.646,265,148,426,1273,45.458
7919,0,1,2.69,2.69,15,12,27,60.650,73,197,613,1139,43.432
7920,0,1,2.10,2.11,25,20,44,98.122,539,34,102,826,36.182
7921,0,1,0.13,0.14,15,10,21,50.927,246,1097,263,138,38.366
7922,0,1,0.11,0.11,8,7,19,42.171,499,191,259,908,30.244
7923,0,1,0.17,0.18,9,8,26,59.502,233,15,412,1130,45.171
7924,0,1,0.54,0.55,20,14,33,83.013,310,1095,591,35,43.865
7925,0,1,0.22,0.23,9,8,21,45.762,359,208,318,1207,39.994
7926,0,1,3.41,3.41,14,12,25,50.014,391,132,82,990,36.478
7927,0,1,0.68,0.68,9,7,18,37.611,320,196,423,966,31.074
7928,0,1,0.33,0.33,19,15,30,68.091,558,1328,230,40,53.164
7929,0,1,1.84,1.85,12,11,25,50.815,61,1003,58,24,39.160
7930,0,1,1.20,1.21,21,15,31,66.966,267,104,616,1149,44.070
7931,0,0,500.01,500.01,0,0,0,0.000,307,148,585,855,30.388
7932,0,1,105.80,105.81,20,14,32,62.649,315,191,111,1287,44.593
7933,0,1,1.39,1.41,19,14,34,74.863,107,1198,229,46,46.338
7934,0,1,0.02,0.03,9,7,24,58.945,77,242,288,1127,36.392
7935,0,1,16.80,16.81,23,15,34,78.198,551,56,575,1204,45.930
7936,0,1,0.11,0.12,13,9,28,64.113,31,48,334,1269,50.321
7937,0,1,2.55,2.56,22,16,37,80.987,151,1258,141,470,31.523
7938,0,1,0.04,0.05,10,10,22,48.170,389,1190,249,273,37.105
7939,0,1,0.95,0.96,20,15,37,85.639,576,1316,481,39,51.221
7940,0,0,500.01,500.01,0,0,0,0.000,591,206,562,1142,37.458
7941,0,1,16.87,16.91,33,25,41,85.733,589,468,498,1261,31.928
7942,0,1,0.11,0.12,11,7,20,47.256,165,1325,450,516,34.309
7943,0,1,49.48,49.50,29,18,40,80.627,42,598,199,1386,32.140
7944,0,1,0.37,0.38,12,11,25,52.110,108,340,430,1131,34.161
7945,0,1,1.95,1.96,18,14,30,66.527,201,957,597,108,37.472
7946,0,1,1.17,1.18,22,15,26,55.140,585,1218,326,258,39.773
7947,0,1,0.04,0.05,9,8,20,45.097,167,1114,207,52,42.510
7948,0,1,1.11,1.12,19,13,34,79.577,476,19,498,802,31.332
7949,0,1,2.31,2.32,17,11,26,62.086,335,1191,134,226,39.428
7950,0,1,1.23,1.24,11,9,22,49.496,482,1189,216,319,36.390
7951,0,1,7.73,7.74,19,16,20,35.960,222,1370,269,592,31.177
7952,0,1,0.41,0.42,11,9,17,40.153,445,924,95,223,31.341
7953,0,1,0.34,0.35,17,11,23,55.054,114,208,307,1200,40.424
7954,0,1,0.09,0.10,12,9,20,45.465,489,137,310,952,33.377
7955,0,1,1.84,1.84,10,9,23,48.091,426,281,195,1348,43.669
7956,0,1,0.12,0.13,9,6,19,47.979,261,1242,431,310,37.895
7957,0,1,0.47,0.48,12,11,24,51.261,540,1277,468,473,32.289
7958,0,1,1.48,1.49,21,16,33,73.787,602,138,332,1224,44.762
7959,0,1,0.03,0.04,8,7,20,49.441,173,59,86,1155,43.978
7960,0,1,0.47,0.48,12,9,22,54.230,412,793,558,14,31.703
7961,0,1,0.67,0.68,20,16,31,64.652,29,1192,247,279,37.547
7962,0,1,6.22,6.23,23,18,41,97.459,134,1329,41,394,37.585
7963,0,1,0.06,0.06,11,8,25,61.269,237,1197,213,360,33.494
7964,0,1,0.10,0.11,7,6,18,42.874,457,1115,285,274,34.336
7965,0,1,0.50,0.51,14,12,29,66.780,298,1239,247,35,48.203
7966,0,1,0.84,0.84,12,8,17,37.198,489,997,404,187,32.578
7967,0,1,5.99,6.00,21,9,25,57.287,185,141,575,1191,44.804
7968,0,1,0.06,0.06,9,8,23,56.196,195,1149,170,116,41.332
7969,0,1,0.02,0.02,5,4,15,35.169,204,435,302,1298,34.742
7970,0,1,4.17,4.18,24,17,35,70.612,45,1198,139,93,44.360
7971,0,1,1.01,1.02,18,12,27,59.450,139,138,217,1228,43.711
7972,0,1,0.60,0.61,16,12,31,72.196,115,793,592,13,36.572
7973,0,1,26.92,26.93,36,23,38,68.867,76,1128,609,594,30.179
7974,0,1,0.83,0.84,13,8,16,41.541,216,937,508,102,35.383
7975,0,1,0.11,0.12,6,3,14,37.620,421,192,419,1112,36.800
7976,0,1,0.02,0.02,7,5,19,45.918,454,169,344,1273,44.379
7977,0,1,4.96,4.97,24,18,35,76.909,37,1197,505,607,30.123
7978,0,1,0.03,0.03,8,7,19,44.271,385,131,446,1115,39.436
7979,0,1,4.42,4.43,22,15,29,57.402,567,822,249,70,32.659
7980,0,1,0.34,0.35,14,11,20,43.018,515,721,88,37,32.254
7981,0,1,0.13,0.13,7,5,16,39.004,411,1119,541,355,30.999
7982,0,1,0.73,0.73,16,13,30,65.771,260,916,337,13,36.251
7983,0,1,0.06,0.07,9,6,21,50.584,277,12,125,1134,45.290
7984,0,1,1.16,1.17,16,11,28,64.546,507,202,293,1095,36.731
7985,0,1,0.07,0.08,11,9,25,54.498,213,1229,476,180,43.259
7986,0,1,0.50,0.50,12,9,25,55.167,214,1133,347,17,44.956
7987,0,1,0.02,0.02,7,7,20,46.481,249,1188,402,280,36.832
7988,0,1,0.31,0.31,9,8,18,38.942,520,1224,286,491,30.778
7989,0,1,6.14,6.14,12,8,21,46.585,191,324,26,1331,40.817
7990,0,1,0.22,0.22,11,9,25,60.671,110,1316,212,275,41.839
7991,0,1,0.02,0.03,7,6,24,59.376,481,39,328,1094,42.641
7992,0,1,1.31,1.32,16,12,29,65.693,485,1125,246,154,39.999
7993,0,1,0.30,0.31,15,11,33,79.470,612,48,252,896,36.850
7994,0,1,1.31,1.32,13,9,22,50.348,324,1208,512,419,32.444
7995,0,1,0.91,0.91,12,11,21,48.478,507,884,123,155,32.958
7996,0,1,3.53,3.54,21,17,39,87.587,124,1270,345,17,50.894
7997,0,1,91.23,91.24,19,15,31,61.050,220,106,513,1228,46.385
7998,0,1,0.80,0.81,15,9,24,54.660,109,1139,487,107,43.962
7999,0,1,0.57,0.58,16,14,26,56.964,614,389,329,1245,36.088
8000,0,1,0.05,0.06,9,6,21,54.193,78,44,298,1277,50.099
8001,0,1,0.37,0.37,14,12,24,50.838,65,1192,433,417,34.317
8002,0,1,0.40,0.41,13,9,26,59.160,340,212,113,998,32.725
8003,0,1,0.06,0.07,10,8,23,56.608,545,344,278,1285,39.126
8004,0,1,2.24,2.25,18,12,29,61.953,323,1261,274,174,43.524
8005,0,1,3.84,3.85,17,15,30,61.139,424,1371,90,353,42.856
8006,0,1,3.06,3.06,15,13,30,64.187,48,1198,436,299,39.166
8007,0,1,4.92,4.94,33,22,37,72.612,113,205,539,842,30.653
8008,0,1,2.62,2.63,16,8,18,34.771,404,92,539,857,31.073
8009,0,1,0.85,0.86,15,14,33,67.840,596,51,395,1223,47.564
8010,0,1,19.16,19.17,25,17,32,58.553,528,1260,80,469,36.362
8011,0,1,0.75,0.76,16,12,26,57.584,171,64,379,1257,48.440
8012,0,1,9.64,9.65,19,18,34,63.596,426,1326,188,182,46.740
8013,0,1,0.05,0.06,8,7,25,58.147,480,1322,181,244,44.748
8014,0,1,0.37,0.38,15,13,31,74.783,568,1312,358,46,51.332
8015,0,1,0.01,0.04,5,5,16,38.694,307,1139,450,282,34.754
8016,0,1,1.66,1.67,16,14,28,55.744,299,144,266,1103,38.383
8017,0,1,0.98,0.99,17,13,24,48.015,600,718,296,30,30.087
8018,0,1,0.47,0.48,13,10,22,49.975,135,1314,190,561,30.200
8019,0,1,0.12,0.12,10,9,22,49.134,95,96,366,1246,47.260
8020,0,1,0.65,0.66,13,10,24,51.009,394,1052,189,30,41.694
8021,0,1,0.05,0.05,7,5,22,56.776,339,1255,92,414,35.061
8022,0,1,0.15,0.16,9,6,19,45.274,341,1291,539,344,38.699
8023,0,1,0.62,0.63,13,12,30,66.566,294,90,173,1013,37.236
8024,0,1,0.39,0.40,17,10,32,74.255,60,24,215,1043,41.229
8025,0,1,0.46,0.47,16,11,25,54.046,353,531,364,1350,32.763
8026,0,1,0.01,0.01,4,3,14,34.160,208,882,230,35,33.891
8027,0,1,0.24,0.25,13,10,24,51.409,315,1340,524,211,45.927
8028,0,1,0.38,0.39,14,9,28,65.337,238,1221,211,76,45.813
8029,0,1,0.44,0.45,19,15,35,80.058,360,826,548,49,31.977
8030,0,1,0.04,0.05,9,8,28,69.684,295,41,432,1235,48.073
8031,0,1,0.52,0.52,11,8,25,58.677,321,206,274,1086,35.250
8032,0,1,1.26,1.27,20,12,28,62.757,564,329,243,1235,38.447
8033,0,1,0.14,0.14,10,8,21,48.414,462,237,296,1040,32.799
8034,0,1,0.10,0.11,10,8,25,58.925,206,58,490,1162,45.598
8035,0,1,0.29,0.30,11,10,29,69.321,551,1232,455,389,33.938
8036,0,1,0.25,0.26,13,11,24,56.171,211,1176,272,135,41.711
8037,0,1,0.54,0.55,9,6,18,44.221,162,1128,451,196,39.031
8038,0,1,0.04,0.04,7,5,14,34.827,200,318,148,1113,31.868
8039,0,1,8.69,8.70,23,19,36,76.691,271,1339,537,259,44.491
8040,0,1,15.56,15.56,19,15,29,55.032,595,1322,213,464,37.568
8041,0,1,20.74,20.74,16,11,23,43.738,437,413,616,1314,36.744
8042,0,1,0.14,0.15,11,11,27,59.692,270,1259,66,402,35.238
8043,0,1,7.65,7.66,11,10,20,37.620,152,1332,189,507,33.033
8044,0,1,15.36,15.37,19,15,33,63.657,266,1268,372,431,33.747
8045,0,1,0.09,0.09,8,7,20,47.459,259,14,195,1121,44.354
8046,0,1,0.19,0.20,12,7,25,61.156,454,955,446,53,36.081
8047,0,1,1.32,1.33,17,13,25,51.791,336,828,102,37,32.995
8048,0,1,0.10,0.10,10,8,25,60.618,218,1167,268,266,36.095
8049,0,1,0.09,0.10,11,6,20,47.906,372,1219,291,254,38.736
8050,0,1,0.25,0.25,9,7,22,51.534,467,1038,110,34,42.623
8051,0,1,0.92,0.92,16,10,20,43.942,472,1053,225,272,32.765
8052,0,1,1.04,1.04,15,10,22,48.853,64,651,594,57,31.843
8053,0,1,0.05,0.06,11,6,25,62.020,99,53,469,919,37.669
8054,0,1,1.83,1.84,11,10,23,48.974,439,1082,100,137,40.159
8055,0,1,0.03,0.03,5,4,15,37.870,75,16,176,846,33.445
8056,0,1,1.64,1.65,12,11,20,34.965,273,567,197,1341,31.109
8057,0,1,0.28,0.29,14,9,21,46.293,505,793,177,12,33.883
8058,0,1,0.01,0.02,7,6,16,38.748,424,258,355,1174,36.744
8059,0,1,1.10,1.10,17,14,30,66.611,505,1065,100,228,37.193
8060,0,1,0.44,0.45,16,10,20,47.215,223,1077,369,189,35.997
8061,0,1,22.54,22.55,20,17,38,80.495,558,1312,141,527,35.555
8062,0,1,1.60,1.61,17,13,25,54.748,65,1003,97,109,35.783
8063,0,1,0.97,0.98,17,15,34,79.136,154,1227,389,44,48.245
8064,0,1,0.39,0.39,15,12,29,66.773,368,1263,366,287,39.040
8065,0,1,7.40,7.41,17,15,31,68.740,524,1240,106,392,37.817
8066,0,1,0.13,0.14,11,10,27,62.209,324,1270,172,20,50.368
8067,0,1,0.51,0.52,12,7,18,43.315,286,1152,61,218,38.429
8068,0,1,0.04,0.05,8,6,19,42.389,356,240,209,1162,37.346
8069,0,1,0.29,0.30,12,9,20,46.428,273,1225,411,169,42.599
8070,0,1,0.01,0.02,6,6,19,45.209,286,1233,463,183,42.593
8071,0,1,0.02,0.03,7,5,20,50.176,117,47,349,1139,44.655
8072,0,1,0.33,0.34,17,9,32,79.267,609,21,446,1132,44.916
8073,0,1,0.03,0.03,7,6,20,46.832,274,276,427,1156,35.728
8074,0,1,9.13,9.13,16,12,21,41.386,184,494,463,1326,35.101
8075,0,0,500.01,500.01,0,0,0,0.000,367,325,82,1128,34.083
8076,0,1,2.25,2.26,13,8,20,48.271,435,1208,81,400,35.286
8077,0,1,0.23,0.24,8,7,18,42.614,509,155,447,1172,40.756
8078,0,1,42.07,42.09,26,20,35,64.842,518,439,129,1261,36.376
8079,0,1,0.02,0.02,5,5,16,35.765,469,1046,473,161,35.400
8080,0,1,0.69,0.71,18,12,23,55.211,261,108,534,894,33.282
8081,0,1,1.35,1.36,21,14,31,69.328,220,1236,111,237,40.197
8082,0,1,4.21,4.22,19,13,28,63.017,146,1259,329,244,41.255
8083,0,1,16.05,16.06,28,22,41,83.667,402,145,135,1330,48.588
8084,0,1,0.59,0.59,14,8,24,57.207,372,1246,208,60,47.891
8085,0,1,0.10,0.11,11,6,25,59.826,318,1311,188,96,48.877
8086,0,1,0.15,0.16,10,5,21,55.537,594,21,303,948,38.864
8087,0,1,0.07,0.08,9,8,22,51.771,592,1022,266,260,33.152
8088,0,1,3.60,3.60,14,12,25,49.872,105,230,109,1321,43.640
8089,0,1,0.01,0.02,7,4,18,47.480,455,213,351,1077,34.809
8090,0,1,0.10,0.10,9,6,21,51.391,72,289,377,1126,35.634
8091,0,0,500.01,500.01,0,0,0,0.000,578,205,575,1191,39.440
8092,0,0,500.04,500.04,0,0,0,0.000,507,1228,597,199,41.317
8093,0,1,0.24,0.25,12,12,29,67.064,306,1293,309,34,50.360
8094,0,1,0.02,0.02,6,5,19,44.513,455,240,294,1293,42.609
8095,0,1,3.03,3.03,12,10,30,68.190,534,492,449,1267,31.186
8096,0,1,0.03,0.04,6,6,19,42.516,269,1239,131,236,40.498
8097,0,1,0.02,0.02,6,4,19,47.940,299,1262,375,253,40.474
8098,0,1,1.82,1.83,14,7,28,71.398,577,30,418,1278,50.324
8099,0,1,2.92,2.93,12,10,19,34.342,210,1325,446,572,31.565
8100,0,1,0.55,0.56,15,14,29,59.725,217,1331,544,309,42.922
8101,0,1,0.05,0.05,9,6,23,55.495,318,43,433,1148,44.439
8102,0,1,6.30,6.31,10,10,19,37.854,176,673,592,1335,31.274
8103,0,1,0.08,0.09,6,6,18,43.938,300,1160,335,285,35.028
8104,0,1,0.07,0.08,6,4,16,43.439,294,1202,445,166,41.878
8105,0,1,0.04,0.05,8,6,22,52.426,591,156,137,1141,43.384
8106,0,1,0.06,0.06,8,7,22,50.638,360,1247,187,317,37.838
8107,0,1,12.63,12.64,17,13,29,65.755,545,440,103,1320,39.391
8108,0,1,0.07,0.08,7,5,22,53.984,232,50,367,1338,51.802
8109,0,1,0.07,0.08,7,7,22,50.028,513,119,302,1318,48.697
8110,0,1,44.85,44.88,32,24,35,62.179,563,25,506,874,34.036
8111,0,1,19.64,19.64,16,9,18,39.035,228,1174,395,394,31.907
8112,0,1,0.20,0.20,11,10,24,52.516,195,1387,323,494,36.085
8113,0,1,1.08,1.09,11,8,18,37.088,221,252,247,1085,33.336
8114,0,1,18.51,18.52,18,14,28,57.740,236,287,503,1259,40.320
8115,0,1,0.06,0.07,7,6,20,46.103,482,152,268,1139,40.397
8116,0,1,0.21,0.22,9,6,19,42.906,256,1182,121,361,33.281
8117,0,1,0.59,0.59,14,11,24,49.320,264,252,438,1275,41.508
8118,0,1,0.39,0.40,15,11,27,60.667,382,59,429,946,35.530
8119,0,1,0.36,0.37,13,9,25,62.517,309,158,355,1136,39.163
8120,0,1,2.00,2.02,26,18,39,86.081,618,1142,541,33,44.467
8121,0,1,0.82,0.83,13,11,25,55.806,375,974,257,134,33.930
8122,0,1,23.91,23.93,21,13,26,55.201,215,195,542,1233,43.532
8123,0,1,3.06,3.06,17,13,27,55.355,549,663,205,1361,31.127
8124,0,0,500.01,500.01,0,0,0,0.000,366,317,179,1373,42.897
8125,0,1,0.11,0.12,9,5,16,37.712,390,139,443,1048,36.422
8126,0,1,2.90,2.91,17,12,30,63.013,262,1345,605,127,50.615
8127,0,1,0.03,0.03,7,5,20,51.347,263,194,399,1140,38.229
8128,0,1,0.74,0.75,18,14,31,67.159,267,1313,132,307,40.601
8129,0,1,0.22,0.23,10,6,19,50.042,510,218,273,1341,45.909
8130,0,1,0.23,0.24,10,6,19,45.900,208,197,413,1221,41.773
8131,0,1,0.07,0.08,9,9,26,58.698,413,58,361,922,34.623
8132,0,1,0.65,0.65,15,10,24,51.857,63,380,456,1032,30.451
8133,0,1,35.98,36.00,25,18,40,81.492,73,14,72,1287,50.920
8134,0,1,0.35,0.36,10,7,20,48.522,223,1083,315,158,37.183
8135,0,1,4.55,4.58,17,11,27,61.706,390,176,195,1330,46.814
8136,0,1,5.01,5.02,19,13,28,58.780,141,1238,400,98,46.762
8137,0,1,1.91,1.92,16,10,23,56.390,318,284,221,1350,42.816
8138,0,1,10.11,10.12,13,12,22,39.829,595,1317,447,547,31.364
8139,0,1,13.88,13.89,23,18,40,88.342,431,44,143,1230,48.819
8140,0,1,0.65,0.65,14,12,25,55.504,300,1226,419,160,42.905
8141,0,1,1.35,1.37,26,17,42,90.580,119,207,328,1339,46.045
8142,0,1,4.97,4.98,20,14,33,68.983,372,1311,129,477,34.747
8143,0,1,34.88,34.89,23,13,25,47.961,209,441,558,1282,36.422
8144,0,1,6.53,6.54,19,14,28,52.994,134,227,453,1314,45.314
8145,0,1,0.06,0.06,7,6,23,54.612,113,189,290,1103,37.239
8146,0,1,5.42,5.43,21,15,34,71.301,600,565,205,1385,36.407
8147,0,1,0.38,0.39,15,13,33,77.569,141,15,549,688,31.481
8148,0,1,0.06,0.07,9,9,27,65.932,189,1132,187,75,42.280
8149,0,1,1.35,1.36,17,9,26,60.382,534,174,474,1112,37.597
8150,0,1,0.58,0.60,18,11,27,62.368,367,1264,554,244,41.480
8151,0,1,1.54,1.54,9,8,17,36.509,206,499,224,1311,32.488
8152,0,1,67.27,67.28,27,22,39,73.852,45,1149,494,103,45.532
8153,0,1,2.04,2.05,12,5,18,45.370,427,1197,541,450,30.226
8154,0,1,0.06,0.07,6,6,20,43.209,493,140,387,1196,42.452
8155,0,1,1.10,1.10,9,6,18,43.616,118,1320,207,292,41.274
8156,0,1,15.01,15.02,25,16,22,41.844,468,182,546,949,30.838
8157,0,1,0.72,0.73,16,10,27,64.666,422,1192,327,182,40.578
8158,0,1,1.72,1.73,28,20,44,97.698,571,261,355,1335,43.820
8159,0,1,1.40,1.41,15,13,25,49.947,492,1220,372,164,42.512
8160,0,1,16.30,16.31,24,17,42,91.265,483,18,111,1318,54.087
8161,0,1,0.05,0.06,10,6,24,61.212,529,220,241,1019,33.973
8162,0,1,0.03,0.04,11,6,20,51.908,138,39,226,1184,45.935
8163,0,1,67.75,67.76,20,14,32,62.009,124,167,552,1270,47.325
8164,0,1,0.05,0.06,8,6,22,49.835,224,1104,508,138,40.275
8165,0,1,5.16,5.17,21,16,34,72.797,98,1319,615,479,39.454
8166,0,1,2.40,2.41,24,15,36,80.744,142,1220,502,62,48.507
8167,0,1,0.05,0.06,8,5,21,55.135,452,47,421,933,35.462
8168,0,1,2.25,2.26,25,10,28,68.241,241,33,252,905,34.883
8169,0,1,1.87,1.88,13,10,24,55.079,612,1331,178,506,37.288
8170,0,1,0.33,0.34,11,9,28,61.701,272,107,358,1311,48.283
8171,0,1,0.18,0.18,12,7,19,46.033,544,222,427,1148,37.334
8172,0,1,0.31,0.32,10,7,18,43.209,369,1046,528,209,34.079
8173,0,1,0.13,0.14,10,8,25,58.254,514,107,426,1219,44.619
8174,0,1,1.28,1.29,18,14,33,76.059,507,374,462,1364,39.641
8175,0,1,1.16,1.17,14,13,30,63.443,620,1139,256,143,42.417
8176,0,1,9.18,9.19,19,15,32,65.068,301,177,94,1331,46.897
8177,0,1,0.09,0.10,9,6,20,51.672,291,1129,210,156,39.055
8178,0,1,9.49,9.50,15,11,31,71.813,600,467,431,1317,34.666
8179,0,1,0.15,0.16,13,8,21,49.912,289,160,303,1206,41.844
8180,0,1,0.07,0.08,9,8,23,51.642,539,228,223,1192,40.579
8181,0,1,0.15,0.15,10,4,18,47.367,512,157,357,1315,46.733
8182,0,1,0.92,0.93,14,10,24,52.193,299,146,361,1073,37.163
8183,0,0,500.01,500.01,0,0,0,0.000,600,876,567,49,33.106
8184,0,1,3.94,3.95,22,18,38,77.821,610,1023,407,203,33.790
8185,0,0,500.01,500.01,0,0,0,0.000,214,1368,363,318,42.421
8186,0,1,4.11,4.13,21,14,30,68.380,540,486,446,1308,33.094
8187,0,1,0.17,0.18,8,4,16,40.189,401,160,395,1124,38.561
8188,0,0,500.01,500.01,0,0,0,0.000,582,204,327,1224,42.056
8189,0,1,3.91,3.92,20,14,26,50.800,541,52,133,897,37.534
8190,0,1,0.18,0.19,10,9,19,41.387,112,712,520,19,32.167
8191,0,1,0.03,0.03,6,5,19,43.067,419,260,288,1300,41.929
8192,0,1,25.52,25.53,18,14,23,39.975,108,106,257,859,30.704
8193,0,1,0.64,0.65,16,12,31,67.679,110,1224,212,111,44.707
8194,0,1,61.53,61.54,15,13,30,68.150,559,475,410,1263,32.079
8195,0,1,5.35,5.36,15,13,30,61.233,181,198,491,1075,37.207
8196,0,1,0.18,0.18,8,8,18,41.063,383,1060,391,115,37.801
8197,0,0,500.01,500.01,0,0,0,0.000,196,987,576,197,35.066
8198,0,1,0.05,0.06,6,5,20,48.356,327,1306,196,139,46.973
8199,0,1,2.18,2.19,16,12,31,66.670,555,462,107,1333,39.178
8200,0,1,0.25,0.26,15,10,21,48.910,540,1271,184,431,36.493
8201,0,1,2.23,2.24,12,8,22,47.660,322,1231,93,301,38.311
8202,0,1,0.14,0.14,11,7,23,56.671,291,47,403,1185,45.740
8203,0,1,0.21,0.22,14,10,26,56.096,302,156,122,1081,37.694
8204,0,1,0.61,0.62,17,11,30,66.376,226,1347,538,42,53.671
8205,0,1,2.45,2.46,18,14,28,54.657,101,1213,58,18,47.831
8206,0,1,0.02,0.02,5,4,15,37.219,446,421,338,1334,36.775
8207,0,1,3.08,3.09,13,10,21,44.547,515,217,563,1140,36.970
8208,0,1,0.24,0.24,9,7,19,42.591,195,476,425,1305,34.413
8209,0,1,0.08,0.08,7,4,18,44.202,390,185,344,1231,41.880
8210,0,1,4.24,4.25,21,20,33,62.202,115,1215,555,515,33.072
8211,0,1,2.21,2.22,21,15,26,49.862,116,380,419,1115,31.800
8212,0,1,6.39,6.40,24,15,29,53.903,498,123,556,1337,48.615
8213,0,1,0.03,0.04,6,5,19,45.072,214,53,192,1146,43.729
8214,0,1,2.79,2.80,14,8,22,52.168,244,1110,347,160,38.223
8215,0,1,0.16,0.17,13,9,25,57.057,620,128,417,1131,40.933
8216,0,1,38.55,38.56,19,12,28,60.227,230,30,436,1351,53.479
8217,0,1,0.20,0.21,16,12,34,81.123,481,51,259,1280,49.956
8218,0,1,1.18,1.19,19,13,33,79.375,289,202,192,1196,39.949
8219,0,1,0.94,0.95,13,8,26,63.966,114,403,276,1327,37.524
8220,0,1,20.60,20.61,15,14,36,76.957,66,587,523,1204,30.713
8221,0,1,0.13,0.13,10,8,26,62.759,271,1310,94,465,34.534
8222,0,1,123.72,123.73,19,16,36,69.115,546,528,215,1358,35.743
8223,0,1,5.48,5.49,18,14,29,59.870,247,1162,580,255,38.648
8224,0,1,0.02,0.02,5,5,17,38.872,191,325,168,1138,32.533
8225,0,1,55.86,55.87,29,19,34,59.195,37,12,379,718,31.379
8226,0,1,0.31,0.32,14,11,29,71.616,454,1348,284,31,53.117
8227,0,1,0.05,0.05,7,6,21,53.201,375,927,437,44,35.407
8228,0,1,2.36,2.37,17,14,31,69.587,225,1313,526,53,51.818
8229,0,1,0.04,0.05,8,8,25,55.633,541,1326,184,480,36.730
8230,0,1,0.67,0.68,12,10,25,54.302,225,1105,253,106,39.976
8231,0,1,0.22,0.23,13,9,23,53.252,611,99,425,1096,40.568
8232,0,1,0.04,0.04,7,6,19,45.035,263,246,350,1148,36.247
8233,0,1,0.91,0.91,19,19,37,74.974,141,186,264,1343,46.541
8234,0,1,14.92,14.93,23,15,31,63.124,616,1200,281,114,45.460
8235,0,1,1.32,1.33,19,14,34,76.458,187,1301,537,580,32.058
8236,0,1,0.09,0.10,7,5,14,34.456,529,179,438,988,32.564
8237,0,1,1.40,1.41,17,13,33,70.743,555,1280,515,388,35.716
8238,0,1,0.06,0.07,9,9,22,50.980,117,1139,246,17,45.176
8239,0,0,500.01,500.01,0,0,0,0.000,575,208,582,1135,37.081
8240,0,1,0.12,0.13,10,7,22,52.837,48,1209,455,378,37.013
8241,0,1,2.09,2.11,23,15,32,76.827,544,185,305,1102,37.905
8242,0,1,0.13,0.14,10,8,24,55.410,61,188,365,1153,40.470
8243,0,1,1.01,1.01,13,10,23,54.129,421,969,302,195,31.324
8244,0,1,0.77,0.78,24,15,37,81.542,55,927,535,16,41.189
8245,0,1,0.51,0.52,17,12,30,65.303,136,150,451,1363,50.129
8246,0,1,0.47,0.47,11,7,20,46.843,390,1100,81,301,34.267
8247,0,1,0.09,0.10,8,6,24,57.929,260,1142,503,34,45.373
8248,0,1,0.09,0.09,10,8,25,61.703,262,1246,510,17,50.151
8249,0,1,0.03,0.03,7,6,20,47.978,444,163,256,1058,36.581
8250,0,1,0.83,0.83,14,11,24,51.342,255,1065,525,162,37.700
8251,0,1,0.36,0.36,10,9,27,64.527,125,814,439,34,33.633
8252,0,1,4.46,4.47,15,11,25,54.286,319,1109,57,403,30.122
8253,0,1,1.77,1.78,18,11,28,66.780,495,135,81,912,35.216
8254,0,1,25.88,25.89,22,14,24,47.193,189,301,125,1285,39.443
8255,0,1,11.33,11.34,19,14,30,63.089,360,17,100,1315,52.951
8256,0,1,65.18,65.19,16,9,20,37.993,344,1318,372,447,34.858
8257,0,1,0.12,0.13,8,6,19,47.025,429,1068,77,239,36.025
8258,0,1,0.05,0.06,8,7,27,69.543,525,39,471,1110,42.894
8259,0,1,0.97,0.98,15,14,24,49.669,405,105,485,1150,41.922
8260,0,1,0.35,0.36,16,12,35,84.887,189,979,382,50,37.953
8261,0,1,7.64,7.65,24,21,32,57.196,545,35,121,959,40.666
8262,0,1,0.32,0.33,14,9,21,45.110,546,841,55,209,32.013
8263,0,1,0.43,0.43,13,8,22,54.704,90,307,381,1031,31.212
8264,0,1,1.87,1.88,19,13,29,60.507,128,1272,395,118,47.379
8265,0,1,1.04,1.05,12,9,21,46.032,239,1081,552,299,33.693
8266,0,1,2.38,2.39,19,11,24,54.395,98,349,313,1191,34.761
8267,0,1,0.02,0.03,7,6,21,50.571,311,249,155,1123,35.513
8268,0,1,0.12,0.12,9,8,25,58.257,236,56,425,1121,43.266
8269,0,1,1.16,1.17,8,7,15,31.940,216,543,212,1316,30.920
8270,0,1,0.03,0.03,6,5,15,34.932,356,1130,422,332,32.029
8271,0,1,0.62,0.62,14,11,27,60.765,38,48,173,961,36.917
8272,0,1,0.35,0.36,16,13,35,87.347,301,1297,611,62,50.933
8273,0,1,0.08,0.08,7,5,15,35.964,476,1043,384,205,33.721
8274,0,1,7.81,7.82,20,15,34,74.359,263,86,205,1325,49.614
8275,0,1,0.18,0.19,12,10,30,68.073,453,37,199,1154,45.821
8276,0,1,0.04,0.04,8,4,23,61.486,412,15,319,1339,53.090
8277,0,1,0.12,0.13,10,9,24,55.834,100,950,96,88,34.480
8278,0,1,26.91,26.93,19,12,31,66.289,145,100,231,1307,48.402
8279,0,1,0.45,0.45,13,10,26,56.268,312,172,207,952,31.481
8280,0,1,0.56,0.56,15,11,25,59.902,403,157,283,968,32.793
8281,0,1,0.02,0.03,8,5,19,48.080,210,98,388,1174,43.625
8282,0,1,0.08,0.09,8,5,18,41.847,204,19,506,743,31.378
8283,0,1,0.05,0.06,6,4,17,43.622,229,909,417,51,35.134
8284,0,1,1.98,1.98,15,12,30,62.104,609,1206,199,126,46.208
8285,0,1,0.03,0.03,5,5,15,33.171,234,489,322,1271,31.477
8286,0,1,0.02,0.02,6,5,19,45.378,199,169,266,1079,36.499
8287,0,1,0.45,0.45,10,7,20,47.144,547,308,234,1078,33.247
8288,0,1,1.31,1.31,14,14,28,58.822,575,53,120,692,31.378
8289,0,1,0.02,0.02,4,4,15,34.141,424,502,298,1322,33.185
8290,0,1,0.17,0.18,9,8,25,60.145,570,386,198,1142,33.703
8291,0,1,1.37,1.38,20,15,30,61.429,359,778,385,22,30.258
8292,0,1,0.41,0.42,13,10,22,49.257,168,996,511,329,30.001
8293,0,1,1.60,1.61,20,12,27,60.512,337,1166,73,444,30.750
8294,0,1,0.20,0.21,7,5,16,38.560,378,192,370,1073,35.241
8295,0,1,0.04,0.04,5,4,16,37.882,385,1084,440,169,36.666
8296,0,0,500.01,500.01,0,0,0,0.000,253,338,620,1319,41.896
8297,0,1,0.34,0.35,11,8,20,44.922,62,942,74,21,36.843
8298,0,1,11.71,11.72,16,11,23,43.820,385,495,143,1268,32.400
8299,0,1,0.52,0.52,10,9,29,68.492,127,1082,282,124,38.818
8300,0,1,0.39,0.39,14,8,21,47.946,544,217,308,1173,39.388
8301,0,1,2.31,2.32,12,11,25,52.486,619,1191,246,515,30.883
8302,0,1,0.04,0.05,9,5,21,53.203,20,24,204,1229,48.759
8303,0,1,0.02,0.02,5,5,16,38.402,211,313,195,1150,33.486
8304,0,1,0.92,0.93,13,11,29,64.946,103,297,310,1337,42.416
8305,0,1,5.16,5.17,22,16,25,46.238,27,39,115,938,36.132
8306,0,1,0.01,0.02,4,4,15,35.499,466,395,291,1237,34.400
8307,0,1,0.37,0.38,18,16,30,65.671,153,999,128,206,31.736
8308,0,1,1.38,1.38,13,8,18,39.955,282,183,548,898,30.515
8309,0,1,0.35,0.35,10,10,23,52.984,529,1049,276,60,40.834
8310,0,1,0.55,0.55,14,10,21,48.357,192,1185,550,319,37.483
8311,0,1,0.02,0.03,9,8,21,49.727,54,215,390,1081,37.156
8312,0,1,6.57,6.58,25,17,26,48.622,367,166,99,900,31.256
8313,0,1,97.84,97.85,18,16,24,40.758,521,1237,380,392,34.267
8314,0,1,0.03,0.03,5,5,16,37.636,170,433,332,1303,35.398
8315,0,1,0.79,0.79,11,7,17,36.375,451,590,185,1293,30.066
8316,0,1,93.37,93.38,15,12,23,41.499,274,1283,355,423,34.552
8317,0,1,0.32,0.32,9,6,19,48.104,451,951,44,182,34.803
8318,0,1,0.09,0.10,10,8,26,63.207,283,1246,104,53,48.254
8319,0,1,0.68,0.69,20,12,31,69.900,138,1081,437,62,42.478
8320,0,1,0.06,0.06,6,4,14,33.364,467,940,393,161,31.300
8321,0,1,11.66,11.67,22,19,34,61.987,528,443,112,1091,30.802
8322,0,1,0.45,0.46,15,13,31,70.702,407,1294,59,19,52.866
8323,0,1,0.20,0.20,7,5,19,47.099,394,1234,95,403,35.326
8324,0,1,0.03,0.03,6,4,13,30.881,391,1131,431,368,30.562
8325,0,1,0.13,0.14,11,6,22,51.332,422,182,224,1112,38.034
8326,0,1,15.10,15.11,19,17,34,70.747,96,1195,90,304,35.641
8327,0,1,6.89,6.90,21,14,31,67.266,131,1211,256,240,39.161
8328,0,1,9.88,9.89,25,15,33,71.530,93,330,418,1268,39.708
8329,0,1,0.11,0.12,10,8,22,49.905,209,909,539,54,36.659
8330,0,1,0.03,0.03,5,3,13,33.664,326,1049,459,277,31.335
8331,0,1,0.05,0.06,7,5,19,45.442,245,263,296,1136,34.980
8332,0,1,0.28,0.29,9,7,20,46.280,173,304,288,1183,35.460
8333,0,1,0.04,0.04,6,4,16,38.103,199,1385,460,669,30.483
8334,0,1,1.57,1.58,12,9,27,58.822,190,1354,104,16,53.630
8335,0,1,0.03,0.03,7,5,14,32.026,446,400,371,1192,31.822
8336,0,1,0.06,0.07,9,8,29,72.535,519,1159,518,61,43.920
8337,0,1,0.02,0.02,5,5,14,32.489,466,457,292,1195,30.329
8338,0,1,0.15,0.16,12,8,26,61.631,206,1033,308,257,31.307
8339,0,1,0.06,0.07,8,5,20,50.806,328,207,299,1282,43.016
8340,0,1,1.85,1.86,25,20,37,78.998,154,1197,390,26,47.782
8341,0,1,26.10,26.11,13,8,22,47.970,396,139,428,1263,44.978
8342,0,1,3.99,4.00,22,13,22,42.958,521,190,44,946,35.756
8343,0,1,0.29,0.29,10,9,25,55.108,129,113,359,1087,40.032
8344,0,1,7.08,7.09,24,16,30,59.312,267,489,224,1379,35.642
8345,0,1,0.06,0.06,8,7,21,47.369,443,1321,395,282,41.604
8346,0,1,2.00,2.00,12,8,19,41.591,142,90,508,820,32.665
8347,0,1,0.06,0.06,8,5,20,47.102,142,83,441,988,38.125
8348,0,1,0.02,0.03,8,5,26,67.896,368,1276,619,25,51.037
8349,0,1,0.11,0.11,8,5,17,39.515,347,1296,443,376,37.000
8350,0,1,0.03,0.03,7,6,17,40.212,365,271,176,1067,32.725
8351,0,1,9.86,9.87,19,11,24,49.538,209,190,452,1275,44.475
8352,0,1,0.54,0.55,16,11,28,65.811,406,1178,281,29,46.231
8353,0,0,500.01,500.01,0,0,0,0.000,305,321,336,1316,39.819
8354,0,1,47.94,47.95,20,15,28,52.843,458,435,106,1189,33.285
8355,0,1,0.03,0.03,5,4,16,39.166,343,1243,171,294,38.578
8356,0,1,0.70,0.71,16,14,31,68.596,413,1353,46,646,31.863
8357,0,1,0.33,0.33,9,6,20,50.414,484,1185,183,278,38.226
8358,0,1,0.14,0.15,8,6,20,46.897,189,43,352,964,37.413
8359,0,1,0.93,0.93,8,7,17,35.596,486,1220,176,513,30.879
8360,0,1,3.46,3.46,11,10,28,63.623,440,1267,182,39,50.192
8361,0,1,4.88,4.89,18,13,20,36.300,369,568,441,1371,32.249
8362,0,1,60.77,60.78,22,17,28,47.584,186,279,60,1336,42.579
8363,0,1,0.59,0.59,16,13,31,73.624,500,887,619,19,35.045
8364,0,1,0.06,0.06,9,7,25,61.175,294,1297,380,271,41.184
8365,0,1,2.44,2.45,15,11,23,47.263,434,263,195,1031,32.173
8366,0,1,0.14,0.14,8,6,17,40.281,276,937,534,189,31.650
8367,0,1,6.74,6.75,24,19,31,55.818,578,662,181,1380,32.818
8368,0,1,0.15,0.16,9,6,20,49.029,279,1133,319,243,35.636
8369,0,1,0.08,0.09,13,11,29,63.655,606,291,417,1102,33.309
8370,0,1,0.02,0.02,5,5,17,39.515,198,323,313,1285,38.754
8371,0,1,0.57,0.58,18,13,31,70.969,52,470,517,1072,30.427
8372,0,1,5.97,5.98,14,10,23,49.709,521,218,520,1276,42.320
8373,0,1,1.09,1.10,19,15,32,74.021,115,1327,179,125,48.148
8374,0,1,0.47,0.48,19,14,26,57.402,36,34,466,762,33.820
8375,0,1,0.14,0.15,10,10,22,52.504,341,931,252,18,36.693
8376,0,1,0.02,0.03,6,5,18,44.689,442,918,187,44,36.418
8377,0,1,87.97,87.98,18,14,25,43.870,231,496,523,1234,31.747
8378,0,1,0.08,0.09,10,8,25,59.326,105,216,373,1321,45.481
8379,0,1,1.67,1.68,18,13,25,58.081,116,1236,121,114,44.880
8380,0,1,0.03,0.03,7,6,21,51.639,172,17,358,1209,48.257
8381,0,1,1.04,1.05,18,13,33,79.156,182,1070,561,16,44.803
8382,0,1,1.23,1.23,16,13,26,54.765,124,337,378,1171,34.873
8383,0,1,0.48,0.49,11,9,22,47.423,81,200,349,1224,42.340
8384,0,1,0.05,0.05,6,6,16,36.624,373,1102,394,259,33.730
8385,0,1,0.05,0.06,8,5,18,42.909,411,188,344,1207,40.848
8386,0,0,500.01,500.01,0,0,0,0.000,579,216,291,1308,45.174
8387,0,1,3.10,3.11,13,10,23,50.127,188,201,70,1337,45.684
8388,0,1,38.42,38.44,32,17,34,63.951,285,200,512,1257,43.244
8389,0,1,1.60,1.61,17,15,23,48.175,489,163,54,916,34.785
8390,0,1,0.25,0.26,15,8,26,65.728,271,145,447,1123,39.748
8391,0,1,0.69,0.70,18,15,35,80.375,515,122,354,1169,42.372
8392,0,1,0.05,0.05,9,7,25,60.466,128,145,273,1058,36.978
8393,0,0,500.01,500.01,0,0,0,0.000,604,873,259,160,31.683
8394,0,1,0.28,0.29,11,8,19,41.748,108,124,213,1026,36.324
8395,0,1,0.27,0.28,11,5,20,55.423,275,35,273,1081,41.840
8396,0,1,0.11,0.11,11,8,21,45.895,46,205,192,1209,40.582
8397,0,1,0.25,0.26,16,9,32,77.650,552,524,295,1332,33.915
8398,0,1,0.36,0.37,15,9,25,61.807,218,119,558,815,30.984
8399,0,1,6.62,6.63,21,16,27,49.296,91,1187,33,392,31.885
8400,0,1,1.08,1.09,19,15,31,63.393,210,1114,190,78,41.448
8401,0,1,0.04,0.04,4,4,15,34.827,469,405,220,1183,32.675
8402,0,1,0.11,0.11,8,5,15,36.611,136,1037,430,344,30.111
8403,0,1,2.05,2.05,17,13,27,56.507,582,1199,127,315,39.769
8404,0,1,0.10,0.11,8,7,18,40.961,450,1142,432,166,39.047
8405,0,1,0.03,0.03,6,3,14,34.366,302,1190,456,389,32.627
8406,0,1,0.20,0.20,9,7,17,37.105,145,812,318,36,31.802
8407,0,1,0.07,0.07,9,8,22,51.538,127,1126,377,284,35.133
8408,0,1,0.61,0.62,9,8,20,45.459,333,1099,598,258,35.271
8409,0,1,0.21,0.21,16,13,28,62.095,79,931,520,188,34.561
8410,0,0,500.01,500.01,0,0,0,0.000,360,1104,282,316,31.674
8411,0,1,0.10,0.11,6,5,16,39.288,257,1054,198,90,38.632
8412,0,1,51.70,51.71,23,17,32,68.120,149,12,539,1337,55.248
8413,0,1,0.61,0.61,10,7,21,46.441,231,1103,98,350,30.586
8414,0,1,0.06,0.07,11,8,21,45.409,457,1165,154,307,36.397
8415,0,1,1.62,1.63,17,11,27,60.220,482,1220,201,186,42.860
8416,0,1,1.56,1.57,17,13,29,65.533,504,135,120,786,30.233
8417,0,1,0.81,0.82,12,11,23,46.931,566,991,526,160,33.278
8418,0,1,0.06,0.07,10,6,25,61.516,487,53,375,1242,47.771
8419,0,1,4.57,4.58,17,12,32,72.064,461,21,532,1082,42.535
8420,0,1,0.05,0.06,6,6,20,44.814,456,219,340,1311,43.926
8421,0,1,0.02,0.02,6,5,15,35.021,216,175,169,985,32.454
8422,0,0,500.01,500.01,0,0,0,0.000,37,187,615,869,35.759
8423,0,1,2.56,2.57,17,15,27,48.636,387,407,162,1319,37.574
8424,0,1,2.18,2.19,21,15,36,79.765,608,1208,428,17,48.181
8425,0,1,0.58,0.58,14,10,28,63.195,102,997,391,281,30.885
8426,0,1,0.04,0.04,7,4,19,49.528,222,943,554,44,38.334
8427,0,1,0.61,0.61,13,11,20,41.566,298,575,434,1359,31.828
8428,0,1,0.09,0.09,10,8,27,62.208,220,64,432,938,35.974
8429,0,1,0.02,0.03,8,7,18,39.288,372,263,207,1077,33.222
8430,0,1,1.07,1.08,23,16,40,92.312,186,1347,610,57,54.316
8431,0,1,0.04,0.05,6,6,23,53.154,204,978,607,61,40.066
8432,0,1,0.03,0.04,7,6,18,41.543,230,20,251,1035,40.609
8433,0,1,0.02,0.02,5,4,14,34.791,295,1330,386,504,33.240
8434,0,1,0.21,0.22,12,10,24,57.359,102,100,245,896,32.350
8435,0,1,1.18,1.19,25,17,36,86.100,515,1000,304,154,34.877
8436,0,0,500.04,500.04,0,0,0,0.000,291,1348,369,322,41.158
8437,0,1,22.02,22.04,22,16,34,73.229,100,598,465,1373,34.266
8438,0,1,0.04,0.04,6,5,22,55.379,500,1128,201,156,40.678
8439,0,1,0.06,0.07,7,7,24,57.969,125,225,276,1330,44.611
8440,0,1,0.01,0.02,5,4,16,36.935,400,1086,463,169,36.766
8441,0,1,0.03,0.04,9,6,22,55.705,326,1254,29,32,50.303
8442,0,1,0.08,0.09,9,7,21,52.904,544,309,420,1122,32.896
8443,0,1,0.20,0.21,13,12,31,71.794,90,90,174,861,31.022
8444,0,1,0.48,0.49,11,9,21,44.512,140,861,499,159,31.539
8445,0,1,15.33,15.35,33,25,45,91.205,113,203,54,1323,44.862
8446,0,1,0.42,0.44,19,13,27,55.664,134,799,147,46,30.124
8447,0,1,0.38,0.39,17,12,25,54.781,113,186,465,917,32.453
8448,0,1,0.33,0.34,15,13,33,74.209,281,1280,267,25,50.203
8449,0,1,0.38,0.39,14,10,27,63.800,549,241,221,1327,45.378
8450,0,1,0.07,0.08,12,7,24,58.866,376,35,294,1046,40.573
8451,0,1,0.67,0.68,20,13,31,66.952,138,1148,204,146,40.167
8452,0,1,0.20,0.21,14,10,27,59.381,562,366,391,1218,34.760
8453,0,1,0.05,0.05,6,5,18,43.979,354,1152,266,239,36.689
8454,0,1,0.03,0.03,9,8,26,62.199,455,21,174,1100,44.600
8455,0,1,0.15,0.16,12,9,25,64.100,457,1343,88,16,55.094
8456,0,1,1.35,1.36,12,10,26,58.725,298,1340,269,137,48.134
8457,0,1,0.05,0.06,8,6,20,49.990,176,182,307,1137,38.558
8458,0,1,0.03,0.04,14,10,27,64.335,545,21,358,1106,44.040
8459,0,1,0.37,0.38,15,13,30,61.584,505,392,440,1201,32.464
8460,0,1,0.25,0.26,12,10,26,59.116,21,1266,417,242,43.916
8461,0,1,41.45,41.47,20,16,33,65.496,121,291,144,1268,39.091
8462,0,1,0.38,0.39,17,13,30,67.909,526,1252,300,122,46.095
8463,0,1,6.85,6.87,24,15,31,67.384,282,1324,545,505,34.408
8464,0,1,0.29,0.29,11,8,25,63.179,595,470,280,1219,32.502
8465,0,1,22.86,22.88,21,19,35,67.404,228,1311,459,37,51.791
8466,0,1,0.03,0.03,5,3,16,42.876,462,229,317,1277,42.319
8467,0,1,0.11,0.12,11,9,26,60.225,489,104,290,1281,47.748
8468,0,1,7.69,7.70,16,16,31,62.763,21,886,616,14,42.226
8469,0,1,3.09,3.09,16,13,30,63.522,489,1263,65,45,51.588
8470,0,1,3.06,3.07,19,13,26,55.705,170,64,588,948,39.114
8471,0,1,0.11,0.11,8,5,21,54.326,118,230,482,1107,37.982
8472,0,0,500.02,500.02,0,0,0,0.000,81,1192,596,217,44.106
8473,0,1,8.16,8.17,18,12,28,56.785,297,158,444,1300,46.057
8474,0,1,0.29,0.30,9,8,18,38.806,252,440,423,1181,30.419
8475,0,1,0.48,0.51,11,8,19,43.639,245,1031,578,292,32.422
8476,0,1,0.13,0.13,9,8,22,49.582,193,283,373,1267,40.013
8477,0,1,2.40,2.40,13,9,24,54.521,228,1109,572,297,35.274
8478,0,1,0.13,0.14,9,7,19,44.017,368,1191,220,372,33.291
8479,0,1,0.07,0.08,10,6,25,61.472,63,182,216,1009,33.641
8480,0,1,0.05,0.05,8,7,25,57.258,574,44,252,918,37.257
8481,0,1,0.77,0.79,19,12,29,67.276,372,157,452,935,31.284
8482,0,1,0.08,0.09,10,9,20,44.022,617,566,53,13,31.595
8483,0,1,0.06,0.06,10,8,23,52.069,295,1335,442,186,46.335
8484,0,1,0.25,0.25,9,7,20,47.992,101,142,302,1288,46.540
8485,0,1,1.81,1.81,12,10,29,66.336,73,232,608,1317,48.389
8486,0,1,8.25,8.26,14,11,22,46.928,493,1318,430,279,41.636
8487,0,1,0.81,0.81,13,11,21,42.084,153,1333,587,644,32.572
8488,0,1,0.44,0.44,12,10,26,57.864,440,1082,427,58,40.963
8489,0,1,0.51,0.52,10,8,21,51.055,365,1346,521,293,42.580
8490,0,1,0.59,0.60,11,8,26,61.847,189,1374,384,45,53.729
8491,0,1,0.55,0.55,15,11,29,64.438,472,213,351,1101,35.848
8492,0,1,0.15,0.16,11,8,26,63.290,425,1355,203,54,52.792
8493,0,1,5.62,5.63,21,11,27,66.846,180,1387,591,555,37.119
8494,0,1,1.38,1.39,13,8,24,55.855,197,1237,536,228,42.577
8495,0,1,120.65,120.66,12,11,29,61.753,80,1138,221,293,34.267
8496,0,1,73.35,73.37,22,19,34,67.652,600,247,41,1139,42.107
8497,0,1,1.50,1.51,19,13,28,62.193,200,1208,112,92,44.779
8498,0,1,5.01,5.02,17,11,26,55.895,278,1322,142,363,38.744
8499,0,1,0.03,0.03,7,5,24,58.710,432,60,317,1244,47.583
8500,0,1,0.13,0.14,11,9,22,47.016,302,1121,217,209,36.638
8501,0,1,0.06,0.07,8,5,18,41.913,348,193,409,1126,37.400
8502,0,1,0.48,0.49,18,15,29,64.532,145,125,423,844,30.835
8503,0,1,0.02,0.02,5,4,16,38.440,457,1215,177,443,32.848
8504,0,1,1.02,1.03,11,9,20,38.129,442,1291,458,382,36.366
8505,0,1,0.10,0.10,8,7,18,43.713,230,1230,331,254,39.248
8506,0,1,0.04,0.04,9,7,25,58.104,51,182,260,1245,43.334
8507,0,1,0.24,0.25,13,10,29,68.666,613,90,180,1097,43.846
8508,0,1,0.50,0.50,10,8,21,46.754,416,210,301,1149,37.841
8509,0,1,3.35,3.36,18,12,29,65.980,130,161,554,1191,44.554
8510,0,1,4.40,4.41,25,19,27,50.603,22,157,114,939,31.496
8511,0,1,35.48,35.49,16,14,27,49.964,318,253,100,1235,40.236
8512,0,1,0.33,0.34,18,12,30,71.345,131,400,187,1269,34.832
8513,0,1,0.08,0.09,11,10,22,53.079,287,1092,604,371,31.504
8514,0,1,0.82,0.83,19,15,35,71.773,524,1220,275,24,48.866
8515,0,1,14.68,14.69,19,15,27,52.265,164,243,615,1187,41.848
8516,0,1,189.33,189.34,16,11,21,39.203,367,489,418,1378,35.618
8517,0,1,1.60,1.62,21,13,23,46.530,508,954,617,157,32.177
8518,0,1,1.78,1.82,26,19,30,54.499,366,804,290,49,30.353
8519,0,1,26.77,26.78,27,18,32,67.187,84,382,504,1236,38.068
8520,0,1,0.19,0.20,9,6,15,36.635,379,198,451,962,30.695
8521,0,1,0.29,0.30,16,14,30,63.745,125,47,279,1195,46.331
8522,0,1,0.04,0.05,8,6,16,39.527,205,204,285,1126,37.019
8523,0,1,0.22,0.25,10,5,16,38.315,268,888,209,38,34.082
8524,0,1,6.70,6.71,23,16,31,60.570,468,15,55,908,39.355
8525,0,1,1.21,1.21,17,11,22,45.973,99,420,411,1148,31.682
8526,0,1,16.80,16.81,31,22,38,71.122,583,1203,21,568,33.919
8527,0,1,1.41,1.42,18,9,24,55.355,553,1202,204,135,44.905
8528,0,1,3.07,3.08,20,13,26,54.365,110,954,361,208,31.484
8529,0,1,0.88,0.89,21,17,40,88.733,555,500,104,1242,34.732
8530,0,1,5.59,5.60,25,17,34,73.975,180,52,80,1032,39.404
8531,0,1,0.04,0.06,9,7,20,47.994,367,534,375,1324,31.602
8532,0,0,500.01,500.01,0,0,0,0.000,602,860,91,214,32.947
8533,0,1,0.11,0.12,14,9,25,60.013,186,1221,253,239,39.371
8534,0,1,1.29,1.30,14,12,27,60.437,158,1331,321,15,53.042
8535,0,1,0.79,0.80,12,9,22,50.188,122,1276,411,244,42.868
8536,0,1,64.44,64.45,19,11,32,73.397,471,47,448,1319,50.888
8537,0,1,0.05,0.06,9,7,25,60.315,574,55,295,1122,44.115
8538,0,1,0.47,0.48,15,12,28,64.266,135,1271,92,288,39.358
8539,0,1,0.09,0.09,10,7,20,49.842,71,32,255,935,36.862
8540,0,1,0.15,0.15,16,12,30,66.784,275,107,310,1303,47.860
8541,0,1,0.08,0.08,12,9,26,61.672,333,1271,513,339,37.969
8542,0,1,1.23,1.24,14,11,24,50.422,325,1263,123,437,34.014
8543,0,1,0.75,0.76,17,12,26,57.620,478,996,265,21,39.920
8544,0,1,0.11,0.11,7,6,19,44.785,460,1160,504,103,42.317
8545,0,1,1.73,1.74,17,14,26,56.023,446,1131,277,131,40.567
8546,0,1,17.77,17.78,22,14,25,54.638,396,262,218,1285,41.535
8547,0,1,1.45,1.46,12,9,25,58.946,301,1293,470,213,43.726
8548,0,1,0.66,0.66,15,9,25,61.275,141,1188,192,128,42.449
8549,0,1,0.53,0.54,10,5,17,41.160,203,956,55,43,36.997
8550,0,1,0.02,0.03,7,6,24,56.173,202,78,281,1299,48.942
8551,0,1,0.32,0.33,15,12,29,65.688,428,976,501,125,34.165
8552,0,1,6.42,6.43,24,18,23,41.609,139,156,96,937,31.287
8553,0,1,0.03,0.03,5,4,16,39.595,356,1191,516,324,35.266
8554,0,1,0.02,0.02,6,5,15,33.514,304,1228,423,423,32.550
8555,0,1,14.76,14.78,24,17,36,75.314,506,1205,607,130,43.189
8556,0,1,0.09,0.09,11,9,23,51.613,96,109,411,1206,45.653
8557,0,1,0.11,0.12,10,8,18,39.239,332,198,351,956,30.330
8558,0,1,0.25,0.26,19,14,25,51.800,560,312,314,1092,32.715
8559,0,1,49.36,49.37,22,15,27,52.899,90,1279,92,473,32.240
8560,0,1,17.15,17.16,27,17,32,59.910,120,289,538,1326,44.723
8561,0,1,4.05,4.05,8,5,16,36.773,216,1157,359,402,30.737
8562,0,0,500.03,500.03,0,0,0,0.000,618,203,52,1001,39.134
8563,0,1,0.10,0.11,11,8,24,55.478,306,273,391,1019,30.033
8564,0,1,1.03,1.04,14,10,25,59.654,212,1210,110,402,32.577
8565,0,1,0.30,0.31,14,9,26,63.241,85,297,309,1083,32.692
8566,0,0,500.01,500.01,0,0,0,0.000,368,312,352,1292,39.205
8567,0,1,62.91,62.92,23,14,26,47.265,465,448,174,1385,39.246
8568,0,1,0.80,0.81,14,11,20,40.957,269,52,594,826,33.579
8569,0,1,0.19,0.20,8,7,20,45.597,289,1306,110,321,40.045
8570,0,1,1.22,1.23,21,14,28,58.119,169,1071,283,245,33.353
8571,0,1,0.01,0.02,7,6,18,43.613,201,248,379,1123,35.717
8572,0,1,43.00,43.01,27,22,34,55.275,369,377,100,1262,36.999
8573,0,0,500.02,500.02,0,0,0,0.000,245,340,498,1270,38.552
8574,0,1,25.18,25.19,22,14,30,63.194,318,257,419,1284,41.278
8575,0,1,0.02,0.02,5,5,18,43.884,262,1104,423,275,33.780
8576,0,1,0.37,0.37,12,11,21,42.920,130,824,446,14,34.778
8577,0,1,33.43,33.44,16,12,22,44.186,190,369,178,1362,39.723
8578,0,1,0.10,0.11,13,9,24,53.636,24,293,346,1226,39.480
8579,0,1,0.11,0.11,12,11,27,63.353,294,1271,551,383,36.978
8580,0,1,0.04,0.05,8,5,17,42.545,173,352,139,1136,31.389
8581,0,1,47.57,47.58,19,15,35,71.037,35,233,68,1004,30.868
8582,0,1,0.41,0.42,15,11,28,66.433,363,939,588,16,38.001
8583,0,1,0.10,0.11,8,5,15,35.223,84,46,225,806,30.919
8584,0,1,10.10,10.11,19,12,24,51.630,445,241,597,1205,39.036
8585,0,1,49.33,49.35,37,22,37,60.701,63,499,106,1251,30.129
8586,0,1,31.89,31.90,22,15,29,58.232,83,374,494,1189,36.511
8587,0,1,0.14,0.16,10,7,22,52.891,392,101,233,1013,37.030
8588,0,1,0.12,0.13,11,8,24,57.588,232,1189,199,108,43.260
8589,0,1,0.13,0.13,12,9,23,52.947,141,190,334,1162,39.639
8590,0,1,0.30,0.30,13,10,21,44.675,562,714,235,18,30.760
8591,0,1,61.14,61.15,32,19,28,49.538,193,620,548,1281,30.012
8592,0,1,17.83,17.84,19,18,31,56.844,464,276,63,1019,33.772
8593,0,1,0.08,0.09,13,9,24,57.462,490,300,333,1172,35.441
8594,0,1,0.05,0.06,7,6,19,44.834,255,1100,150,31,42.966
8595,0,1,0.79,0.79,11,8,23,53.305,106,290,338,1254,39.661
8596,0,1,5.13,5.14,21,18,32,62.033,527,1197,139,377,36.287
8597,0,1,0.29,0.29,11,10,23,52.594,564,935,299,36,37.490
8598,0,1,3.44,3.45,9,8,28,61.900,560,1006,182,16,42.388
8599,0,1,1.36,1.37,19,15,24,44.278,77,772,600,107,33.841
8600,0,1,2.06,2.07,23,15,27,57.050,528,428,334,1257,34.056
8601,0,1,11.01,11.02,13,10,23,44.097,209,52,67,1008,38.660
8602,0,1,0.30,0.31,14,9,23,52.137,374,1105,415,207,35.957
8603,0,1,113.73,113.75,26,16,35,68.331,595,127,516,1264,45.590
8604,0,1,0.12,0.12,9,7,21,47.658,452,911,118,40,37.314
8605,0,1,0.03,0.03,5,4,18,44.349,184,232,363,1305,43.513
8606,0,1,0.43,0.44,11,8,23,54.914,118,1323,185,87,49.513
8607,0,1,3.04,3.04,13,13,26,53.057,445,345,143,1337,41.478
8608,0,1,11.84,11.86,31,22,38,72.965,455,1181,25,535,31.041
8609,0,1,12.53,12.54,35,27,51,103.885,578,42,581,916,34.960
8610,0,1,0.27,0.27,14,11,28,59.794,112,127,491,1278,48.472
8611,0,1,0.03,0.03,5,5,18,40.385,188,96,279,1075,39.329
8612,0,1,1.56,1.57,15,11,23,50.394,531,1219,575,163,42.277
8613,0,1,0.88,0.89,12,8,18,42.588,612,922,311,187,31.770
8614,0,1,50.05,50.07,19,15,29,57.785,345,199,73,1125,38.605
8615,0,1,0.16,0.17,9,7,18,41.450,142,50,347,900,34.975
8616,0,1,7.59,7.60,19,13,31,74.728,527,461,437,1323,34.667
8617,0,1,12.97,12.98,20,17,34,71.647,208,30,530,1191,48.193
8618,0,1,5.61,5.62,19,14,31,67.313,542,1268,428,397,35.137
8619,0,1,7.65,7.66,16,12,21,39.836,433,1300,367,384,36.735
8620,0,1,57.71,57.72,17,16,28,50.510,198,405,542,1257,36.753
8621,0,1,1.04,1.05,16,14,29,60.159,179,1367,514,452,38.976
8622,0,1,4.49,4.50,18,13,29,57.538,182,1314,120,448,34.729
8623,0,1,0.22,0.22,8,6,20,48.157,256,1099,337,44,42.324
8624,0,1,0.03,0.04,6,6,18,40.464,212,1221,88,292,37.490
8625,0,1,25.02,25.03,29,22,37,70.729,123,431,429,1358,39.048
8626,0,1,0.48,0.49,14,11,30,71.179,219,1365,499,104,51.668
8627,0,1,0.19,0.20,7,7,22,46.608,248,1223,529,169,43.633
8628,0,1,8.67,8.67,14,13,20,36.331,111,155,124,943,31.524
8629,0,1,1.67,1.68,15,13,28,59.997,130,1322,617,149,50.803
8630,0,1,30.30,30.31,23,14,31,67.292,534,585,145,1261,31.197
8631,0,1,10.18,10.19,29,20,41,82.042,549,1195,134,183,43.751
8632,0,1,34.60,34.62,21,16,29,45.645,185,494,538,1271,34.137
8633,0,1,4.42,4.43,12,10,25,56.486,55,216,124,1272,42.330
8634,0,1,0.07,0.08,8,5,18,44.324,28,54,211,861,33.100
8635,0,1,0.12,0.12,6,4,16,41.129,236,257,395,1192,37.937
8636,0,1,0.40,0.41,15,13,30,63.476,411,13,271,1053,41.975
8637,0,1,0.02,0.03,7,5,21,53.314,538,170,175,1013,36.713
8638,0,1,2.40,2.40,11,8,26,60.368,562,1161,273,39,46.345
8639,0,1,0.12,0.12,11,8,24,58.819,540,231,187,962,32.471
8640,0,1,0.73,0.73,9,7,19,47.007,491,1236,183,331,38.239
8641,0,1,0.36,0.36,12,8,23,54.308,604,107,484,1033,37.350
8642,0,1,2.13,2.14,18,13,31,62.872,140,344,132,1135,31.642
8643,0,1,0.25,0.26,14,8,24,58.959,422,896,509,27,34.934
8644,0,1,0.06,0.07,15,11,31,73.462,584,38,470,1158,45.031
8645,0,1,4.12,4.14,23,13,27,57.909,377,1279,121,411,36.199
8646,0,1,69.78,69.80,24,21,33,58.529,420,416,619,1229,33.480
8647,0,1,0.13,0.14,10,5,17,41.455,336,271,230,1178,36.527
8648,0,1,0.34,0.34,10,7,20,47.124,413,1322,527,315,40.537
8649,0,1,0.16,0.16,9,9,22,50.942,120,126,211,1189,42.676
8650,0,1,11.43,11.44,13,11,21,40.741,432,536,140,1234,30.265
8651,0,1,0.11,0.11,11,7,28,66.517,504,1097,277,23,43.909
8652,0,1,0.16,0.16,11,8,18,39.911,376,1281,298,520,30.599
8653,0,1,0.76,0.77,20,14,35,76.423,600,1145,250,178,41.136
8654,0,1,5.04,5.05,16,10,26,59.681,437,1237,108,499,32.321
8655,0,1,33.55,33.56,16,11,30,63.446,407,38,445,1309,50.863
8656,0,1,0.06,0.07,9,5,22,53.254,113,245,432,1076,35.605
8657,0,1,0.05,0.06,8,5,19,47.057,346,1299,389,194,44.233
8658,0,1,8.02,8.03,18,15,24,49.947,239,32,100,879,34.333
8659,0,1,0.09,0.09,8,8,19,47.845,396,910,151,39,36.192
8660,0,1,1.43,1.44,15,11,26,57.748,115,1273,354,283,40.738
8661,0,1,13.29,13.30,24,14,37,86.498,571,62,428,1347,51.717
8662,0,1,0.11,0.11,9,7,23,56.249,219,1150,70,246,36.648
8663,0,1,98.19,98.21,30,23,36,61.717,615,117,498,873,30.600
8664,0,1,0.20,0.21,13,7,20,48.878,380,1110,85,347,32.722
8665,0,1,17.50,17.51,25,16,30,57.919,434,333,97,1279,40.169
8666,0,1,32.52,32.53,25,19,31,54.248,211,117,494,1255,46.906
8667,0,1,0.02,0.03,5,4,15,36.615,209,1115,243,253,34.507
8668,0,1,8.87,8.88,17,11,26,58.496,207,283,585,1188,39.231
8669,0,1,0.05,0.06,8,7,22,48.734,289,936,202,107,33.342
8670,0,1,0.03,0.04,8,8,25,58.355,507,203,422,1208,40.344
8671,0,1,0.12,0.13,16,14,28,58.505,84,293,253,1057,31.299
8672,0,0,500.01,500.01,0,0,0,0.000,285,317,271,1287,38.804
8673,0,1,1.06,1.07,15,12,30,68.033,273,1041,116,237,32.767
8674,0,1,0.45,0.46,10,8,21,51.170,50,26,137,1022,39.992
8675,0,1,0.31,0.32,11,9,27,62.845,286,1205,46,12,48.676
8676,0,1,2.33,2.34,14,12,28,65.571,559,1333,218,458,37.564
8677,0,1,0.23,0.23,14,7,29,76.081,246,1044,449,21,41.718
8678,0,1,8.16,8.18,25,17,24,43.943,333,210,530,943,30.360
8679,0,1,1.20,1.21,18,12,26,52.259,252,177,247,1036,34.361
8680,0,1,0.27,0.28,11,8,22,51.573,101,325,425,1210,37.698
8681,0,1,0.09,0.10,11,9,28,64.488,483,1116,450,56,42.421
8682,0,1,0.21,0.21,11,8,21,48.920,285,94,375,948,34.349
8683,0,1,0.02,0.02,5,3,15,37.393,339,1242,443,326,36.875
8684,0,1,0.07,0.08,10,9,25,63.241,24,33,354,1057,43.034
8685,0,1,0.03,0.04,6,4,16,39.389,219,24,193,961,37.494
8686,0,1,0.37,0.38,17,10,34,83.197,144,1021,506,32,42.127
8687,0,1,0.35,0.36,13,8,23,57.743,532,1188,405,254,37.704
8688,0,1,7.16,7.17,16,12,25,50.530,345,191,146,1039,34.841
8689,0,1,0.03,0.03,6,4,14,34.854,234,1093,200,228,34.627
8690,0,1,1.43,1.44,20,13,28,65.350,517,1004,119,197,35.992
8691,0,1,1.19,1.20,22,15,36,82.017,543,1202,128,42,49.280
8692,0,1,2.59,2.60,19,13,28,56.257,72,443,518,1077,31.006
8693,0,1,0.15,0.16,9,8,23,52.297,210,1237,305,166,43.008
8694,0,1,0.03,0.03,9,6,28,72.753,414,53,371,1029,39.078
8695,0,1,0.25,0.26,12,9,25,60.337,433,1158,338,55,44.283
8696,0,0,500.01,500.01,0,0,0,0.000,597,212,206,1170,41.389
8697,0,1,0.20,0.22,11,8,28,66.065,425,62,399,1078,40.653
8698,0,1,11.80,11.81,13,11,27,57.347,201,1265,246,40,49.033
8699,0,1,0.14,0.15,9,8,17,38.893,74,746,337,32,30.436
8700,0,1,0.01,0.02,4,3,13,32.360,410,1140,467,333,32.360
8701,0,1,0.27,0.28,16,12,23,45.786,203,1179,107,117,42.653
8702,0,1,1.69,1.69,14,13,24,43.322,101,939,302,112,34.043
8703,0,1,1.36,1.36,12,6,19,46.062,284,491,216,1362,34.946
8704,0,1,4.44,4.44,14,11,26,53.911,443,176,106,1194,42.893
8705,0,1,0.22,0.22,11,9,20,43.521,502,812,325,27,32.188
8706,0,1,0.17,0.18,11,10,22,48.426,509,1118,366,174,38.191
8707,0,1,2.62,2.62,16,10,23,47.975,243,1162,497,423,31.257
8708,0,1,0.50,0.50,8,7,20,48.756,546,1316,461,198,44.849
8709,0,1,0.52,0.52,16,9,21,50.574,491,20,203,780,32.510
8710,0,1,0.02,0.03,7,7,24,55.468,479,1124,112,306,35.862
8711,0,1,15.78,15.79,20,17,28,51.666,31,1318,569,717,32.265
8712,0,1,3.23,3.24,25,13,28,65.355,135,527,321,1288,31.336
8713,0,1,22.08,22.09,32,19,34,61.746,220,254,105,1333,43.404
8714,0,1,0.19,0.20,10,9,25,59.454,412,917,478,59,34.421
8715,0,1,0.21,0.23,13,8,24,60.649,548,545,219,1229,30.360
8716,0,1,0.03,0.03,7,6,19,44.462,481,1154,214,271,36.899
8717,0,1,0.64,0.65,17,13,28,62.401,504,386,333,1117,30.029
8718,0,1,0.55,0.56,19,11,29,73.843,414,158,484,1147,39.659
8719,0,1,0.09,0.09,10,6,22,53.461,138,101,431,1033,39.079
8720,0,1,0.19,0.20,15,13,33,76.866,262,1335,186,501,33.498
8721,0,1,2.36,2.37,18,13,28,63.991,357,1170,435,37,45.427
8722,0,1,0.20,0.21,6,5,17,40.669,463,182,455,1120,37.521
8723,0,1,133.38,133.40,35,22,40,75.152,91,100,135,1312,48.512
8724,0,1,0.04,0.04,8,6,21,51.355,116,1154,418,195,40.217
8725,0,1,0.68,0.69,22,16,41,91.042,504,225,275,1096,36.024
8726,0,1,3.69,3.70,19,11,28,63.847,516,1241,528,198,41.723
8727,0,1,0.70,0.70,12,10,22,49.059,265,1183,406,102,43.606
8728,0,1,0.38,0.39,13,10,25,59.030,617,389,270,1233,36.502
8729,0,1,11.72,11.73,17,17,33,65.186,356,1275,557,261,41.349
8730,0,1,0.58,0.59,9,8,16,32.476,442,1284,359,532,30.263
8731,0,0,500.02,500.02,0,0,0,0.000,257,38,619,859,35.891
8732,0,1,26.41,26.42,14,8,22,48.850,449,350,156,1253,37.974
8733,0,1,0.71,0.72,21,12,34,76.677,619,1337,277,21,54.389
8734,0,1,0.94,0.94,11,9,22,49.721,547,235,573,998,30.538
8735,0,1,0.16,0.17,9,8,20,48.175,199,398,311,1319,37.111
8736,0,1,1.08,1.09,12,10,21,44.105,141,1237,271,498,30.014
8737,0,1,0.31,0.31,12,10,28,63.891,435,43,204,766,30.360
8738,0,1,41.58,41.59,25,20,31,51.560,201,138,135,906,30.833
8739,0,1,1.16,1.17,14,8,23,52.413,266,141,460,1030,36.397
8740,0,1,8.88,8.88,11,8,23,50.821,207,300,606,1142,37.270
8741,0,1,9.89,9.90,9,7,18,39.891,464,429,219,1299,36.154
8742,0,1,0.10,0.11,8,8,24,55.792,560,382,325,1207,34.313
8743,0,1,63.95,63.96,16,9,27,63.184,537,315,537,1254,37.560
8744,0,1,18.30,18.31,23,17,32,63.038,52,207,498,1268,46.037
8745,0,1,0.08,0.09,6,4,19,46.668,269,1223,208,62,46.504
8746,0,1,69.06,69.07,16,11,29,65.030,201,204,507,1230,42.826
8747,0,1,48.40,48.41,31,21,34,61.626,109,465,486,1251,34.869
8748,0,1,0.08,0.10,10,7,24,57.750,287,1192,507,461,30.536
8749,0,1,8.54,8.54,13,10,21,42.416,512,1258,427,350,36.479
8750,0,1,0.02,0.02,5,3,18,48.186,162,245,424,1181,38.879
8751,0,1,70.47,70.48,23,19,30,46.848,437,453,593,1330,35.631
8752,0,1,14.75,14.76,23,16,34,78.891,286,21,46,1319,52.800
8753,0,1,0.05,0.06,7,6,22,53.696,200,1149,440,61,44.566
8754,0,1,12.44,12.45,21,16,32,67.660,497,380,542,1199,32.809
8755,0,1,1.08,1.09,16,11,29,65.849,327,1315,405,138,47.183
8756,0,1,16.44,16.45,16,13,26,52.690,497,136,518,1227,43.648
8757,0,1,0.78,0.79,16,11,29,66.776,81,361,606,1329,44.048
8758,0,1,0.89,0.90,16,12,24,52.917,598,1315,184,560,34.442
8759,0,1,0.15,0.15,8,8,17,37.001,113,1325,517,647,31.570
8760,0,1,0.02,0.02,6,6,19,43.030,456,349,217,1101,31.563
8761,0,1,0.15,0.16,13,13,33,77.217,231,1308,44,37,51.387
8762,0,1,0.25,0.25,11,9,32,76.005,307,1223,343,61,46.502
8763,0,1,3.12,3.12,15,10,27,66.137,348,1178,30,180,41.898
8764,0,1,0.11,0.11,7,6,18,45.857,309,1224,292,241,39.326
8765,0,1,0.42,0.43,15,10,26,60.857,243,1028,197,62,38.684
8766,0,1,0.02,0.02,6,4,12,31.583,466,554,283,1306,30.958
8767,0,1,0.12,0.12,13,10,26,64.159,130,1113,156,18,43.812
8768,0,1,1.60,1.61,16,9,26,58.126,295,149,422,1155,40.559
8769,0,1,0.53,0.54,15,11,27,60.046,22,379,418,1154,34.812
8770,0,1,0.02,0.03,8,6,23,52.721,248,177,307,1156,39.231
8771,0,1,0.58,0.59,13,11,28,61.410,161,1151,59,382,31.029
8772,0,1,17.68,17.69,22,13,22,41.147,454,479,505,1320,33.702
8773,0,1,0.18,0.18,7,5,19,48.397,67,47,218,1023,39.504
8774,0,1,0.25,0.26,13,9,21,49.512,342,1159,541,431,30.188
8775,0,1,0.42,0.42,11,7,21,49.016,315,1120,495,318,32.878
8776,0,1,0.09,0.10,13,10,31,73.585,504,39,485,1144,44.207
8777,0,1,2.00,2.00,14,12,28,59.214,96,1271,464,345,39.858
8778,0,1,0.12,0.13,10,7,21,50.726,266,277,510,1112,34.797
8779,0,1,0.03,0.03,7,5,18,44.728,186,756,580,47,32.445
8780,0,1,0.69,0.69,10,8,18,37.241,462,1360,467,447,36.521
8781,0,1,0.39,0.39,12,9,25,59.756,593,1312,286,243,44.488
8782,0,1,0.16,0.16,12,11,23,49.543,417,791,443,24,30.698
8783,0,1,23.97,23.98,17,16,33,68.648,105,318,133,1208,35.618
8784,0,1,0.82,0.83,16,11,23,45.904,476,1042,89,329,32.450
8785,0,1,0.15,0.16,9,6,19,45.593,476,201,507,1133,37.301
8786,0,1,0.27,0.28,17,13,30,66.938,132,1313,180,533,31.259
8787,0,1,73.29,73.30,19,14,26,49.282,353,1155,394,395,30.444
8788,0,1,0.35,0.35,9,5,15,35.273,458,553,191,1281,31.017
8789,0,1,0.10,0.11,10,6,24,60.022,224,1237,415,195,42.374
8790,0,1,0.07,0.07,8,6,16,35.302,145,817,145,24,31.720
8791,0,1,9.43,9.45,30,22,36,61.977,439,1370,609,599,31.581
8792,0,1,1.20,1.21,19,10,21,44.143,90,908,472,178,32.956
8793,0,1,0.01,0.02,5,4,15,35.713,364,1299,192,443,34.924
8794,0,1,0.16,0.16,10,10,26,59.461,144,1117,183,350,30.720
8795,0,1,16.36,16.37,25,18,32,71.525,97,529,552,1199,32.396
8796,0,1,0.66,0.67,17,12,23,50.335,515,1232,205,366,36.793
8797,0,1,0.14,0.15,14,12,33,73.750,304,1339,55,288,43.204
8798,0,1,0.28,0.28,11,7,20,46.504,377,176,306,1253,43.174
8799,0,1,2.21,2.22,24,17,32,70.755,309,1108,617,48,44.154
8800,0,1,0.04,0.05,8,5,16,39.294,437,1206,396,270,37.476
8801,0,1,12.52,12.54,25,18,38,78.888,441,171,60,1008,36.785
8802,0,1,9.16,9.17,16,12,26,59.001,121,1235,413,53,48.701
8803,0,1,0.50,0.51,15,8,23,50.663,423,1370,502,220,46.108
8804,0,1,1.49,1.50,18,16,28,58.792,213,917,94,90,33.421
8805,0,1,78.83,78.84,20,17,34,64.139,168,21,349,773,30.939
8806,0,1,0.19,0.20,12,9,19,39.623,322,259,354,1099,33.624
8807,0,1,0.04,0.05,6,5,15,38.603,399,1052,272,285,31.098
8808,0,1,0.02,0.02,5,4,18,45.518,447,335,147,1123,33.727
8809,0,1,0.64,0.65,12,8,25,57.243,206,199,449,1279,44.280
8810,0,1,32.50,32.51,17,14,29,57.199,373,30,139,1191,47.374
8811,0,1,2.81,2.82,29,19,33,67.887,555,320,440,1265,38.079
8812,0,1,1.06,1.07,18,16,31,65.365,501,946,302,119,34.024
8813,0,1,1.32,1.33,14,10,26,57.361,214,1335,293,158,47.186
8814,0,1,18.72,18.73,29,25,38,67.440,521,49,22,888,39.047
8815,0,1,0.61,0.62,16,12,33,75.312,203,1153,25,51,44.651
8816,0,1,2.27,2.29,25,17,39,83.450,136,1280,481,60,50.714
8817,0,1,1.53,1.54,11,6,22,53.870,183,29,222,1323,51.784
8818,0,1,0.02,0.03,8,5,19,46.015,428,206,324,1318,44.674
8819,0,1,0.78,0.78,19,13,29,67.016,464,1044,328,27,41.042
8820,0,1,0.07,0.08,11,7,21,52.748,178,181,302,1222,41.934
8821,0,1,0.05,0.06,6,5,16,36.833,330,12,201,818,32.650
8822,0,1,0.23,0.24,14,11,27,61.665,545,435,336,1163,30.296
8823,0,0,500.01,500.01,0,0,0,0.000,499,1118,358,320,32.414
8824,0,1,163.32,163.33,21,14,25,49.247,359,452,41,1134,30.100
8825,0,1,1.15,1.16,12,7,19,43.422,291,1152,367,195,38.401
8826,0,1,0.42,0.43,15,10,28,66.551,566,255,213,943,30.931
8827,0,1,6.06,6.07,16,13,24,49.649,150,1154,535,407,33.615
8828,0,1,0.19,0.20,14,10,27,63.495,224,1271,408,194,43.704
8829,0,1,0.06,0.06,9,7,20,51.844,70,290,388,1070,33.693
8830,0,1,66.03,66.04,22,17,33,66.047,221,64,578,1321,52.269
8831,0,1,0.15,0.16,9,8,23,52.130,208,1328,180,42,51.452
8832,0,1,7.42,7.43,20,17,32,72.352,434,1324,243,64,50.976
8833,0,1,0.08,0.08,6,5,17,39.808,167,252,292,1176,37.297
8834,0,1,0.09,0.09,11,10,21,51.091,603,156,265,1038,37.782
8835,0,1,0.06,0.07,11,9,27,61.939,256,76,167,1131,42.350
8836,0,1,0.02,0.02,6,5,17,38.860,207,181,245,1145,38.590
8837,0,1,0.05,0.06,6,5,16,38.202,191,405,498,1137,31.751
8838,0,1,0.07,0.07,12,8,25,58.477,360,47,429,1125,43.208
8839,0,1,0.45,0.46,16,11,28,63.284,525,1195,576,295,36.058
8840,0,1,0.04,0.05,7,7,20,44.644,378,1074,151,290,32.648
8841,0,1,0.17,0.18,11,9,22,48.489,217,263,467,1125,35.901
8842,0,1,0.70,0.71,13,11,26,60.699,217,913,309,156,30.503
8843,0,0,500.01,500.01,0,0,0,0.000,196,1314,579,202,47.044
8844,0,1,8.85,8.86,13,8,19,43.855,179,442,448,1374,38.802
8845,0,1,74.54,74.57,27,20,32,57.619,195,1300,366,423,35.741
8846,0,1,0.13,0.14,8,7,20,43.123,44,182,450,922,33.762
8847,0,1,0.11,0.12,9,7,22,50.546,66,1334,135,320,40.654
8848,0,1,9.41,9.44,32,22,43,86.159,612,21,93,852,39.190
8849,0,1,6.98,7.00,21,16,28,56.610,149,1277,386,444,34.642
8850,0,1,19.86,19.87,33,24,40,72.754,438,1327,24,533,35.818
8851,0,1,33.01,33.02,18,17,29,50.506,444,354,103,1314,40.751
8852,0,1,0.04,0.04,6,4,17,42.487,211,224,339,1200,39.374
8853,0,1,0.38,0.39,14,7,19,45.422,500,52,196,748,30.380
8854,0,1,0.39,0.39,11,11,24,54.276,305,968,450,44,37.412
8855,0,1,1.29,1.29,13,11,25,55.003,71,294,550,1251,42.807
8856,0,1,0.03,0.03,7,5,22,53.782,100,40,353,1276,50.465
8857,0,1,0.19,0.20,8,5,22,52.450,249,1214,35,30,48.127
8858,0,1,9.50,9.51,21,16,34,73.731,274,18,460,1382,55.065
8859,0,1,0.50,0.51,10,8,20,44.759,442,975,261,61,37.270
8860,0,1,5.63,5.65,33,23,40,81.384,514,99,135,885,34.904
8861,0,1,0.54,0.55,13,10,26,61.123,363,778,557,50,30.136
8862,0,1,6.74,6.75,14,12,32,67.122,304,1237,258,460,31.134
8863,0,1,2.94,2.95,22,14,25,50.485,549,289,314,1080,33.007
8864,0,1,0.04,0.04,8,4,16,41.295,343,1188,180,213,39.541
8865,0,1,0.02,0.02,6,4,17,43.220,283,1254,196,211,41.865
8866,0,1,0.49,0.50,10,5,22,55.751,262,132,274,1329,47.882
8867,0,1,0.16,0.16,11,9,28,65.403,590,290,392,1029,30.603
8868,0,1,0.11,0.11,10,7,20,47.916,295,1098,232,56,41.756
8869,0,1,0.66,0.67,16,12,28,65.066,513,301,378,1238,37.867
8870,0,1,1.38,1.38,13,11,19,38.177,576,953,506,88,34.713
8871,0,1,3.52,3.52,15,11,26,55.614,540,1222,287,256,39.943
8872,0,1,0.10,0.10,9,8,18,41.435,134,1030,104,159,34.861
8873,0,1,34.83,34.84,21,17,38,81.086,570,474,611,1318,33.800
8874,0,1,0.26,0.27,11,9,25,60.353,338,1328,390,205,44.968
8875,0,1,0.54,0.55,16,13,26,53.964,529,380,151,1149,34.275
8876,0,1,0.27,0.28,15,12,27,57.850,518,467,155,1150,30.939
8877,0,1,0.01,0.02,6,5,18,40.963,225,1153,181,134,40.798
8878,0,1,0.41,0.42,17,12,29,63.452,92,425,338,1301,36.395
8879,0,1,0.58,0.59,14,9,23,57.529,64,199,425,1318,47.032
8880,0,1,0.02,0.02,5,4,14,33.197,447,507,354,1323,32.851
8881,0,1,0.03,0.03,7,6,21,48.219,364,260,183,1119,35.114
8882,0,1,0.08,0.08,9,7,24,60.971,162,1040,219,269,30.924
8883,0,1,0.24,0.25,8,7,20,45.961,413,1374,43,643,32.772
8884,0,1,3.02,3.03,9,6,17,40.578,450,515,152,1322,34.411
8885,0,1,1.96,1.97,17,15,28,55.789,91,942,270,206,30.298
8886,0,1,0.20,0.20,8,7,16,38.733,413,1110,204,374,30.604
8887,0,1,0.14,0.15,10,6,24,59.005,162,1111,324,162,38.509
8888,0,1,8.92,8.93,18,16,34,71.162,564,556,192,1370,35.799
8889,0,1,7.39,7.40,17,14,27,54.870,245,126,538,1249,46.424
8890,0,1,1.97,1.98,15,8,17,35.776,450,449,420,1320,34.861
8891,0,1,26.52,26.53,20,16,29,64.751,124,474,423,1336,36.495
8892,0,1,3.46,3.47,25,16,33,73.987,130,1263,23,380,35.578
8893,0,1,35.81,35.82,20,15,30,56.425,404,111,125,1206,45.199
8894,0,0,500.02,500.02,0,0,0,0.000,308,190,326,1000,32.408
8895,0,1,0.43,0.44,11,8,25,63.048,425,399,286,1186,31.967
8896,0,1,0.27,0.28,13,9,31,76.856,176,1096,238,43,42.193
8897,0,1,0.03,0.03,6,4,18,44.156,206,226,404,1009,32.306
8898,0,0,500.01,500.01,0,0,0,0.000,154,1188,599,215,42.797
8899,0,1,0.30,0.31,10,5,18,44.577,491,34,199,829,33.877
8900,0,1,0.57,0.60,24,16,32,72.904,538,212,229,1311,45.665
8901,0,1,0.48,0.48,10,10,20,45.007,344,386,214,1127,30.093
8902,0,1,0.18,0.18,10,7,23,53.254,614,1128,440,292,34.157
8903,0,1,0.43,0.44,12,7,24,60.143,512,22,431,1147,45.116
8904,0,0,500.01,500.01,0,0,0,0.000,259,314,94,1252,38.096
8905,0,1,21.77,21.78,19,12,32,71.282,464,35,426,1372,53.502
8906,0,1,0.09,0.10,7,6,22,52.182,99,319,374,1165,35.583
8907,0,1,1.58,1.59,20,18,33,69.373,200,1300,592,591,32.406
8908,0,1,0.05,0.05,5,4,17,40.630,459,223,310,1138,37.082
8909,0,1,8.29,8.30,21,13,35,77.206,127,14,581,1145,48.749
8910,0,1,0.27,0.28,13,8,25,57.785,526,38,422,1077,41.768
8911,0,1,1.99,2.00,21,14,23,47.151,126,1264,391,524,31.441
8912,0,1,0.71,0.72,13,5,20,48.348,296,1212,508,430,32.409
8913,0,1,0.06,0.07,8,6,23,54.201,428,52,264,1095,42.233
8914,0,1,0.10,0.11,8,6,24,61.142,517,1148,237,36,45.868
8915,0,1,7.41,7.42,17,14,28,55.081,501,108,108,1015,39.539
8916,0,1,0.26,0.27,10,9,26,62.793,343,1313,385,175,45.551
8917,0,1,39.03,39.04,29,18,33,68.091,358,243,110,1277,42.533
8918,0,1,0.08,0.09,9,6,23,58.110,286,1289,429,32,50.604
8919,0,1,3.02,3.04,24,17,36,81.966,191,1373,137,487,35.506
8920,0,1,0.05,0.08,6,5,18,40.955,316,1319,464,360,38.814
8921,0,1,0.54,0.55,16,9,28,66.999,261,1298,324,52,49.904
8922,0,1,0.02,0.02,8,4,20,49.072,421,1227,298,206,41.135
8923,0,1,0.51,0.52,17,9,21,50.994,60,213,400,1040,35.767
8924,0,1,0.63,0.64,17,12,24,55.577,299,88,422,941,34.473
8925,0,1,1.13,1.14,14,11,22,45.435,98,12,250,861,34.500
8926,0,1,0.29,0.29,10,9,19,40.676,511,164,382,906,30.125
8927,0,1,13.87,13.88,33,23,41,80.470,71,498,102,1257,30.385
8928,0,1,17.81,17.81,15,12,21,39.938,426,531,527,1322,31.897
8929,0,1,0.13,0.14,14,8,26,63.255,233,1207,321,22,47.531
8930,0,1,6.52,6.54,37,27,51,109.635,615,19,543,939,36.913
8931,0,1,0.57,0.58,17,12,31,71.399,248,133,203,1192,42.398
8932,0,1,9.64,9.65,23,18,37,76.528,420,42,63,1196,48.318
8933,0,1,0.15,0.16,11,7,25,58.564,358,1195,282,178,40.793
8934,0,0,500.01,500.01,0,0,0,0.000,341,318,444,1081,30.797
8935,0,1,0.04,0.05,5,5,17,39.637,349,1305,421,326,39.266
8936,0,1,0.09,0.10,8,8,22,48.312,356,40,457,797,30.548
8937,0,1,0.03,0.04,7,4,17,43.080,293,187,419,1038,34.411
8938,0,1,2.73,2.74,18,14,26,55.913,465,1151,75,204,40.967
8939,0,1,0.04,0.05,7,7,18,41.530,260,1150,459,314,34.374
8940,0,1,4.17,4.18,15,14,26,51.066,431,1321,516,150,46.963
8941,0,1,0.03,0.03,5,4,16,39.199,187,165,260,1134,38.870
8942,0,1,3.06,3.08,27,17,35,74.998,459,1084,274,206,35.891
8943,0,1,0.65,0.66,20,14,25,52.840,430,1178,114,198,41.187
8944,0,1,0.14,0.15,11,8,21,50.141,378,1276,194,442,34.162
8945,0,1,2.26,2.27,17,11,23,52.666,398,124,499,1029,36.425
8946,0,1,1.47,1.48,12,9,21,46.923,292,1163,535,191,40.077
8947,0,1,0.05,0.05,6,4,15,37.202,175,133,242,1052,36.858
8948,0,1,20.05,20.06,14,9,22,44.647,449,450,57,1208,34.135
8949,0,1,0.33,0.34,11,8,19,44.404,110,726,459,17,31.610
8950,0,1,0.12,0.13,9,7,19,44.642,380,279,532,1149,35.327
8951,0,1,3.46,3.47,17,13,33,74.056,506,1336,55,56,54.285
8952,0,1,2.22,2.23,16,13,30,66.009,61,1208,109,174,41.405
8953,0,1,0.13,0.13,11,8,21,52.935,134,235,230,1043,32.547
8954,0,0,500.01,500.01,0,0,0,0.000,580,873,135,127,34.746
8955,0,1,2.07,2.09,12,8,22,51.610,490,149,545,1333,47.411
8956,0,1,0.03,0.04,8,7,19,43.711,258,1276,425,362,37.165
8957,0,1,0.07,0.08,10,10,25,57.197,84,304,335,1211,37.644
8958,0,1,0.03,0.03,6,6,19,42.281,261,253,345,1203,38.148
8959,0,1,0.07,0.08,6,6,18,39.080,195,49,468,792,31.663
8960,0,1,0.68,0.69,11,8,20,46.643,589,1139,417,158,39.839
8961,0,1,17.83,17.84,24,18,32,62.421,263,286,73,1199,37.302
8962,0,1,0.81,0.82,14,12,21,40.452,595,138,370,988,35.171
8963,0,1,2.10,2.11,18,12,29,63.720,138,1135,498,458,30.671
8964,0,1,31.61,31.63,22,16,35,73.520,521,297,110,1314,43.876
8965,0,1,0.86,0.87,16,12,31,72.365,294,191,280,951,30.405
8966,0,1,0.02,0.03,4,3,13,31.535,211,1182,192,394,31.529
8967,0,1,0.03,0.04,7,7,24,55.406,334,1283,180,361,37.391
8968,0,1,0.73,0.74,14,10,25,58.167,63,1324,453,170,48.725
8969,0,1,0.52,0.52,14,9,25,59.623,419,1005,376,52,38.159
8970,0,1,1.65,1.66,13,11,25,56.245,411,1189,126,372,34.611
8971,0,1,0.07,0.07,8,6,19,43.454,187,273,305,1290,40.953
8972,0,1,3.64,3.64,13,12,24,45.944,544,1281,429,253,41.376
8973,0,1,0.08,0.08,7,5,17,40.242,393,1141,449,168,38.984
8974,0,1,0.15,0.15,9,7,24,61.162,103,393,334,1327,38.486
8975,0,1,0.72,0.73,13,11,32,74.055,145,1336,121,29,52.289
8976,0,1,0.04,0.04,8,6,20,48.320,204,1109,237,286,32.946
8977,0,1,0.77,0.78,21,15,29,66.916,620,961,305,178,33.759
8978,0,1,1.17,1.18,15,7,22,55.215,245,1186,391,212,39.395
8979,0,1,0.78,0.78,23,19,35,72.551,34,742,495,23,34.164
8980,0,1,0.06,0.07,8,4,19,48.888,173,161,363,1347,48.045
8981,0,1,0.04,0.04,8,6,23,59.436,30,55,454,1181,48.127
8982,0,1,1.48,1.48,15,11,26,58.444,224,1038,339,197,33.953
8983,0,1,8.03,8.04,20,13,27,64.381,98,460,604,1132,33.648
8984,0,1,0.06,0.07,7,6,18,40.744,374,54,188,846,32.542
8985,0,1,0.31,0.31,12,7,23,57.765,307,1279,116,214,43.280
8986,0,1,82.63,82.64,20,14,25,44.438,205,481,413,1379,36.871
8987,0,1,0.02,0.02,4,4,15,36.502,463,395,297,1281,36.057
8988,0,1,2.10,2.10,12,11,23,45.408,443,517,210,1380,35.756
8989,0,1,0.05,0.06,8,4,19,49.071,217,1078,430,282,32.960
8990,0,1,0.48,0.49,14,9,27,62.891,342,239,408,1172,37.413
8991,0,1,0.78,0.78,13,9,18,41.662,96,803,119,40,30.534
8992,0,1,0.31,0.32,16,9,29,71.832,270,38,339,1340,52.153
8993,0,1,0.31,0.31,10,9,22,52.639,289,513,425,1277,31.040
8994,0,1,0.05,0.06,12,6,24,61.445,468,55,297,1241,47.931
8995,0,1,1.16,1.17,17,7,22,51.373,196,1195,592,383,36.137
8996,0,0,500.01,500.01,0,0,0,0.000,605,196,502,1201,40.411
8997,0,1,0.21,0.23,10,7,25,61.902,118,437,333,1332,36.818
8998,0,1,0.09,0.10,8,5,20,47.836,259,200,309,1142,37.733
8999,0,1,18.51,18.52,22,17,28,50.778,250,24,508,957,38.721
9000,0,1,9.21,9.22,18,15,32,66.790,618,107,506,1220,44.745
9001,0,1,4.36,4.37,19,15,24,49.374,572,1148,508,358,31.704
9002,0,1,0.02,0.02,5,5,16,37.124,478,291,375,1194,36.354
9003,0,1,6.93,6.94,21,15,30,66.024,98,211,452,1345,47.519
9004,0,1,0.12,0.12,10,10,25,53.992,381,963,26,295,30.259
9005,0,1,0.06,0.06,10,7,24,62.391,514,39,343,1272,49.792
9006,0,1,4.18,4.18,12,11,24,50.243,440,189,420,1378,47.567
9007,0,1,1.05,1.06,11,8,22,52.026,368,1344,430,171,46.985
9008,0,1,0.02,0.02,6,4,14,35.503,416,1133,432,302,33.246
9009,0,1,0.27,0.28,13,8,24,60.841,249,205,179,962,30.409
9010,0,1,182.46,182.47,16,14,24,42.551,611,647,27,1136,30.468
9011,0,1,0.78,0.78,13,10,24,55.230,110,1148,519,400,34.101
9012,0,1,0.12,0.12,12,7,22,52.265,159,57,435,1102,43.233
9013,0,1,0.16,0.16,8,7,20,43.565,247,268,389,1204,37.868
9014,0,1,24.73,24.74,32,23,42,80.138,31,563,569,1207,33.566
9015,0,1,0.90,0.91,17,13,26,54.731,393,94,311,927,33.481
9016,0,1,12.15,12.16,16,11,23,48.489,288,520,113,1275,31.001
9017,0,1,0.54,0.55,13,11,25,59.481,439,851,370,58,31.840
9018,0,1,0.16,0.17,7,6,16,35.859,332,1144,492,297,34.479
9019,0,1,0.79,0.82,16,10,23,53.643,503,1153,261,135,41.855
9020,0,1,0.24,0.24,10,7,19,44.182,183,53,246,912,34.452
9021,0,1,2.24,2.25,19,12,31,76.598,317,1342,138,137,48.729
9022,0,1,21.44,21.44,17,17,34,75.289,587,49,178,1379,55.659
9023,0,1,5.30,5.30,16,11,23,49.860,505,112,558,1219,44.331
9024,0,1,54.96,54.98,22,12,27,61.781,519,340,85,1190,38.176
9025,0,1,0.44,0.45,10,8,23,53.887,449,1158,113,396,33.312
9026,0,1,0.30,0.31,13,12,31,71.564,560,557,362,1347,32.577
9027,0,1,11.91,11.93,27,22,37,68.501,130,205,20,1280,43.225
9028,0,1,0.14,0.15,8,5,18,42.749,435,176,426,1226,42.002
9029,0,1,1.60,1.61,11,8,22,51.386,233,51,212,1293,49.687
9030,0,1,3.46,3.47,15,11,20,41.159,331,201,501,961,31.151
9031,0,1,1.62,1.63,12,9,23,47.258,431,319,115,1081,32.997
9032,0,1,3.53,3.55,19,17,35,74.457,410,1360,293,126,49.581
9033,0,1,16.92,16.94,18,10,27,58.695,603,146,207,1305,48.991
9034,0,0,500.09,500.09,0,0,0,0.000,254,356,376,1343,39.780
9035,0,1,3.19,3.21,32,27,52,106.413,120,944,488,105,36.646
9036,0,1,1.02,1.03,11,10,23,49.158,405,1195,121,316,36.950
9037,0,1,0.05,0.05,7,5,19,47.598,191,179,442,1215,42.639
9038,0,1,12.24,12.25,20,13,30,65.945,616,393,427,1296,36.903
9039,0,1,0.21,0.22,10,8,27,67.373,616,33,272,1304,52.669
9040,0,1,0.24,0.24,11,9,26,62.958,366,1252,297,39,48.598
9041,0,1,0.69,0.70,17,12,26,57.593,146,1153,132,111,41.684
9042,0,1,0.04,0.05,6,5,17,43.029,309,1188,202,139,42.178
9043,0,1,0.39,0.39,17,11,24,54.548,464,1116,411,271,33.866
9044,0,1,22.20,22.21,13,10,19,37.176,432,425,599,1193,31.438
9045,0,1,4.94,4.94,18,15,29,57.564,225,1183,603,98,45.958
9046,0,1,0.80,0.81,12,9,26,61.815,165,1106,286,101,40.490
9047,0,1,0.02,0.03,6,6,19,44.972,203,245,408,1141,36.766
9048,0,1,1.90,1.91,20,15,23,50.808,253,15,539,908,37.507
9049,0,1,1.11,1.12,19,12,29,63.365,369,800,99,33,32.525
9050,0,1,0.40,0.41,15,7,20,50.536,281,1048,509,90,39.390
9051,0,1,3.38,3.39,22,15,34,76.514,490,1125,605,31,44.001
9052,0,1,3.20,3.21,26,17,30,62.276,516,175,71,926,34.918
9053,0,1,0.27,0.28,15,10,29,69.410,423,929,502,47,35.421
9054,0,1,24.27,24.30,19,14,30,68.356,554,167,140,1193,44.255
9055,0,1,1.39,1.40,14,11,24,51.617,418,1071,144,204,36.371
9056,0,1,0.05,0.05,11,8,26,64.530,381,45,463,994,38.101
9057,0,1,7.40,7.42,17,11,31,69.015,122,154,103,1329,47.006
9058,0,0,500.02,500.02,0,0,0,0.000,287,319,379,1081,30.701
9059,0,1,4.67,4.68,13,8,21,45.934,310,1304,81,353,39.127
9060,0,1,0.46,0.47,12,10,26,60.444,536,862,388,126,30.029
9061,0,1,0.15,0.16,11,7,24,58.952,308,1301,462,436,35.144
9062,0,1,0.03,0.03,6,3,12,30.485,443,336,438,1098,30.481
9063,0,1,0.18,0.19,10,8,25,62.120,182,1273,508,62,50.164
9064,0,1,0.02,0.03,10,7,24,56.154,22,54,428,1083,44.248
9065,0,1,2.09,2.09,12,10,23,47.855,67,1001,263,82,37.587
9066,0,1,0.03,0.03,9,9,28,63.426,172,74,462,1004,38.967
9067,0,1,25.68,25.70,22,14,26,48.066,491,161,534,1249,43.554
9068,0,1,0.08,0.09,9,9,23,51.330,103,743,483,50,31.614
9069,0,1,0.28,0.29,7,5,16,40.631,222,1023,248,237,31.457
9070,0,1,0.16,0.17,10,10,20,40.821,447,1003,214,288,30.080
9071,0,1,7.25,7.26,22,17,31,60.754,576,1199,273,120,44.829
9072,0,1,0.02,0.02,5,3,17,44.658,210,113,268,1219,44.301
9073,0,1,0.05,0.05,11,8,23,53.926,373,1157,60,194,40.504
9074,0,1,0.04,0.04,6,5,20,50.207,377,48,242,1094,42.187
9075,0,1,0.11,0.11,11,8,29,68.982,316,1099,524,24,43.798
9076,0,1,0.27,0.28,13,11,26,56.267,395,1143,265,82,42.757
9077,0,1,19.23,19.24,18,14,32,69.372,513,47,20,1263,52.486
9078,0,0,500.09,500.09,0,0,0,0.000,366,315,349,1167,34.087
9079,0,1,0.14,0.15,8,5,19,47.034,122,53,306,1138,44.020
9080,0,1,0.14,0.15,8,5,16,38.070,422,174,440,1103,37.167
9081,0,1,2.59,2.60,22,11,22,46.421,50,190,600,721,30.580
9082,0,1,0.35,0.35,14,9,27,63.079,279,1224,183,37,47.635
9083,0,1,0.16,0.17,10,8,21,49.583,352,160,48,942,33.560
9084,0,1,0.34,0.35,12,10,22,48.362,535,921,120,19,39.716
9085,0,1,0.02,0.03,7,7,25,56.925,193,145,470,884,31.568
9086,0,1,13.03,13.04,15,9,25,54.827,425,205,175,1369,47.622
9087,0,1,0.09,0.09,8,6,19,48.620,247,251,335,1222,38.999
9088,0,1,0.22,0.22,9,7,16,38.531,444,1312,437,393,36.761
9089,0,1,1.18,1.19,20,13,33,72.472,153,1319,188,515,32.190
9090,0,1,0.07,0.07,11,7,25,58.906,312,52,254,1069,40.746
9091,0,1,2.48,2.49,20,14,30,62.234,50,1187,495,402,36.094
9092,0,1,0.06,0.07,13,10,32,75.797,598,57,345,1132,44.175
9093,0,1,0.06,0.07,9,6,24,58.914,544,13,242,1193,48.721
9094,0,1,0.01,0.02,4,4,15,34.138,445,1227,424,381,33.850
9095,0,1,0.11,0.11,12,7,23,56.317,383,131,359,1317,47.450
9096,0,1,0.13,0.14,11,11,23,54.005,447,14,184,733,30.624
9097,0,0,500.01,500.01,0,0,0,0.000,579,224,248,1170,40.089
9098,0,1,4.15,4.17,24,21,43,91.891,359,773,322,16,30.316
9099,0,1,4.55,4.57,19,14,29,60.322,435,1366,556,343,41.205
9100,0,1,13.09,13.10,17,11,27,56.631,420,307,97,1202,38.060
9101,0,1,0.13,0.14,7,5,20,47.430,431,1016,36,195,36.443
9102,0,1,88.55,88.57,27,20,35,66.357,348,28,111,1275,50.773
9103,0,1,0.11,0.12,9,9,28,61.230,104,102,192,1170,42.865
9104,0,1,1.98,1.99,16,12,26,52.978,259,180,460,1066,36.341
9105,0,1,0.12,0.13,11,10,29,63.269,501,1074,290,118,39.160
9106,0,1,0.68,0.68,8,8,17,35.383,365,454,453,1222,30.921
9107,0,1,0.41,0.42,14,11,23,55.554,69,997,387,181,35.031
9108,0,1,0.03,0.03,6,5,19,44.340,172,274,452,1199,38.658
9109,0,1,0.12,0.13,10,9,27,62.571,526,311,275,1190,36.565
9110,0,1,53.75,53.77,23,13,23,44.909,418,1339,285,593,30.311
9111,0,1,0.09,0.10,7,6,21,49.782,353,1270,294,200,42.865
9112,0,1,4.84,4.85,16,11,21,37.429,30,829,166,61,31.198
9113,0,1,0.66,0.66,8,6,20,46.737,414,202,238,1172,39.434
9114,0,1,0.84,0.85,23,15,35,76.089,617,97,417,1158,43.187
9115,0,1,0.03,0.03,8,6,21,47.979,412,240,253,1037,32.508
9116,0,1,2.89,2.90,18,12,24,53.698,497,1192,133,290,38.907
9117,0,1,1.97,1.99,19,13,36,79.321,556,32,451,1281,50.136
9118,0,1,17.55,17.56,21,14,27,57.819,43,188,85,1334,45.871
9119,0,1,3.44,3.45,15,13,24,45.952,388,420,275,1327,36.560
9120,0,1,0.06,0.07,10,6,24,62.314,263,1180,606,37,47.734
9121,0,1,0.07,0.08,11,9,25,61.044,443,54,435,1168,44.561
9122,0,0,500.01,500.01,0,0,0,0.000,612,203,127,1319,48.673
9123,0,1,0.58,0.59,10,9,26,60.147,619,90,315,1345,51.652
9124,0,1,15.96,15.97,13,12,23,44.100,65,1213,447,532,31.233
9125,0,1,1.70,1.71,21,16,26,55.379,514,458,122,1145,31.639
9126,0,1,2.93,2.94,25,20,36,70.690,212,1320,596,105,50.969
9127,0,1,9.01,9.02,16,13,29,61.236,524,291,79,1312,44.550
9128,0,1,0.28,0.29,11,10,24,50.912,476,1033,124,174,37.133
9129,0,1,10.10,10.12,24,18,37,74.182,499,1286,342,201,43.852
9130,0,1,3.57,3.58,16,8,25,61.902,505,125,492,1185,42.403
9131,0,1,1.32,1.32,15,11,25,57.836,297,188,431,1290,44.405
9132,0,1,0.14,0.15,11,7,19,45.320,200,1357,446,574,32.829
9133,0,1,0.58,0.59,12,8,19,44.616,254,450,311,1218,30.804
9134,0,1,0.02,0.02,5,4,17,43.555,34,62,221,942,35.986
9135,0,1,0.01,0.02,5,4,17,40.235,179,89,218,1093,40.190
9136,0,1,4.40,4.41,19,13,27,56.008,368,1243,111,471,32.546
9137,0,1,0.30,0.30,8,7,23,53.109,587,1132,286,247,37.391
9138,0,1,19.17,19.19,21,17,34,70.390,567,479,43,1209,35.944
9139,0,1,8.40,8.41,21,12,21,39.955,354,419,440,1366,38.036
9140,0,1,0.02,0.02,4,3,13,30.721,236,1045,203,283,30.509
9141,0,1,1.30,1.31,16,12,26,56.348,114,956,256,138,33.209
9142,0,1,0.03,0.04,6,6,20,43.906,133,1002,261,43,38.700
9143,0,1,0.07,0.08,7,5,14,34.517,389,472,374,1289,32.686
9144,0,1,8.47,8.48,21,18,34,71.234,320,1294,27,571,31.205
9145,0,1,2.87,2.88,22,15,33,76.073,557,1220,509,111,44.402
9146,0,1,75.18,75.20,31,21,41,76.679,495,24,588,1194,46.948
9147,0,1,0.04,0.04,9,5,19,45.337,456,369,188,1320,39.522
9148,0,1,2.22,2.23,12,11,23,46.246,312,208,566,1016,33.879
9149,0,1,2.34,2.35,21,11,29,67.967,61,193,429,1291,46.321
9150,0,1,5.18,5.18,12,11,23,43.563,125,1330,208,351,39.300
9151,0,1,15.46,15.47,10,9,21,44.320,423,1353,192,447,37.399
9152,0,1,0.08,0.08,9,7,21,49.729,357,1173,199,42,45.679
9153,0,1,1.99,2.00,21,16,30,63.058,495,488,260,1314,34.351
9154,0,1,0.03,0.03,6,5,17,41.358,295,1086,217,82,40.281
9155,0,1,1.34,1.35,16,12,22,42.047,112,962,137,103,34.375
9156,0,1,0.02,0.02,5,5,17,38.058,397,1152,431,263,35.586
9157,0,1,2.47,2.48,17,14,26,54.671,79,916,609,125,38.086
9158,0,1,0.06,0.07,9,8,25,58.613,161,1116,529,225,38.560
9159,0,1,9.16,9.17,11,8,23,51.991,165,17,206,1292,51.026
9160,0,1,1.19,1.20,20,11,19,40.110,315,242,269,1102,34.449
9161,0,1,8.04,8.05,21,16,28,49.673,545,1282,601,301,39.304
9162,0,1,4.62,4.62,12,9,21,45.681,176,355,437,1360,41.534
9163,0,1,0.30,0.31,14,12,26,58.487,394,62,212,882,33.598
9164,0,1,0.09,0.10,11,6,22,57.673,578,61,187,1004,40.834
9165,0,1,0.15,0.16,11,11,27,63.277,110,23,371,1043,42.115
9166,0,1,0.31,0.31,10,8,21,47.467,590,926,106,194,35.102
9167,0,1,0.18,0.21,10,7,23,56.578,290,937,283,56,35.241
9168,0,1,0.24,0.24,11,6,23,57.049,44,372,439,1198,36.624
9169,0,1,5.51,5.52,20,16,32,68.864,141,1333,234,249,43.519
9170,0,1,47.47,47.48,26,18,29,47.481,499,1282,254,458,34.386
9171,0,1,0.96,0.97,11,10,24,53.149,100,209,77,1320,44.450
9172,0,1,0.04,0.04,8,7,26,63.347,505,304,398,1083,31.453
9173,0,1,0.17,0.18,11,8,25,56.749,174,68,481,998,39.174
9174,0,1,43.03,43.04,14,10,26,57.133,474,164,142,1274,46.343
9175,0,1,0.51,0.52,16,14,34,77.098,508,166,211,984,34.810
9176,0,0,500.01,500.01,0,0,0,0.000,581,197,114,788,30.130
9177,0,1,7.25,7.27,26,18,32,70.571,41,648,582,37,32.644
9178,0,1,0.25,0.26,12,9,22,54.703,473,1036,249,153,36.439
9179,0,1,0.35,0.36,12,7,22,55.609,108,193,397,1091,37.734
9180,0,1,6.86,6.87,17,12,25,52.292,328,160,413,1308,46.046
9181,0,1,2.76,2.77,13,11,21,41.434,458,1378,379,491,35.620
9182,0,1,4.53,4.54,16,11,22,46.825,285,522,577,1312,33.689
9183,0,1,2.25,2.26,21,17,32,67.093,231,1292,38,185,44.948
9184,0,1,0.10,0.11,9,8,22,51.815,383,123,555,1220,44.416
9185,0,1,2.14,2.15,13,11,26,58.497,369,1312,125,295,41.834
9186,0,1,0.01,0.02,4,4,16,36.740,458,300,355,1193,35.957
9187,0,1,5.38,5.39,20,15,26,52.067,571,827,420,52,31.583
9188,0,1,0.30,0.30,13,11,27,60.990,20,936,242,61,36.109
9189,0,1,2.97,2.98,16,13,30,66.312,139,47,526,1273,51.425
9190,0,1,7.62,7.63,23,20,32,54.145,583,300,585,1318,40.720
9191,0,1,1.39,1.40,16,12,23,49.308,440,1214,572,301,36.900
9192,0,1,0.14,0.15,8,6,16,35.713,185,994,199,144,34.005
9193,0,1,3.86,3.87,8,7,21,50.549,492,1193,255,177,41.731
9194,0,1,1.38,1.39,19,12,25,52.812,598,1213,382,162,42.919
9195,0,1,6.33,6.34,23,11,26,56.693,139,1252,287,29,49.277
9196,0,1,76.17,76.19,36,26,39,64.581,528,1226,134,561,30.918
9197,0,1,13.68,13.68,18,15,25,45.606,425,1291,173,556,31.080
9198,0,1,0.29,0.29,11,7,22,49.972,131,1075,390,181,37.230
9199,0,1,2.82,2.83,11,8,21,47.187,297,1290,133,322,39.272
9200,0,1,52.71,52.72,28,18,38,78.896,483,187,198,1278,45.104
9201,0,1,2.78,2.79,16,11,32,76.376,85,1215,483,167,44.841
9202,0,1,0.72,0.73,13,11,24,52.344,222,1227,552,414,35.097
9203,0,1,23.31,23.32,20,15,25,43.663,525,1257,276,455,33.591
9204,0,1,0.38,0.39,9,7,22,52.997,79,1129,189,263,34.918
9205,0,1,0.61,0.62,17,15,29,59.236,93,132,198,1069,37.715
9206,0,1,0.02,0.03,4,4,14,33.690,452,530,261,1329,32.860
9207,0,1,0.66,0.67,17,7,24,57.983,247,90,312,1150,42.480
9208,0,1,0.46,0.47,11,9,19,42.079,607,112,181,783,31.792
9209,0,1,0.03,0.04,6,6,19,43.289,379,257,507,1118,34.819
9210,0,1,0.28,0.29,13,10,29,66.436,293,1183,125,46,45.974
9211,0,1,0.12,0.13,7,4,15,38.015,316,1053,551,304,31.400
9212,0,1,1.09,1.10,14,9,24,51.418,530,1160,289,185,40.174
9213,0,1,0.40,0.40,13,11,27,58.581,455,1275,112,450,35.738
9214,0,1,0.04,0.05,8,5,19,45.194,227,267,362,1344,43.417
9215,0,1,0.04,0.05,9,7,22,48.014,286,940,77,210,30.373
9216,0,1,0.05,0.05,9,6,23,57.491,433,1065,395,34,41.268
9217,0,1,24.64,24.65,19,16,27,50.436,248,445,183,1366,36.932
9218,0,1,0.23,0.24,13,11,30,69.182,113,1189,192,27,46.587
9219,0,1,0.03,0.04,8,4,20,51.236,172,91,495,1108,42.682
9220,0,1,1.58,1.59,17,11,26,58.177,344,201,291,1240,41.614
9221,0,1,0.01,0.01,5,4,14,33.248,351,1303,188,499,32.814
9222,0,1,36.46,36.47,23,17,32,64.775,106,217,416,1367,47.642
9223,0,1,0.09,0.09,7,7,19,39.891,510,129,404,924,32.081
9224,0,1,0.47,0.47,18,14,29,58.947,565,913,143,171,34.144
9225,0,1,0.22,0.23,10,8,20,46.120,446,1192,314,170,41.220
9226,0,1,0.13,0.14,10,7,21,51.182,205,1214,245,249,38.633
9227,0,1,0.06,0.06,7,6,19,44.461,248,246,352,1284,41.728
9228,0,1,0.08,0.08,9,8,24,54.747,578,297,312,1253,39.693
9229,0,1,2.32,2.33,25,16,37,84.812,612,1192,555,59,45.377
9230,0,1,2.84,2.86,32,24,41,79.495,592,144,75,921,37.331
9231,0,1,34.53,34.54,16,13,24,42.893,172,391,116,1267,35.112
9232,0,1,0.39,0.40,13,12,28,64.817,142,1005,107,133,34.908
9233,0,1,1.15,1.16,24,18,39,86.295,501,160,90,828,31.372
9234,0,1,0.03,0.04,7,7,23,55.749,155,13,389,1112,44.945
9235,0,1,2.17,2.17,13,10,27,59.567,66,33,351,1295,51.751
9236,0,1,6.59,6.60,25,15,38,80.038,69,290,585,1190,41.497
9237,0,1,0.14,0.15,7,7,24,55.701,226,1151,445,170,40.206
9238,0,1,16.30,16.31,16,15,30,56.721,61,1124,552,371,35.958
9239,0,1,0.07,0.08,10,10,24,52.532,162,57,374,1178,45.635
9240,0,1,0.02,0.02,7,5,21,50.044,288,243,270,1318,43.006
9241,0,1,0.10,0.10,9,6,21,49.660,379,1246,185,230,41.374
9242,0,1,0.16,0.17,15,8,25,58.784,62,289,352,1322,42.917
9243,0,1,0.73,0.74,18,12,34,77.673,233,1174,417,39,45.993
9244,0,1,5.64,5.65,25,21,40,84.308,487,1332,452,45,51.499
9245,0,1,77.33,77.35,21,17,25,40.690,518,1190,355,396,32.422
9246,0,1,3.05,3.06,22,16,28,56.634,251,1066,263,111,38.203
9247,0,1,0.26,0.27,17,10,25,57.352,267,52,284,1045,39.726
9248,0,1,0.05,0.06,10,8,28,63.592,250,1066,141,26,41.828
9249,0,1,0.75,0.76,16,9,26,60.276,533,421,155,1116,31.646
9250,0,0,500.01,500.01,0,0,0,0.000,35,33,615,879,41.029
9251,0,1,0.49,0.51,18,14,31,72.208,275,21,270,1188,46.680
9252,0,1,7.00,7.01,14,11,22,43.523,346,528,225,1368,33.947
9253,0,1,25.09,25.09,15,11,23,46.037,461,366,137,1314,40.074
9254,0,1,3.01,3.02,23,13,30,64.407,366,23,114,1281,51.320
9255,0,1,0.10,0.11,9,8,20,46.807,142,770,585,23,34.739
9256,0,1,3.77,3.78,31,25,42,80.626,540,1248,85,58,50.961
9257,0,1,0.05,0.05,7,7,22,48.618,577,39,235,799,33.336
9258,0,1,27.15,27.16,21,13,25,43.399,398,1226,305,443,31.540
9259,0,1,3.83,3.84,14,8,20,44.715,316,496,457,1365,35.215
9260,0,1,0.05,0.06,11,9,27,68.416,104,91,267,1318,49.511
9261,0,1,7.30,7.30,17,9,25,55.796,226,32,78,1316,51.700
9262,0,1,0.14,0.15,10,7,23,55.909,131,189,306,1163,39.584
9263,0,1,2.29,2.29,10,8,24,60.506,452,1298,38,391,39.881
9264,0,1,0.31,0.31,13,7,20,49.112,297,912,181,55,34.593
9265,0,1,30.71,30.72,19,17,25,47.270,506,1325,391,395,37.483
9266,0,0,500.01,500.01,0,0,0,0.000,608,861,476,48,32.946
9267,0,1,13.43,13.44,14,12,28,57.540,68,1136,433,210,39.814
9268,0,1,37.86,37.87,21,15,31,70.508,88,341,140,1201,34.463
9269,0,1,2.84,2.85,25,17,39,84.962,322,1308,564,40,51.635
9270,0,1,6.08,6.09,22,19,35,70.414,80,342,209,1314,39.221
9271,0,1,0.40,0.41,15,12,26,53.982,24,1209,331,493,31.162
9272,0,1,0.18,0.18,12,8,27,63.409,106,121,311,1346,49.681
9273,0,1,0.54,0.55,17,11,20,41.974,122,805,489,118,31.155
9274,0,1,14.51,14.52,13,11,25,54.449,390,1053,93,135,38.594
9275,0,1,0.04,0.05,6,4,18,45.082,216,217,417,1047,34.160
9276,0,1,0.35,0.36,17,14,27,63.263,83,913,236,37,35.570
9277,0,1,5.35,5.36,31,20,39,80.184,531,1212,611,48,46.670
9278,0,1,0.35,0.36,11,9,22,47.475,264,42,185,1152,44.512
9279,0,1,0.42,0.42,13,13,25,53.208,327,1244,58,192,43.434
9280,0,1,0.24,0.24,10,7,17,41.177,510,30,96,685,30.995
9281,0,1,6.79,6.80,18,13,27,58.475,443,238,167,1035,33.737
9282,0,1,0.30,0.31,11,10,20,47.833,123,1043,490,182,37.438
9283,0,1,4.11,4.12,22,15,25,54.163,516,1269,59,398,39.344
9284,0,1,0.45,0.46,17,8,25,55.049,450,1150,104,19,47.310
9285,0,1,0.05,0.06,10,8,29,69.734,367,36,487,1008,39.175
9286,0,1,0.06,0.06,5,5,14,31.978,374,1314,470,562,30.324
9287,0,1,0.13,0.14,6,6,15,34.298,211,1305,421,581,30.154
9288,0,1,0.68,0.68,14,10,24,57.536,214,193,575,1193,42.527
9289,0,1,2.70,2.71,28,20,30,56.554,80,756,545,34,34.351
9290,0,0,500.01,500.01,0,0,0,0.000,579,862,128,66,36.595
9291,0,1,2.88,2.89,21,15,27,56.856,153,1265,536,327,40.527
9292,0,1,0.21,0.21,15,10,28,64.592,31,394,278,1325,38.528
9293,0,1,0.51,0.52,16,12,28,63.794,183,1280,170,53,49.083
9294,0,1,0.60,0.60,15,11,27,62.562,84,1212,175,285,37.258
9295,0,1,0.83,0.84,16,11,27,62.036,285,106,389,1027,37.074
9296,0,1,0.77,0.78,25,15,32,73.032,386,129,465,1064,37.533
9297,0,1,0.07,0.07,6,6,18,40.610,22,25,414,670,30.191
9298,0,1,0.06,0.07,8,6,17,38.234,82,779,51,15,30.585
9299,0,1,1.14,1.14,17,13,28,59.650,252,1180,521,391,33.344
9300,0,1,18.96,18.97,19,15,29,58.266,38,289,69,1321,41.299
9301,0,1,4.41,4.41,12,10,22,47.251,368,1231,522,362,35.302
9302,0,1,5.95,5.97,30,16,38,88.121,151,1236,107,144,43.715
9303,0,1,15.28,15.29,21,13,30,65.973,470,25,446,1301,51.049
9304,0,1,3.64,3.65,22,16,29,60.128,352,1119,601,97,42.076
9305,0,1,4.05,4.07,8,7,22,52.306,490,1207,185,98,46.007
9306,0,1,0.08,0.08,8,4,18,46.593,514,152,329,1267,45.210
9307,0,1,68.20,68.21,17,13,31,66.003,524,16,75,1203,50.763
9308,0,1,2.23,2.24,27,19,28,58.563,432,181,104,873,30.632
9309,0,1,2.45,2.46,20,15,28,57.212,186,1340,204,391,37.967
9310,0,1,1.48,1.48,11,10,20,39.633,379,912,404,97,32.615
9311,0,1,0.78,0.78,16,10,27,59.676,190,1356,454,173,48.484
9312,0,1,0.01,0.01,5,4,14,32.644,457,1177,447,401,31.043
9313,0,1,0.48,0.48,13,7,19,43.628,306,262,204,1035,31.188
9314,0,1,3.53,3.53,16,13,21,38.538,219,1327,172,574,30.179
9315,0,1,7.38,7.39,17,15,31,66.983,221,1374,395,62,52.940
9316,0,1,0.15,0.16,10,10,21,45.722,366,971,143,162,33.567
9317,0,1,0.92,0.93,10,8,18,39.613,331,1116,540,321,32.881
9318,0,1,0.19,0.20,11,9,23,53.427,267,239,210,1060,32.919
9319,0,1,35.22,35.23,22,18,29,52.821,577,1314,389,388,37.796
9320,0,1,0.57,0.58,16,9,28,65.761,331,1199,73,14,48.510
9321,0,1,0.19,0.20,14,12,29,68.393,549,236,278,1202,40.132
9322,0,0,500.01,500.01,0,0,0,0.000,253,1240,615,200,44.048
9323,0,1,1.15,1.16,21,15,36,82.800,394,116,390,1065,37.960
9324,0,1,0.25,0.25,11,10,30,71.071,327,1280,236,43,49.614
9325,0,1,1.67,1.68,10,9,25,58.638,458,319,30,1131,36.716
9326,0,1,1.14,1.15,8,7,18,42.533,211,22,536,720,30.798
9327,0,1,0.43,0.43,10,7,20,45.944,244,1057,91,34,41.375
9328,0,1,3.98,3.99,19,17,37,76.080,197,1356,60,375,39.621
9329,0,1,0.26,0.26,9,8,19,41.705,372,1131,525,213,37.227
9330,0,1,10.87,10.88,22,18,34,69.318,525,1228,594,258,38.898
9331,0,1,0.52,0.52,11,9,24,52.797,417,1272,514,472,32.234
9332,0,1,0.14,0.14,7,6,18,43.880,325,1281,430,467,32.830
9333,0,1,0.16,0.16,11,8,26,65.597,347,53,310,1326,50.942
9334,0,1,10.84,10.85,19,11,22,42.577,459,419,205,1325,37.637
9335,0,1,0.24,0.25,14,8,23,54.477,114,812,560,41,35.628
9336,0,1,0.12,0.13,14,9,27,59.885,269,97,192,1207,44.507
9337,0,1,0.28,0.29,11,6,20,49.250,383,1190,265,120,43.059
9338,0,1,0.12,0.13,12,9,27,65.660,447,12,146,1154,47.240
9339,0,1,5.04,5.05,24,20,37,76.968,25,1332,127,378,38.377
9340,0,1,0.02,0.02,6,6,18,41.265,194,248,245,1162,36.617
9341,0,1,2.99,3.00,16,13,24,47.163,110,1330,433,441,37.834
9342,0,1,0.53,0.53,11,8,23,57.298,128,218,257,1156,37.873
9343,0,1,5.27,5.28,28,19,35,74.925,50,37,603,564,30.556
9344,0,1,0.16,0.17,11,8,22,52.559,201,1159,506,223,39.378
9345,0,1,0.07,0.07,9,8,18,44.726,143,1033,394,271,32.091
9346,0,1,0.03,0.04,7,6,21,48.592,537,1330,462,192,45.619
9347,0,1,2.15,2.16,14,10,25,54.511,232,928,71,193,30.097
9348,0,1,2.52,2.53,20,13,23,48.312,415,170,507,1191,41.005
9349,0,1,1.73,1.74,15,11,24,53.955,230,1109,363,189,37.183
9350,0,1,1.25,1.26,24,14,31,70.949,300,104,523,1075,39.851
9351,0,1,0.64,0.65,15,12,33,73.587,119,1244,220,38,48.409
9352,0,1,0.04,0.04,5,5,14,31.887,466,923,503,168,30.236
9353,0,1,2.32,2.32,14,11,32,74.037,493,1244,461,440,32.185
9354,0,1,0.72,0.73,18,14,31,68.611,112,960,305,58,36.897
9355,0,0,500.01,500.01,0,0,0,0.000,316,1295,263,352,37.780
9356,0,1,3.25,3.27,23,17,37,77.550,556,1208,211,75,47.374
9357,0,1,0.03,0.03,6,5,20,47.034,289,1258,185,115,45.909
9358,0,1,1.16,1.17,17,11,23,53.051,514,135,228,932,33.870
9359,0,1,0.04,0.05,7,6,23,55.806,526,56,170,813,33.461
9360,0,1,0.66,0.67,11,9,22,48.090,433,1339,359,271,42.822
9361,0,1,0.63,0.64,12,6,16,38.110,465,1043,390,122,36.962
9362,0,1,0.16,0.16,13,12,31,70.175,413,53,424,1143,43.602
9363,0,1,0.29,0.30,9,8,19,42.964,319,1280,188,417,34.915
9364,0,1,0.74,0.74,13,8,20,43.197,598,913,119,244,32.912
9365,0,1,5.18,5.20,21,13,29,65.878,262,126,504,1281,47.203
9366,0,1,28.79,28.80,16,11,25,51.035,460,174,553,1324,46.150
9367,0,1,0.59,0.60,11,8,21,46.674,401,1011,96,176,35.558
9368,0,1,0.13,0.14,9,6,18,41.659,497,225,364,1088,34.928
9369,0,1,5.86,5.87,16,14,23,41.280,369,597,594,1324,30.441
9370,0,1,0.19,0.20,12,10,24,54.027,553,260,232,1032,33.443
9371,0,1,0.14,0.14,8,7,17,41.605,574,943,159,248,32.379
9372,0,1,0.34,0.35,16,14,33,72.251,333,759,73,14,31.563
9373,0,1,0.05,0.05,10,8,26,60.152,451,1317,207,450,36.027
9374,0,1,3.72,3.73,18,13,30,68.685,510,1196,402,127,42.978
9375,0,1,0.35,0.35,11,9,23,51.035,222,1270,460,438,34.615
9376,0,0,500.01,500.01,0,0,0,0.000,213,131,580,880,33.363
9377,0,1,0.07,0.07,5,5,15,32.780,480,183,371,934,30.355
9378,0,1,34.05,34.06,16,14,22,37.599,400,666,43,1333,30.261
9379,0,1,0.06,0.07,9,6,24,58.300,269,156,351,1267,44.561
9380,0,1,0.78,0.79,19,15,37,83.739,559,39,128,1112,46.253
9381,0,1,0.12,0.13,13,11,30,68.437,157,47,331,1215,47.236
9382,0,1,0.35,0.36,10,8,18,43.750,479,1321,191,445,36.885
9383,0,1,0.27,0.27,9,8,19,39.147,113,940,210,22,36.924
9384,0,1,0.01,0.02,5,5,14,32.657,359,1319,424,526,31.826
9385,0,1,0.06,0.07,9,8,21,45.053,445,1162,388,133,41.223
9386,0,1,0.15,0.16,13,12,28,57.522,288,144,254,1178,41.382
9387,0,1,0.15,0.15,11,8,24,55.492,437,1369,224,281,44.346
9388,0,1,2.46,2.47,22,14,27,62.538,156,1255,600,471,36.040
9389,0,1,0.03,0.03,6,5,18,43.262,261,237,308,1100,34.571
9390,0,1,0.23,0.24,12,10,19,40.660,567,688,125,13,32.274
9391,0,1,2.22,2.23,18,12,26,53.699,374,1056,90,355,30.254
9392,0,1,1.92,1.92,14,11,24,51.489,381,1212,607,116,44.762
9393,0,1,0.48,0.49,13,9,29,69.537,199,1236,477,15,50.090
9394,0,1,0.78,0.78,12,9,22,52.085,131,41,389,1050,41.659
9395,0,1,0.34,0.35,15,12,29,70.479,608,1330,112,107,52.790
9396,0,1,0.22,0.23,10,9,26,58.474,444,1133,102,17,46.689
9397,0,1,8.45,8.46,18,13,31,63.976,41,1333,186,485,34.412
9398,0,1,0.06,0.06,7,6,23,53.409,257,44,435,1157,45.086
9399,0,1,1.92,1.93,22,13,25,51.543,398,48,117,939,37.370
9400,0,1,8.27,8.29,28,19,36,67.971,519,1269,136,114,48.674
9401,0,1,0.24,0.25,14,12,32,72.630,512,1312,208,56,51.691
9402,0,1,2.11,2.12,15,10,23,52.354,344,1251,261,199,42.211
9403,0,1,1.83,1.84,16,15,33,71.299,514,1323,405,25,52.103
9404,0,1,0.44,0.45,10,10,26,59.935,380,242,448,1219,39.175
9405,0,1,0.14,0.14,8,7,23,56.321,406,1081,104,99,41.096
9406,0,1,0.02,0.02,6,6,16,39.339,507,1143,473,308,33.428
9407,0,1,1.31,1.31,13,10,19,44.763,172,495,502,1260,33.326
9408,0,1,0.57,0.58,11,7,21,49.355,191,181,495,1228,43.610
9409,0,1,0.45,0.46,13,8,21,47.161,550,834,66,19,37.915
9410,0,1,6.76,6.76,17,15,29,58.455,231,1313,528,356,40.081
9411,0,1,0.02,0.03,5,3,15,36.606,349,1072,462,191,35.529
9412,0,1,217.35,217.36,20,17,33,60.377,512,113,45,1138,45.055
9413,0,1,2.36,2.37,15,13,28,60.724,605,1313,306,158,47.723
9414,0,1,0.07,0.07,8,5,22,56.324,421,1058,96,50,42.364
9415,0,1,0.60,0.61,13,12,26,54.146,492,1214,86,224,42.801
9416,0,1,84.02,84.04,28,20,39,75.563,173,25,122,1187,46.525
9417,0,1,4.76,4.77,21,16,30,60.236,271,786,297,32,30.178
9418,0,1,0.05,0.06,7,6,22,56.660,456,46,273,1169,45.513
9419,0,1,0.40,0.41,12,9,18,39.452,444,727,106,24,31.201
9420,0,1,0.16,0.17,12,9,25,55.730,509,87,276,1277,48.504
9421,0,1,10.32,10.33,22,20,32,59.674,119,128,105,948,32.805
9422,0,1,0.18,0.19,12,8,23,55.254,271,151,333,1075,37.043
9423,0,1,0.35,0.36,14,9,23,59.458,250,852,100,17,33.935
9424,0,1,0.02,0.03,8,6,22,56.199,311,1298,332,52,49.847
9425,0,1,1.64,1.65,25,16,24,45.621,138,1285,214,325,38.520
9426,0,1,1.31,1.32,18,11,26,55.868,102,297,241,1147,34.452
9427,0,1,0.62,0.63,19,14,27,59.350,116,131,295,1146,41.227
9428,0,1,0.08,0.09,8,6,19,46.823,417,158,281,1111,38.506
9429,0,1,6.69,6.70,23,17,36,76.276,104,1327,68,489,33.551
9430,0,1,0.79,0.79,13,10,21,45.533,145,391,307,1201,33.042
9431,0,1,0.02,0.03,6,5,19,45.099,202,1169,448,185,40.571
9432,0,1,0.03,0.03,6,6,17,38.601,337,1120,181,214,36.773
9433,0,1,0.74,0.75,9,7,19,44.602,390,1123,609,115,41.261
9434,0,1,0.07,0.08,9,6,19,46.439,173,1162,395,267,36.885
9435,0,1,8.65,8.67,24,17,35,73.437,377,1262,529,32,49.574
9436,0,1,2.84,2.85,12,7,18,41.526,179,516,427,1274,31.902
9437,0,1,0.13,0.14,8,7,20,46.260,425,896,172,94,33.638
9438,0,1,0.58,0.59,14,10,25,60.016,276,1339,115,467,35.470
9439,0,1,0.07,0.08,8,6,20,46.821,68,181,275,909,30.274
9440,0,0,500.01,500.01,0,0,0,0.000,369,1201,249,313,35.843
9441,0,1,0.09,0.10,9,7,21,46.082,256,1209,194,351,34.409
9442,0,1,1.41,1.42,17,12,23,48.223,590,255,234,1092,36.383
9443,0,1,0.15,0.16,14,10,27,63.927,378,1244,51,38,49.982
9444,0,1,1.63,1.64,21,18,31,65.689,266,846,416,25,33.384
9445,0,1,0.30,0.31,12,9,22,44.426,452,1166,574,256,36.726
9446,0,1,0.66,0.66,14,9,24,55.502,415,196,354,1337,45.705
9447,0,1,0.05,0.05,7,5,21,52.020,180,183,506,1128,39.986
9448,0,1,10.27,10.28,28,23,35,63.107,557,161,40,846,34.328
9449,0,1,0.11,0.12,10,8,25,57.576,65,215,293,1076,35.627
9450,0,1,18.11,18.12,18,13,28,59.837,344,32,207,1318,51.731
9451,0,1,1.27,1.28,14,8,19,46.150,167,1317,420,544,32.534
9452,0,1,1.33,1.34,15,13,29,64.298,552,1231,193,182,44.349
9453,0,1,1.53,1.54,17,12,25,51.593,240,1222,400,159,42.999
9454,0,1,1.55,1.56,20,14,33,74.865,343,1263,94,386,36.467
9455,0,1,18.80,18.81,13,9,19,37.222,416,642,92,1321,30.094
9456,0,0,500.10,500.10,0,0,0,0.000,602,219,481,1136,36.998
9457,0,1,1.82,1.83,20,13,33,68.794,77,1316,521,60,53.287
9458,0,1,0.09,0.10,10,8,21,48.623,301,1271,188,250,41.089
9459,0,1,0.44,0.45,15,12,29,65.549,555,1232,293,55,48.232
9460,0,1,8.61,8.62,20,15,33,66.344,111,396,110,1194,31.920
9461,0,1,0.17,0.17,8,6,20,48.003,287,1079,522,317,31.897
9462,0,1,0.73,0.74,9,6,16,38.268,564,169,299,898,31.027
9463,0,1,1.24,1.25,16,13,31,68.325,126,394,209,1373,39.300
9464,0,1,0.01,0.02,5,5,19,44.650,448,265,221,1109,34.960
9465,0,1,0.48,0.48,8,5,19,48.763,556,999,458,181,32.954
9466,0,1,3.18,3.18,14,10,25,51.968,614,166,507,1204,41.740
9467,0,1,0.03,0.03,7,5,23,56.255,341,1336,217,151,47.659
9468,0,1,2.21,2.22,17,16,27,51.662,527,211,29,930,34.985
9469,0,1,1.31,1.32,19,15,32,74.019,427,1316,381,117,47.995
9470,0,1,0.09,0.09,9,7,22,50.323,407,1023,205,77,38.693
9471,0,1,5.50,5.51,20,14,27,55.665,184,1021,612,104,40.479
9472,0,1,0.07,0.07,10,9,26,61.719,77,293,141,1126,33.418
9473,0,1,3.67,3.68,29,19,35,74.890,27,590,377,1313,32.130
9474,0,1,0.06,0.06,8,5,17,39.811,429,302,232,1177,35.876
9475,0,1,0.28,0.29,17,12,31,72.381,560,557,345,1338,32.402
9476,0,0,500.01,500.01,0,0,0,0.000,525,1254,612,217,41.626
9477,0,1,6.18,6.20,31,22,41,87.299,447,46,95,796,33.140
9478,0,1,0.09,0.09,9,7,19,41.187,607,1314,460,450,35.057
9479,0,1,0.04,0.05,6,5,18,41.178,167,307,328,1158,34.644
9480,0,1,1.38,1.39,16,8,22,52.829,344,1261,291,118,45.769
9481,0,1,3.68,3.68,15,14,26,54.481,107,202,228,1366,46.811
9482,0,1,0.12,0.13,9,4,18,42.339,508,154,396,1192,41.761
9483,0,1,0.03,0.04,11,9,22,52.048,173,172,255,1096,37.105
9484,0,1,0.91,0.92,11,8,17,38.953,430,988,293,175,32.978
9485,0,1,0.20,0.20,12,7,24,57.630,127,331,300,1238,36.934
9486,0,1,6.75,6.76,23,13,23,48.025,247,16,145,938,37.105
9487,0,1,0.20,0.21,17,12,31,76.091,459,1118,397,264,34.250
9488,0,1,0.05,0.06,8,5,18,45.902,218,1114,449,204,37.554
9489,0,1,0.11,0.12,10,9,27,64.829,105,349,108,1142,31.720
9490,0,1,0.10,0.10,10,8,26,64.485,336,1256,91,40,49.617
9491,0,1,0.82,0.83,18,6,20,47.891,95,18,257,1154,45.900
9492,0,1,1.96,1.96,16,14,30,59.004,199,1330,379,264,43.244
9493,0,1,1.96,1.97,18,11,23,49.363,106,485,387,1216,31.326
9494,0,1,0.12,0.13,13,10,18,41.093,410,915,299,96,33.060
9495,0,1,0.10,0.11,12,7,25,64.566,82,42,438,1065,43.327
9496,0,1,0.03,0.03,7,7,21,48.838,293,1163,472,309,34.902
9497,0,1,0.03,0.03,6,4,17,41.433,468,399,130,1126,32.069
9498,0,1,0.44,0.44,12,6,22,52.021,87,296,391,1208,38.453
9499,0,1,0.65,0.66,11,10,22,49.005,476,14,195,963,39.589
9500,0,1,0.23,0.24,17,13,30,69.036,92,1201,92,360,33.640
9501,0,1,0.13,0.13,10,9,27,62.573,38,205,282,1298,44.796
9502,0,1,0.08,0.08,9,7,19,43.492,119,1323,566,652,32.250
9503,0,1,1.31,1.32,18,13,30,66.184,310,46,163,1080,41.776
9504,0,1,0.98,0.99,10,8,23,51.475,340,1318,362,159,46.368
9505,0,1,0.23,0.24,12,5,17,42.715,269,135,316,921,31.496
9506,0,1,0.30,0.30,15,11,28,70.047,554,54,270,1224,48.159
9507,0,1,0.82,0.83,21,13,34,75.218,122,1326,182,436,35.681
9508,0,1,11.39,11.39,14,10,25,61.655,596,377,232,1324,40.582
9509,0,1,0.05,0.06,9,7,25,59.094,121,129,261,1225,44.196
9510,0,1,0.16,0.17,12,11,29,66.857,350,1331,363,42,51.563
9511,0,1,6.89,6.89,17,9,22,47.366,357,531,119,1267,30.941
9512,0,1,0.03,0.04,7,5,18,44.302,453,241,234,1158,37.712
9513,0,1,0.39,0.39,12,11,26,58.978,379,1141,280,35,44.417
9514,0,1,0.07,0.08,10,6,23,59.447,38,204,354,1347,47.435
9515,0,1,8.52,8.54,29,21,39,79.306,385,50,555,906,34.909
9516,0,1,0.02,0.03,9,7,21,47.001,207,31,265,1190,46.418
9517,0,1,0.13,0.13,8,7,17,36.823,366,372,460,1151,31.386
9518,0,1,0.13,0.14,14,7,24,62.887,509,106,326,905,32.788
9519,0,1,1.30,1.31,16,11,25,57.696,447,1235,145,358,37.102
9520,0,1,0.02,0.04,6,4,18,43.637,455,252,296,1316,43.033
9521,0,1,0.03,0.04,10,8,25,60.195,125,1083,501,88,42.547
9522,0,1,0.24,0.24,10,10,22,51.402,532,864,29,15,39.473
9523,0,1,0.30,0.30,11,9,23,51.506,74,323,400,1129,34.777
9524,0,1,2.06,2.07,26,20,35,68.539,383,98,262,1187,43.828
9525,0,1,3.63,3.64,16,14,21,41.288,528,935,403,171,30.966
9526,0,1,10.20,10.21,23,17,30,56.811,490,1242,364,432,32.790
9527,0,1,0.08,0.08,9,5,19,49.610,426,1011,215,38,39.825
9528,0,1,0.20,0.20,10,9,25,60.499,346,1260,132,27,50.057
9529,0,0,500.01,500.01,0,0,0,0.000,569,207,95,1224,44.881
9530,0,1,6.47,6.48,20,13,30,67.921,92,290,608,1151,40.151
9531,0,1,0.08,0.08,10,8,27,64.970,560,12,318,1110,44.974
9532,0,1,12.11,12.12,17,12,22,45.869,442,434,69,1194,33.864
9533,0,1,50.05,50.06,17,12,26,51.110,452,307,26,1190,39.216
9534,0,1,0.03,0.03,6,5,18,43.255,339,1258,194,263,40.220
9535,0,1,0.19,0.19,7,6,17,41.468,132,89,420,915,34.991
9536,0,1,0.04,0.05,10,8,17,39.025,357,1137,355,265,34.880
9537,0,1,0.11,0.12,11,7,25,59.837,366,1269,436,44,49.080
9538,0,1,0.90,0.91,19,14,32,66.744,439,1191,218,122,43.664
9539,0,1,0.71,0.71,12,11,27,61.503,40,1025,238,267,31.337
9540,0,1,0.26,0.27,10,7,21,49.533,185,1324,469,264,43.895
9541,0,1,2.33,2.33,16,12,24,48.764,288,1179,131,426,30.768
9542,0,1,20.27,20.28,23,17,29,57.991,559,316,86,1218,40.740
9543,0,1,54.99,55.00,27,21,30,47.264,246,537,565,1335,34.376
9544,0,0,500.01,500.01,0,0,0,0.000,199,1292,620,209,46.478
9545,0,1,0.08,0.09,7,6,16,34.568,191,499,276,1349,34.170
9546,0,1,6.04,6.05,18,15,29,57.112,608,1197,43,207,45.595
9547,0,1,0.04,0.05,5,3,13,33.093,449,375,308,1141,31.155
9548,0,1,0.04,0.04,7,7,22,52.108,118,259,367,1191,38.588
9549,0,1,0.52,0.53,15,14,35,75.563,511,1007,576,24,39.406
9550,0,1,17.18,17.18,19,9,22,48.408,439,494,513,1265,30.982
9551,0,1,3.75,3.76,19,14,29,60.362,603,1218,263,123,45.863
9552,0,1,1.43,1.43,17,12,24,51.145,276,1052,551,329,30.941
9553,0,1,1.52,1.53,15,12,29,64.249,78,54,246,1106,42.613
9554,0,1,1.83,1.84,19,9,23,50.640,110,1043,507,373,31.151
9555,0,1,0.38,0.39,18,13,32,74.065,563,1215,480,42,47.037
9556,0,1,0.02,0.02,4,3,13,33.114,450,504,351,1318,32.800
9557,0,1,0.02,0.03,5,4,16,40.116,394,1117,336,244,34.997
9558,0,1,14.52,14.53,10,7,17,35.697,460,449,409,1286,33.542
9559,0,1,5.05,5.06,18,11,23,45.987,104,708,459,1384,30.542
9560,0,1,0.59,0.59,16,13,26,54.216,106,30,229,1276,50.082
9561,0,1,38.05,38.06,10,8,17,33.710,226,495,121,1251,30.530
9562,0,1,2.19,2.19,11,9,21,44.468,466,402,226,1277,36.293
9563,0,1,0.42,0.43,11,5,16,38.403,546,248,429,1032,31.707
9564,0,1,0.28,0.28,12,6,17,40.904,93,1233,440,442,34.551
9565,0,0,500.01,500.01,0,0,0,0.000,448,1278,577,219,42.673
9566,0,1,8.30,8.32,21,19,37,68.408,503,1320,229,53,51.852
9567,0,0,500.01,500.01,0,0,0,0.000,588,884,183,154,33.393
9568,0,1,0.09,0.13,12,11,29,66.207,499,37,439,1076,41.629
9569,0,1,0.33,0.34,8,7,19,43.972,381,1167,474,200,38.858
9570,0,1,0.05,0.06,8,6,21,49.320,602,155,419,1184,41.806
9571,0,1,0.97,0.99,19,13,28,63.672,618,829,598,62,30.690
9572,0,1,0.27,0.29,14,11,31,70.305,611,576,279,1312,32.297
9573,0,1,2.22,2.25,18,9,25,60.899,391,21,523,830,32.788
9574,0,0,500.01,500.01,0,0,0,0.000,268,354,199,1348,39.856
9575,0,1,0.06,0.07,5,4,16,36.707,272,494,382,1237,30.044
9576,0,1,1.18,1.19,14,9,21,48.536,463,1162,310,164,40.386
9577,0,1,0.13,0.14,8,6,19,43.766,427,1029,189,151,36.387
9578,0,0,500.01,500.01,0,0,0,0.000,603,197,166,1029,37.591
9579,0,1,0.53,0.54,11,9,25,62.023,345,1105,108,61,42.823
9580,0,1,37.85,37.86,13,10,25,53.557,485,295,230,1291,41.125
9581,0,1,0.02,0.02,4,3,12,30.376,205,891,191,132,30.365
9582,0,1,69.59,69.60,20,16,35,72.471,459,40,538,1238,48.024
9583,0,1,0.43,0.43,11,8,20,42.717,283,1258,215,449,32.474
9584,0,1,0.02,0.05,5,4,18,44.559,288,1298,196,192,44.393
9585,0,1,39.09,39.10,30,20,35,65.884,145,358,465,1387,43.104
9586,0,1,0.03,0.04,5,3,18,47.785,322,1275,171,101,47.347
9587,0,1,10.61,10.62,14,10,23,46.418,150,1114,536,331,34.919
9588,0,1,1.14,1.15,19,16,36,78.713,129,1333,271,143,47.938
9589,0,1,1.18,1.19,21,13,30,67.545,549,404,180,1372,41.438
9590,0,1,3.49,3.50,20,15,35,73.814,518,1281,536,45,49.445
9591,0,1,12.31,12.32,20,15,31,60.418,225,530,419,1274,30.755
9592,0,1,0.87,0.87,17,12,26,51.833,136,830,410,29,33.863
9593,0,1,0.52,0.53,19,10,31,67.633,35,217,283,952,31.028
9594,0,1,2.01,2.02,13,8,24,56.840,288,1335,286,182,46.120
9595,0,1,28.32,28.34,30,23,43,78.521,528,26,298,805,32.490
9596,0,1,7.71,7.72,9,8,19,39.342,468,1328,150,645,30.136
9597,0,1,1.13,1.14,19,14,34,71.567,588,372,99,1155,36.926
9598,0,1,0.32,0.33,12,9,25,59.113,156,53,456,831,33.353
9599,0,1,14.25,14.26,17,12,29,63.360,618,305,512,1268,38.753
9600,0,1,0.17,0.17,10,9,20,42.607,109,843,263,31,33.059
9601,0,1,21.22,21.23,19,15,32,64.871,337,41,572,1127,44.445
9602,0,1,3.10,3.11,21,14,28,57.611,304,1333,596,88,51.151
9603,0,1,11.78,11.79,11,8,22,46.186,279,34,117,1043,40.877
9604,0,1,7.77,7.78,22,17,29,54.733,264,455,211,1364,36.422
9605,0,1,0.21,0.21,10,9,24,55.548,422,876,331,13,34.711
9606,0,1,0.02,0.02,6,4,17,41.506,209,31,252,1058,41.116
9607,0,1,1.19,1.19,14,8,23,56.379,552,239,46,1195,43.266
9608,0,1,0.20,0.21,15,10,31,72.796,214,31,340,910,35.519
9609,0,1,0.32,0.32,15,9,23,51.202,482,1282,290,240,42.382
9610,0,1,1.19,1.20,20,17,37,82.871,535,1209,195,13,49.736
9611,0,1,0.02,0.03,6,4,14,34.190,432,495,257,1280,32.171
9612,0,1,1.32,1.33,22,10,22,46.696,106,299,388,1035,31.527
9613,0,1,0.61,0.61,13,10,29,66.476,99,116,494,1112,42.859
9614,0,1,0.06,0.06,11,9,31,77.053,605,37,445,847,33.026
9615,0,1,0.07,0.07,11,7,24,59.374,203,159,504,1000,35.730
9616,0,1,1.46,1.47,12,8,18,36.056,425,1039,284,257,31.784
9617,0,1,0.05,0.05,8,6,19,43.872,380,1043,296,207,33.608
9618,0,1,4.84,4.85,17,14,29,61.930,488,1231,184,189,43.418
9619,0,1,10.77,10.78,25,20,36,74.604,615,560,86,1331,37.401
9620,0,1,0.05,0.05,6,5,15,33.869,187,1268,211,424,33.774
9621,0,1,0.01,0.04,5,3,14,35.837,336,1203,425,339,34.743
9622,0,1,0.35,0.36,12,9,20,47.575,116,834,541,34,36.235
9623,0,1,9.94,9.95,13,11,24,48.317,219,201,131,1233,41.430
9624,0,1,0.08,0.08,7,6,19,40.428,228,1186,258,240,37.859
9625,0,1,1.86,1.86,9,8,17,35.140,145,845,182,62,31.355
9626,0,1,9.61,9.62,25,15,24,44.965,261,248,551,957,30.641
9627,0,1,0.23,0.23,12,11,25,55.227,342,904,462,29,35.328
9628,0,1,1.98,1.99,12,12,28,60.114,444,1305,100,293,42.755
9629,0,1,0.05,0.06,10,6,21,50.559,41,208,353,1073,36.782
9630,0,1,2.34,2.35,21,15,33,78.834,543,55,84,877,37.659
9631,0,1,0.09,0.09,7,6,20,45.937,470,910,217,33,36.511
9632,0,1,0.02,0.02,7,4,18,46.838,275,1089,351,160,37.284
9633,0,1,0.11,0.11,7,4,19,48.624,279,142,333,1130,39.579
9634,0,1,0.31,0.31,10,7,22,51.830,100,1234,201,56,47.293
9635,0,1,0.10,0.10,12,10,19,43.925,565,710,41,36,34.149
9636,0,1,0.02,0.02,6,5,17,41.047,441,318,201,1106,32.950
9637,0,1,0.26,0.27,10,7,22,51.933,288,1223,434,197,41.453
9638,0,1,0.37,0.38,15,7,24,62.130,368,175,225,921,30.383
9639,0,1,6.65,6.66,15,6,16,39.734,314,1119,532,345,32.165
9640,0,1,0.06,0.06,6,5,18,41.708,611,19,170,680,31.784
9641,0,1,3.28,3.29,19,17,27,49.973,539,1254,345,266,40.275
9642,0,1,11.98,11.99,19,15,29,57.276,412,1272,140,324,39.450
9643,0,1,0.04,0.04,6,3,13,32.977,209,505,376,1275,31.516
9644,0,1,0.02,0.03,8,6,19,43.853,453,319,175,1094,32.934
9645,0,1,0.98,0.99,17,9,19,47.321,121,161,311,1111,38.753
9646,0,1,0.04,0.05,7,6,21,48.464,51,287,354,1085,34.144
9647,0,1,0.21,0.22,15,13,31,65.608,113,481,530,1318,37.405
9648,0,1,0.18,0.19,14,10,24,54.675,307,209,509,1079,35.726
9649,0,0,500.01,500.01,0,0,0,0.000,360,319,208,1275,38.720
9650,0,1,7.08,7.08,15,14,29,60.883,143,366,560,1143,35.273
9651,0,1,0.07,0.08,12,9,24,56.728,368,1293,211,124,47.180
9652,0,1,0.41,0.42,13,8,27,66.189,269,1283,130,91,48.003
9653,0,1,0.19,0.20,12,8,21,47.411,370,1287,109,218,44.016
9654,0,1,0.06,0.07,11,8,23,56.839,162,1141,188,237,36.175
9655,0,1,14.22,14.23,24,16,29,61.295,84,290,410,1337,43.863
9656,0,1,31.88,31.89,20,12,26,57.154,30,34,131,1237,48.289
9657,0,1,3.04,3.06,23,15,29,61.061,573,160,38,923,37.275
9658,0,1,5.54,5.55,23,14,31,64.983,189,1240,594,583,30.872
9659,0,1,0.10,0.11,10,7,26,66.941,421,1225,294,16,48.626
9660,0,1,0.15,0.15,11,9,21,45.299,366,248,226,1042,32.250
9661,0,1,20.42,20.43,17,16,27,51.715,118,99,52,1024,37.094
9662,0,1,19.62,19.63,23,17,31,56.362,481,1320,270,453,35.692
9663,0,1,6.26,6.27,27,22,41,82.499,41,1325,554,592,35.787
9664,0,1,0.10,0.11,7,5,15,36.435,469,1319,194,568,31.991
9665,0,1,0.93,0.94,13,11,27,58.909,451,1146,274,123,41.528
9666,0,1,0.01,0.02,7,4,20,51.782,175,99,473,1155,43.890
9667,0,1,0.11,0.11,11,8,22,50.326,311,1315,173,326,39.943
9668,0,1,0.03,0.04,8,7,19,41.836,199,342,463,1123,32.977
9669,0,1,0.07,0.08,11,10,29,64.773,411,1306,255,530,31.661
9670,0,1,57.00,57.02,30,21,45,82.557,558,51,89,1314,53.891
9671,0,1,1.75,1.76,21,15,27,58.854,186,1363,131,340,40.979
9672,0,1,0.61,0.61,8,5,14,34.104,136,181,293,928,30.533
9673,0,1,0.05,0.06,8,5,22,55.774,433,1132,116,28,45.944
9674,0,1,0.19,0.20,8,6,17,39.647,419,1210,506,292,36.885
9675,0,1,1.01,1.01,16,10,28,62.816,542,447,389,1195,30.539
9676,0,1,5.69,5.70,32,22,36,74.679,24,536,594,1332,39.162
9677,0,1,0.17,0.17,16,12,29,71.393,450,1163,537,30,45.453
9678,0,1,0.84,0.85,21,16,37,82.386,119,1200,273,200,40.472
9679,0,1,0.16,0.17,10,9,22,46.363,243,1068,307,45,41.000
9680,0,1,0.05,0.06,9,6,20,48.974,341,17,265,1099,43.387
9681,0,1,0.19,0.20,11,8,25,57.291,61,214,493,1075,38.532
9682,0,1,0.10,0.10,12,8,24,57.697,21,382,347,1081,30.851
9683,0,1,0.19,0.19,8,7,16,34.423,202,590,458,1305,30.378
9684,0,1,0.17,0.18,10,8,23,57.044,471,1095,150,52,43.651
9685,0,1,9.05,9.05,12,10,28,63.617,58,49,538,1221,50.659
9686,0,1,0.40,0.41,15,12,30,65.933,101,37,352,956,38.106
9687,0,1,0.10,0.11,14,11,27,59.731,360,1338,175,546,32.533
9688,0,0,500.01,500.01,0,0,0,0.000,465,1024,598,195,33.584
9689,0,1,0.50,0.51,14,10,28,65.430,539,1325,208,16,54.008
9690,0,1,2.42,2.43,10,7,18,39.527,420,325,433,1309,39.363
9691,0,1,0.32,0.33,6,5,17,40.953,385,1153,550,375,31.812
9692,0,1,0.28,0.29,8,7,19,46.343,403,1200,401,121,43.160
9693,0,1,0.22,0.22,8,7,21,49.565,433,201,194,1113,37.712
9694,0,1,0.08,0.09,11,10,28,66.671,332,29,426,1189,46.552
9695,0,1,6.99,7.00,15,11,27,63.631,341,18,220,1309,51.866
9696,0,1,0.10,0.10,12,8,27,68.223,424,22,450,1234,48.491
9697,0,1,12.17,12.18,31,23,37,67.418,524,1264,132,610,30.499
9698,0,1,1.51,1.51,9,6,17,37.554,461,497,154,1204,30.831
9699,0,1,6.43,6.44,20,11,31,70.810,193,125,57,1203,43.462
9700,0,1,43.57,43.58,21,16,32,69.358,66,239,497,1193,41.874
9701,0,1,1.27,1.28,11,9,20,45.831,324,532,471,1324,32.221
9702,0,1,16.85,16.87,30,22,42,89.887,130,78,540,930,37.821
9703,0,1,7.86,7.87,23,14,33,76.304,562,533,503,1336,32.207
9704,0,0,500.05,500.05,0,0,0,0.000,183,21,605,882,38.354
9705,0,1,0.12,0.12,7,5,20,53.178,221,1101,354,60,41.978
9706,0,1,1.40,1.41,20,14,39,86.716,456,1321,562,25,52.013
9707,0,1,0.80,0.81,13,9,18,38.991,211,110,547,793,30.447
9708,0,1,6.79,6.80,27,20,40,82.380,573,1194,539,34,46.420
9709,0,1,0.07,0.07,11,8,24,62.912,277,166,206,1077,36.551
9710,0,1,1.02,1.02,13,10,22,53.226,570,1006,179,18,42.502
9711,0,1,0.05,0.06,10,7,23,54.656,508,376,371,1127,30.536
9712,0,1,0.67,0.67,14,12,22,46.896,191,254,545,917,30.064
9713,0,1,3.16,3.17,23,16,40,90.203,385,242,66,930,30.334
9714,0,1,11.40,11.41,20,15,28,52.696,391,403,121,1190,33.281
9715,0,1,1.38,1.39,21,14,30,68.356,202,1288,562,553,32.737
9716,0,1,1.22,1.23,12,10,20,42.663,574,908,312,172,31.250
9717,0,1,0.19,0.19,9,9,22,46.636,318,201,346,1140,37.577
9718,0,1,0.20,0.21,15,11,29,70.662,323,1175,547,34,46.511
9719,0,1,4.51,4.51,15,13,31,66.551,410,22,418,1331,52.361
9720,0,1,7.81,7.83,24,20,36,75.879,521,393,107,1332,41.049
9721,0,1,9.76,9.78,19,16,34,74.708,139,136,500,1232,46.157
9722,0,1,0.06,0.06,5,5,16,37.748,213,276,490,1004,31.157
9723,0,1,0.37,0.37,14,8,22,52.443,524,353,199,1154,34.577
9724,0,1,0.03,0.03,8,7,22,49.638,370,1264,200,458,32.949
9725,0,1,0.19,0.19,10,7,18,42.542,138,37,423,783,31.943
9726,0,1,8.26,8.27,15,9,24,50.564,229,1361,194,119,49.700
9727,0,1,1.93,1.94,15,13,31,71.312,534,41,142,1330,53.892
9728,0,1,0.02,0.03,6,5,16,40.263,188,28,535,703,30.359
9729,0,1,0.16,0.17,8,8,19,40.790,267,968,516,167,33.552
9730,0,1,5.17,5.17,16,13,29,65.883,126,1223,106,329,35.769
9731,0,1,0.16,0.16,8,6,18,45.693,292,1091,293,181,36.400
9732,0,1,1.29,1.30,18,13,31,70.193,143,996,487,130,37.273
9733,0,1,2.24,2.25,27,22,42,92.113,21,1271,593,58,53.644
9734,0,1,0.09,0.09,9,6,20,49.103,504,141,236,1042,37.601
9735,0,1,0.92,0.93,13,8,19,40.179,219,1177,133,232,37.956
9736,0,1,2.92,2.92,12,8,21,47.167,428,277,130,1276,41.700
9737,0,1,0.48,0.49,16,15,30,61.880,569,1015,398,55,39.004
9738,0,1,0.03,0.04,8,6,19,44.423,254,72,409,1026,38.660
9739,0,1,0.05,0.06,8,7,21,47.552,244,1148,79,340,32.987
9740,0,1,0.03,0.03,7,6,18,43.269,460,194,231,1084,36.760
9741,0,1,7.23,7.24,20,14,23,43.989,205,19,101,961,37.909
9742,0,1,1.08,1.09,16,13,28,57.633,278,144,418,1185,42.015
9743,0,1,0.17,0.18,8,6,18,42.064,434,1192,500,201,39.728
9744,0,1,0.26,0.27,15,9,25,57.475,446,1129,486,165,38.593
9745,0,1,3.04,3.05,13,10,24,52.601,501,128,526,1075,37.893
9746,0,1,0.02,0.03,8,7,18,37.188,436,370,477,1126,30.284
9747,0,0,500.01,500.01,0,0,0,0.000,285,57,591,874,34.897
9748,0,1,41.86,41.87,16,8,23,52.368,463,394,531,1240,33.949
9749,0,1,2.94,2.96,26,19,41,84.349,552,35,546,814,31.161
9750,0,1,0.64,0.65,16,11,26,58.799,125,1275,220,499,31.272
9751,0,1,0.21,0.22,12,8,25,67.259,396,56,346,1162,44.285
9752,0,1,0.20,0.21,8,7,21,48.157,455,907,116,43,37.125
9753,0,1,7.90,7.91,25,16,26,51.521,251,34,124,946,36.832
9754,0,1,1.57,1.58,20,14,34,78.607,349,1252,130,182,43.687
9755,0,1,6.15,6.16,19,13,23,45.301,302,444,592,1143,30.271
9756,0,1,0.33,0.34,14,12,25,54.294,326,1187,75,234,39.420
9757,0,1,14.17,14.18,19,18,30,54.128,122,1313,358,408,37.411
9758,0,1,3.96,3.97,23,17,34,72.521,226,1296,566,558,32.502
9759,0,1,0.42,0.42,7,5,16,37.426,429,1080,508,199,35.381
9760,0,1,0.10,0.10,7,4,16,40.007,425,1092,499,108,39.471
9761,0,1,1.59,1.60,18,14,30,65.933,344,1165,262,186,39.297
9762,0,1,7.62,7.63,17,14,26,52.569,464,1383,360,264,44.953
9763,0,1,0.12,0.12,11,8,25,62.989,421,60,271,1315,50.557
9764,0,1,0.03,0.04,6,5,21,51.628,263,1257,278,30,49.084
9765,0,1,0.73,0.74,13,11,23,46.775,198,1150,528,347,34.727
9766,0,1,0.07,0.08,7,4,16,41.478,183,147,226,1181,41.396
9767,0,1,0.88,0.89,10,5,15,34.221,479,990,480,166,32.960
9768,0,0,500.02,500.02,0,0,0,0.000,615,865,220,103,34.332
9769,0,1,0.64,0.66,13,9,26,64.220,224,1150,519,154,41.551
9770,0,1,1.98,1.98,11,7,21,49.114,95,1204,445,250,40.647
9771,0,1,80.93,80.95,35,22,37,68.738,65,388,86,1332,37.769
9772,0,1,0.23,0.24,12,6,25,62.905,524,1000,447,176,33.104
9773,0,1,0.92,0.93,18,10,25,58.811,560,1323,329,194,46.096
9774,0,1,0.02,0.02,6,6,18,41.620,448,223,347,1215,39.885
9775,0,0,500.01,500.01,0,0,0,0.000,283,315,270,1217,36.084
9776,0,1,0.27,0.28,15,10,25,60.412,279,120,224,1107,39.541
9777,0,1,0.43,0.44,11,11,26,58.557,386,1137,57,45,45.619
9778,0,1,0.76,0.77,16,11,25,57.628,492,994,288,56,38.397
9779,0,0,500.01,500.01,0,0,0,0.000,289,152,606,857,30.920
9780,0,1,0.22,0.23,11,8,27,66.038,389,1103,427,52,42.067
9781,0,1,1.29,1.30,22,12,33,82.200,363,1334,294,115,48.838
9782,0,1,0.32,0.33,13,7,21,50.712,300,1283,393,112,46.987
9783,0,1,0.03,0.04,6,4,18,49.042,201,36,281,1249,48.625
9784,0,1,0.20,0.21,12,7,20,44.361,259,162,282,923,30.454
9785,0,1,36.22,36.23,19,16,35,70.438,103,420,123,1197,31.090
9786,0,1,1.54,1.54,14,11,20,40.241,303,456,368,1281,33.102
9787,0,1,0.03,0.03,6,4,17,42.247,77,52,197,960,36.636
9788,0,1,0.22,0.24,16,12,30,67.441,237,33,134,1158,45.188
9789,0,1,0.13,0.14,6,6,17,38.183,169,261,283,1162,36.327
9790,0,1,3.43,3.43,22,20,37,68.106,524,1337,109,231,47.252
9791,0,1,2.62,2.62,15,7,21,49.750,540,317,305,1119,33.429
9792,0,1,13.15,13.16,39,22,38,79.555,299,761,567,23,31.406
9793,0,1,1.35,1.36,21,14,36,80.654,174,1078,142,131,37.902
9794,0,1,3.21,3.22,13,13,25,50.493,616,300,590,1140,33.616
9795,0,1,1.03,1.04,24,15,36,82.016,535,497,321,1316,33.860
9796,0,1,0.22,0.22,14,11,31,71.204,112,1146,266,26,45.222
9797,0,0,500.01,500.01,0,0,0,0.000,315,1000,253,240,30.501
9798,0,1,1.97,1.98,21,11,30,70.201,528,1147,489,37,44.427
9799,0,1,2.30,2.31,11,8,17,35.853,525,1236,468,438,32.001
9800,0,1,0.06,0.06,6,5,20,49.260,529,187,196,1223,43.528
9801,0,1,26.59,26.60,15,12,28,55.156,47,1142,213,163,39.719
9802,0,1,2.49,2.50,14,11,21,44.739,95,40,30,944,36.253
9803,0,1,0.21,0.21,15,9,27,62.387,135,60,230,1012,38.269
9804,0,1,0.12,0.13,11,10,21,44.773,417,1115,109,328,33.805
9805,0,1,7.87,7.88,19,12,29,61.692,118,114,564,1285,50.122
9806,0,1,0.25,0.25,13,10,30,71.082,547,1251,512,62,47.581
9807,0,1,7.88,7.90,25,19,39,84.138,111,1235,568,20,51.924
9808,0,1,3.55,3.56,10,7,18,39.140,465,371,445,1300,37.169
9809,0,1,1.01,1.01,14,11,30,70.673,604,466,313,1285,34.766
9810,0,1,0.31,0.32,12,6,19,50.279,584,294,133,1142,38.419
9811,0,1,0.06,0.06,13,9,29,67.278,459,1378,529,200,47.203
9812,0,1,0.21,0.21,10,7,20,50.327,235,999,430,203,32.781
9813,0,1,4.13,4.14,25,17,36,77.078,83,106,132,1334,49.159
9814,0,1,7.73,7.73,11,10,24,56.251,187,169,602,1315,48.753
9815,0,1,0.04,0.04,6,6,19,43.991,212,145,348,1141,40.210
9816,0,1,4.40,4.41,23,15,30,68.169,152,1194,127,212,39.293
9817,0,1,0.53,0.54,14,10,27,63.857,128,199,259,1316,44.986
9818,0,1,0.02,0.02,6,3,17,46.015,187,1235,209,89,45.848
9819,0,1,25.54,25.55,25,17,31,61.059,119,151,531,1040,39.193
9820,0,1,1.61,1.62,23,14,34,74.574,426,1334,256,79,50.658
9821,0,1,0.10,0.11,13,9,32,78.444,608,17,407,902,36.302
9822,0,1,16.51,16.52,19,13,27,53.915,342,280,525,1199,37.482
9823,0,1,0.14,0.15,10,8,19,43.072,522,775,98,31,34.253
9824,0,1,0.02,0.03,4,4,14,33.462,182,1294,193,467,33.083
9825,0,1,0.05,0.05,7,7,18,42.002,175,380,313,1311,37.647
9826,0,1,0.38,0.39,10,8,21,47.353,211,1089,102,132,38.527
9827,0,1,0.10,0.11,9,7,26,63.967,255,26,374,1151,45.251
9828,0,1,31.12,31.13,27,17,31,57.941,563,250,592,1210,38.418
9829,0,1,0.07,0.07,8,7,20,47.571,346,1279,458,420,34.651
9830,0,1,0.03,0.03,6,5,17,43.735,395,1127,472,300,33.223
9831,0,1,2.05,2.06,13,10,22,44.752,445,1146,617,300,34.532
9832,0,1,0.10,0.10,8,7,17,35.710,156,1326,216,485,33.726
9833,0,1,0.08,0.09,7,7,19,42.139,246,1032,226,279,30.131
9834,0,1,5.68,5.69,23,18,29,51.553,567,382,40,931,30.440
9835,0,1,0.12,0.12,9,9,20,46.109,114,1039,573,373,32.354
9836,0,1,7.43,7.44,20,16,27,54.695,507,1277,357,272,40.645
9837,0,1,0.04,0.04,5,4,17,42.522,187,167,354,1185,41.264
9838,0,1,0.02,0.03,7,5,19,47.171,339,1277,541,333,38.615
9839,0,1,1.47,1.48,17,13,22,47.359,265,852,68,56,32.801
9840,0,1,0.24,0.25,11,8,21,49.774,193,334,543,1239,38.813
9841,0,1,0.74,0.74,8,6,18,40.820,357,1252,495,329,37.330
9842,0,1,1.75,1.75,17,15,34,66.510,136,59,99,1206,45.904
9843,0,1,0.04,0.05,5,3,14,38.082,241,1013,195,73,37.645
9844,0,1,1.67,1.68,21,16,33,65.404,609,1017,478,32,39.747
9845,0,1,0.04,0.04,6,5,18,45.025,315,196,354,1174,39.151
9846,0,1,0.06,0.06,11,9,30,73.836,155,1070,105,135,37.453
9847,0,1,0.23,0.24,8,7,23,55.790,243,1068,400,15,42.586
9848,0,1,0.03,0.05,7,5,23,56.795,503,16,206,975,40.157
9849,0,1,0.13,0.14,14,13,34,79.197,285,1166,383,58,44.493
9850,0,1,39.38,39.39,27,16,32,59.323,499,491,156,1188,31.073
9851,0,1,0.26,0.26,10,8,20,48.138,441,1142,612,92,42.553
9852,0,1,1.68,1.68,14,12,28,63.284,516,1228,317,59,47.433
9853,0,1,1.10,1.11,23,18,32,66.743,86,102,410,1136,43.343
9854,0,1,0.06,0.06,8,8,25,59.046,137,1160,188,202,38.374
9855,0,1,12.11,12.12,18,14,30,60.040,127,179,491,1085,39.055
9856,0,1,0.39,0.40,16,11,25,58.198,357,1060,496,182,35.557
9857,0,1,0.85,0.86,15,11,28,55.413,441,1048,39,371,31.494
9858,0,1,8.33,8.34,16,14,33,70.077,60,1320,188,352,39.057
9859,0,1,3.14,3.15,12,8,17,38.393,465,456,421,1354,35.963
9860,0,1,0.07,0.08,7,7,20,45.403,269,41,282,1070,41.163
9861,0,1,0.43,0.43,14,9,26,60.808,310,1313,509,293,41.569
9862,0,1,0.44,0.45,17,12,29,64.581,498,1207,206,256,39.793
9863,0,1,0.07,0.07,5,3,15,37.585,481,208,416,1112,36.253
9864,0,1,0.14,0.14,9,9,24,56.233,400,1223,276,128,44.080
9865,0,1,17.72,17.73,25,21,36,70.914,489,1210,332,199,40.925
9866,0,1,1.38,1.39,20,14,32,67.231,370,783,547,26,31.097
9867,0,1,0.03,0.04,5,4,16,38.570,199,156,201,1118,38.480
9868,0,1,0.03,0.04,7,6,21,51.721,340,1214,140,15,48.623
9869,0,1,1.23,1.24,21,13,34,83.062,382,21,536,809,32.116
9870,0,1,0.02,0.02,4,4,14,32.327,427,402,373,1199,31.953
9871,0,1,0.43,0.44,16,9,30,73.032,573,482,209,1182,31.559
9872,0,1,0.82,0.83,18,12,24,49.091,106,1192,211,254,37.754
9873,0,1,1.43,1.44,15,9,22,51.360,364,1337,385,188,45.968
9874,0,1,0.71,0.71,15,11,25,59.754,302,199,188,997,32.244
9875,0,1,0.29,0.30,15,9,26,61.020,536,454,315,1319,35.711
9876,0,1,0.16,0.18,8,6,18,43.346,444,196,330,1239,41.968
9877,0,1,0.16,0.17,13,10,31,72.640,453,58,461,1038,39.201
9878,0,1,8.31,8.32,14,10,19,37.212,384,421,435,1324,36.178
9879,0,1,0.12,0.13,7,7,22,50.305,417,42,48,936,38.686
9880,0,1,0.84,0.84,9,8,19,43.447,431,395,602,1317,37.509
9881,0,1,25.50,25.51,23,16,30,66.499,145,140,561,1328,50.349
9882,0,1,7.96,7.97,24,18,26,50.914,24,298,568,1006,35.714
9883,0,1,0.55,0.55,13,10,26,61.257,438,971,449,52,36.763
9884,0,1,0.10,0.11,11,9,28,67.222,408,44,313,1199,46.356
9885,0,1,87.82,87.84,26,17,28,53.424,539,332,104,1236,40.129
9886,0,1,16.05,16.06,13,12,24,50.590,141,223,453,1325,45.813
9887,0,1,0.05,0.06,8,7,24,56.772,179,49,486,1133,45.065
9888,0,1,7.90,7.91,25,21,40,77.051,198,1374,144,432,37.742
9889,0,1,0.08,0.08,8,7,20,45.724,277,1294,118,336,38.844
9890,0,1,0.23,0.23,11,10,25,58.749,301,1185,44,383,33.687
9891,0,1,1.47,1.48,17,14,34,75.896,258,1035,331,12,41.024
9892,0,1,32.51,32.52,18,11,23,41.776,184,363,112,1250,35.597
9893,0,1,0.06,0.06,9,7,18,39.516,194,426,287,1341,36.789
9894,0,1,2.97,2.98,17,16,35,74.149,575,1323,113,93,52.556
9895,0,1,0.33,0.34,14,12,23,44.881,263,88,384,957,35.095
9896,0,1,1.78,1.78,10,6,22,54.061,450,181,100,1275,45.945
9897,0,1,0.48,0.49,23,10,27,62.025,509,340,335,1340,40.601
9898,0,1,0.37,0.38,14,14,35,78.585,459,56,91,1328,52.967
9899,0,1,3.08,3.09,16,10,26,55.355,293,1205,508,416,32.711
9900,0,1,0.04,0.04,7,5,17,40.535,232,252,257,1252,40.012
9901,0,1,1.90,1.90,17,12,28,58.948,428,1357,545,442,36.898
9902,0,1,0.02,0.02,6,5,16,38.410,438,1090,612,294,32.592
9903,0,1,0.07,0.08,11,8,25,62.268,107,59,433,946,37.800
9904,0,1,0.15,0.16,15,12,28,65.297,171,958,113,190,30.807
9905,0,1,26.37,26.38,23,18,31,59.273,189,272,419,1262,40.655
9906,0,1,3.18,3.19,14,13,23,43.171,454,488,147,1324,35.623
9907,0,1,6.75,6.75,17,14,25,49.197,352,252,618,1196,39.230
9908,0,1,0.12,0.12,10,8,26,61.643,65,1329,415,260,44.994
9909,0,1,0.51,0.51,10,7,17,37.765,528,178,442,991,32.701
9910,0,1,0.29,0.29,8,7,22,51.402,594,145,274,1099,40.250
9911,0,1,0.57,0.58,14,11,23,52.744,514,337,194,1132,34.279
9912,0,1,2.42,2.43,21,15,31,64.524,514,157,613,1153,40.036
9913,0,1,7.65,7.66,27,21,38,83.994,126,315,36,1194,35.344
9914,0,1,0.05,0.05,11,9,27,61.180,80,424,466,1108,31.416
9915,0,1,0.37,0.38,8,5,16,37.720,203,61,167,984,36.948
9916,0,1,0.78,0.79,16,13,27,58.249,297,1231,90,439,32.744
9917,0,1,0.07,0.08,11,5,22,55.374,244,1225,267,14,48.449
9918,0,1,0.54,0.55,16,9,23,51.852,510,1268,391,175,43.978
9919,0,1,0.03,0.03,6,6,19,43.016,457,384,145,1105,31.424
9920,0,1,0.11,0.12,7,4,18,44.499,428,1298,457,194,44.175
9921,0,1,1.58,1.59,22,15,37,81.084,184,149,533,917,33.743
9922,0,1,0.07,0.08,8,8,19,43.005,288,957,451,179,31.796
9923,0,1,0.29,0.29,13,13,27,55.030,262,94,272,1031,37.482
9924,0,1,3.18,3.19,15,9,19,40.857,323,245,448,1033,31.914
9925,0,1,0.03,0.03,5,5,18,42.319,183,159,339,1171,40.958
9926,0,1,5.59,5.60,17,11,23,50.203,190,1215,107,416,32.132
9927,0,1,2.18,2.19,19,11,21,39.773,183,979,145,181,31.956
9928,0,1,0.45,0.45,11,6,16,35.972,105,98,210,943,34.060
9929,0,1,0.35,0.36,13,10,29,65.205,446,1337,273,121,49.130
9930,0,0,500.01,500.01,0,0,0,0.000,280,330,529,1139,33.858
9931,0,0,500.04,500.04,0,0,0,0.000,302,326,144,1092,31.285
9932,0,1,1.05,1.07,16,8,20,47.433,320,265,327,1205,37.601
9933,0,1,0.50,0.51,13,10,27,65.405,178,1110,102,16,43.865
9934,0,1,0.12,0.12,11,8,21,41.220,284,87,339,904,32.754
9935,0,1,4.75,4.77,25,15,29,55.482,488,201,167,1045,36.119
9936,0,1,0.04,0.05,7,5,23,58.769,269,163,308,1188,41.030
9937,0,1,2.42,2.43,13,9,21,44.569,261,1153,501,360,33.141
9938,0,1,35.84,35.85,21,20,34,55.695,126,246,165,1038,31.718
9939,0,1,9.86,9.88,15,12,28,62.944,306,32,207,1356,53.108
9940,0,1,1.27,1.28,21,14,32,74.480,447,24,365,1250,49.150
9941,0,1,0.56,0.57,17,11,27,62.126,166,65,439,1176,45.762
9942,0,1,0.03,0.04,7,6,21,50.999,425,884,391,37,33.907
9943,0,1,5.54,5.55,14,11,26,54.706,126,321,493,1208,38.397
9944,0,1,0.08,0.09,12,10,28,63.272,125,127,428,1134,42.064
9945,0,1,10.33,10.34,28,22,35,66.135,223,1324,619,369,41.354
9946,0,0,500.01,500.01,0,0,0,0.000,352,1183,611,223,39.773
9947,0,1,58.11,58.12,21,18,37,73.863,80,1127,165,46,43.373
9948,0,1,1.72,1.73,14,9,23,52.984,183,1114,539,355,33.534
9949,0,1,2.81,2.82,23,12,34,80.480,513,1086,263,114,40.145
9950,0,1,0.13,0.14,11,9,24,57.656,217,89,315,1213,45.131
9951,0,1,0.46,0.47,17,12,29,63.991,579,1213,185,56,48.890
9952,0,0,500.01,500.01,0,0,0,0.000,287,312,463,1387,43.572
9953,0,1,0.19,0.20,7,7,23,53.598,455,813,547,15,32.131
9954,0,1,0.02,0.03,9,6,23,53.876,240,271,338,1176,36.412
9955,0,1,0.12,0.12,9,5,17,43.476,386,54,186,860,33.218
9956,0,1,1.94,1.95,21,14,28,65.162,118,15,102,910,35.806
9957,0,1,0.30,0.30,8,7,26,62.439,185,1283,497,26,51.806
9958,0,1,0.06,0.06,7,5,22,53.987,564,1160,209,73,45.740
9959,0,1,0.42,0.43,13,10,28,64.112,76,845,356,34,34.319
9960,0,1,0.89,0.90,19,16,25,56.977,52,1337,603,820,30.223
9961,0,1,35.92,35.93,27,20,36,71.664,96,1319,607,167,50.410
9962,0,1,140.00,140.02,28,19,33,59.461,202,284,150,1312,41.173
9963,0,1,4.75,4.76,20,11,25,52.699,592,1199,188,385,36.350
9964,0,1,0.11,0.12,10,7,24,60.070,44,386,352,1244,36.464
9965,0,1,10.62,10.63,22,14,29,58.806,46,1187,499,405,36.149
9966,0,1,0.09,0.10,9,6,19,42.902,528,203,368,1178,39.522
9967,0,1,2.67,2.68,18,12,27,62.446,278,1136,44,390,31.274
9968,0,1,0.46,0.47,17,14,31,71.130,189,1008,467,43,40.170
9969,0,1,63.97,63.98,18,13,24,46.944,269,1253,378,390,34.794
9970,0,1,0.10,0.10,12,6,26,66.346,416,16,257,1333,53.063
9971,0,1,0.28,0.29,11,9,24,57.879,420,1012,472,49,38.576
9972,0,1,0.03,0.03,8,7,20,47.419,313,1303,193,398,36.517
9973,0,1,2.38,2.39,19,18,35,70.898,411,1339,419,38,52.041
9974,0,1,0.30,0.31,10,9,19,44.834,123,342,480,1038,31.289
9975,0,1,7.24,7.25,15,14,29,58.286,494,1264,184,280,41.267
9976,0,1,0.95,0.95,13,7,19,44.532,415,197,361,1249,42.135
9977,0,1,2.57,2.58,15,12,23,52.598,281,956,254,199,30.299
9978,0,1,0.51,0.52,13,9,25,59.176,277,1318,401,25,51.957
9979,0,1,0.35,0.35,12,7,20,48.056,352,1279,401,125,46.202
9980,0,1,1.67,1.68,17,12,26,57.382,235,1114,583,24,45.768
9981,0,1,0.07,0.07,9,8,30,70.989,109,1150,72,41,44.385
9982,0,1,0.30,0.30,12,8,23,55.165,439,893,410,45,33.940
9983,0,1,0.10,0.10,12,11,32,75.600,353,1329,400,497,33.333
9984,0,1,2.44,2.46,24,12,31,74.050,204,87,551,834,32.946
9985,0,1,0.51,0.52,16,11,27,67.804,144,192,197,1068,35.104
9986,0,1,20.09,20.10,21,18,34,62.173,568,303,132,1195,39.714
9987,0,1,15.99,16.00,13,11,23,46.016,200,344,488,1187,35.634
9988,0,1,0.33,0.34,13,10,26,56.350,85,95,36,1190,43.844
9989,0,1,0.15,0.16,11,8,21,51.773,147,1001,587,288,33.513
9990,0,0,500.01,500.01,0,0,0,0.000,349,317,166,1314,40.546
9991,0,1,23.40,23.42,23,19,35,69.744,397,50,525,1327,51.336
9992,0,1,14.23,14.24,24,16,34,67.640,273,275,495,1199,38.012
9993,0,1,0.02,0.02,6,6,20,45.862,405,253,232,1067,33.287
9994,0,1,0.11,0.11,10,10,22,50.664,312,1110,524,300,33.491
9995,0,1,0.06,0.07,9,5,19,46.748,238,1215,416,274,38.307
9996,0,1,2.17,2.18,16,13,33,71.657,132,151,223,1323,47.021
9997,0,1,0.04,0.04,7,6,23,55.144,324,1345,254,248,43.969
9998,0,1,0.07,0.07,6,5,18,43.816,298,1292,249,287,40.248
9999,0,1,7.38,7.39,15,13,33,69.463,606,1318,126,31,54.944
